ISO-10303-21;
HEADER;
FILE_DESCRIPTION (( 'STEP AP214' ),
    '1' );
FILE_NAME ('4490FB7E-0BD2-40B7-AA48-13DE14620EA8.STEP',
    '2024-08-02T05:25:07',
    ( '' ),
    ( '' ),
    'SwSTEP 2.0',
    'SolidWorks 2022',
    '' );
FILE_SCHEMA (( 'AUTOMOTIVE_DESIGN' ));
ENDSEC;

DATA;
#1 = VECTOR ( 'NONE', #4360, 39.37007874015748143 ) ;
#2 = VERTEX_POINT ( 'NONE', #2445 ) ;
#3 = LINE ( 'NONE', #3107, #2519 ) ;
#4 = AXIS2_PLACEMENT_3D ( 'NONE', #150, #1742, #4572 ) ;
#5 = FACE_OUTER_BOUND ( 'NONE', #2964, .T. ) ;
#6 = FACE_OUTER_BOUND ( 'NONE', #619, .T. ) ;
#7 = VERTEX_POINT ( 'NONE', #2477 ) ;
#8 = COLOUR_RGB ( '',0.7529411764705882248, 0.7529411764705882248, 0.7529411764705882248 ) ;
#9 = VERTEX_POINT ( 'NONE', #1211 ) ;
#10 = VERTEX_POINT ( 'NONE', #2863 ) ;
#11 = LINE ( 'NONE', #4801, #3450 ) ;
#12 = CARTESIAN_POINT ( 'NONE',  ( -0.01666666666666664562, 0.02000000000000000042, -0.07199999999999996680 ) ) ;
#13 = AXIS2_PLACEMENT_3D ( 'NONE', #636, #2276, #678 ) ;
#14 = AXIS2_PLACEMENT_3D ( 'NONE', #2913, #554, #2524 ) ;
#15 = EDGE_CURVE ( 'NONE', #957, #3084, #2034, .T. ) ;
#16 = EDGE_LOOP ( 'NONE', ( #357, #4691, #3209, #3194 ) ) ;
#17 = CARTESIAN_POINT ( 'NONE',  ( -0.05500000000000000028, 0.02000000000000000042, -0.07199999999999996680 ) ) ;
#18 = ORIENTED_EDGE ( 'NONE', *, *, #4128, .F. ) ;
#19 = CARTESIAN_POINT ( 'NONE',  ( 0.06650453896958853639, 0.1433333333333333404, -0.06650453896958856415 ) ) ;
#20 = LINE ( 'NONE', #1561, #2857 ) ;
#21 = EDGE_CURVE ( 'NONE', #3084, #10, #998, .T. ) ;
#22 = EDGE_CURVE ( 'NONE', #4833, #2910, #4866, .T. ) ;
#23 = AXIS2_PLACEMENT_3D ( 'NONE', #5041, #3453, #4156 ) ;
#24 = B_SPLINE_CURVE_WITH_KNOTS ( 'NONE', 2,
 ( #546, #3742, #3359 ),
 .UNSPECIFIED., .F., .F.,
 ( 3, 3 ),
 ( 0.0000000000000000000, 1.000000000000000000 ),
 .UNSPECIFIED. ) ;
#25 = DIRECTION ( 'NONE',  ( 1.000000000000000000, 0.0000000000000000000, 0.0000000000000000000 ) ) ;
#26 = CARTESIAN_POINT ( 'NONE',  ( 0.1541028830034117947, 0.02000000000000000042, -0.06099999999999999173 ) ) ;
#27 = CARTESIAN_POINT ( 'NONE',  ( -0.1541028830034118224, 0.01000000000000000021, -0.08500000004565745615 ) ) ;
#28 = AXIS2_PLACEMENT_3D ( 'NONE', #3477, #2294, #2237 ) ;
#29 = FACE_OUTER_BOUND ( 'NONE', #2555, .T. ) ;
#30 = LINE ( 'NONE', #4820, #3934 ) ;
#31 = DIRECTION ( 'NONE',  ( 0.0000000000000000000, 0.0000000000000000000, 1.000000000000000000 ) ) ;
#32 = EDGE_CURVE ( 'NONE', #2366, #4104, #1828, .T. ) ;
#33 = PRESENTATION_STYLE_ASSIGNMENT (( #3648 ) ) ;
#34 = ORIENTED_EDGE ( 'NONE', *, *, #916, .F. ) ;
#35 = VERTEX_POINT ( 'NONE', #1672 ) ;
#36 = ADVANCED_FACE ( 'NONE', ( #4813 ), #3255, .T. ) ;
#37 = VERTEX_POINT ( 'NONE', #3292 ) ;
#38 = PLANE ( 'NONE',  #4703 ) ;
#39 = B_SPLINE_CURVE_WITH_KNOTS ( 'NONE', 3,
 ( #4999, #1308, #3275, #4162 ),
 .UNSPECIFIED., .F., .F.,
 ( 4, 4 ),
 ( 0.0000000000000000000, 1.000000000000000000 ),
 .UNSPECIFIED. ) ;
#40 = ORIENTED_EDGE ( 'NONE', *, *, #1805, .F. ) ;
#41 = AXIS2_PLACEMENT_3D ( 'NONE', #4116, #586, #4544 ) ;
#42 = DIRECTION ( 'NONE',  ( 0.0000000000000000000, 0.0000000000000000000, 1.000000000000000000 ) ) ;
#43 = ORIENTED_EDGE ( 'NONE', *, *, #782, .T. ) ;
#44 = CARTESIAN_POINT ( 'NONE',  ( -0.07650453896958855915, 0.2049999333333333562, -0.07650453896958855915 ) ) ;
#45 = DIRECTION ( 'NONE',  ( 1.000000000000000000, 0.0000000000000000000, 0.0000000000000000000 ) ) ;
#46 = FILL_AREA_STYLE_COLOUR ( '', #552 ) ;
#47 = CARTESIAN_POINT ( 'NONE',  ( -0.1541028830034118224, 0.01000000000000000021, 0.08500000004565745615 ) ) ;
#48 = ORIENTED_EDGE ( 'NONE', *, *, #32, .T. ) ;
#49 = CARTESIAN_POINT ( 'NONE',  ( -0.06250000000000000000, 0.07166666666666667018, 0.07199999999999998068 ) ) ;
#50 = LINE ( 'NONE', #2389, #1210 ) ;
#51 = ADVANCED_FACE ( 'NONE', ( #2006 ), #1896, .F. ) ;
#52 = DIRECTION ( 'NONE',  ( -0.0000000000000000000, -1.000000000000000000, -0.0000000000000000000 ) ) ;
#53 = LINE ( 'NONE', #3264, #1785 ) ;
#54 = LINE ( 'NONE', #1370, #415 ) ;
#55 = DIRECTION ( 'NONE',  ( 0.0000000000000000000, 1.000000000000000000, 0.0000000000000000000 ) ) ;
#56 = ORIENTED_EDGE ( 'NONE', *, *, #2674, .F. ) ;
#57 = VERTEX_POINT ( 'NONE', #1619 ) ;
#58 = ADVANCED_FACE ( 'NONE', ( #1293 ), #3106, .T. ) ;
#59 = ORIENTED_EDGE ( 'NONE', *, *, #2041, .F. ) ;
#60 = CARTESIAN_POINT ( 'NONE',  ( -0.1219999999999994977, 0.02567333688023188190, 0.08500000004565745615 ) ) ;
#61 = DIRECTION ( 'NONE',  ( 0.0000000000000000000, 0.0000000000000000000, 1.000000000000000000 ) ) ;
#62 = CARTESIAN_POINT ( 'NONE',  ( 0.1219999999999995255, 0.01567333688023188343, -0.1219999999999999835 ) ) ;
#63 = LINE ( 'NONE', #1283, #3118 ) ;
#64 = ORIENTED_EDGE ( 'NONE', *, *, #4738, .T. ) ;
#65 = CARTESIAN_POINT ( 'NONE',  ( -0.1120000000000000162, 0.07166666666666667018, -0.1319999999999999785 ) ) ;
#66 = ORIENTED_EDGE ( 'NONE', *, *, #4502, .F. ) ;
#67 = CARTESIAN_POINT ( 'NONE',  ( 0.1649970392176944578, 0.01000000000000000021, 0.08500000004565745615 ) ) ;
#68 = CARTESIAN_POINT ( 'NONE',  ( 0.1319999999999999785, 0.1433333333333333404, -0.1319999999999999785 ) ) ;
#69 = VECTOR ( 'NONE', #445, 39.37007874015748143 ) ;
#70 =( NAMED_UNIT ( * ) PLANE_ANGLE_UNIT ( ) SI_UNIT ( $, .RADIAN. ) );
#71 = LINE ( 'NONE', #2413, #1473 ) ;
#72 = COLOUR_RGB ( '',0.7529411764705882248, 0.7529411764705882248, 0.7529411764705882248 ) ;
#73 = LINE ( 'NONE', #2124, #4292 ) ;
#74 = DIRECTION ( 'NONE',  ( 0.0000000000000000000, 0.0000000000000000000, 1.000000000000000000 ) ) ;
#75 = FACE_OUTER_BOUND ( 'NONE', #2854, .T. ) ;
#76 = DIMENSIONAL_EXPONENTS ( 1.000000000000000000, 0.0000000000000000000, 0.0000000000000000000, 0.0000000000000000000, 0.0000000000000000000, 0.0000000000000000000, 0.0000000000000000000 ) ;
#77 = DIRECTION ( 'NONE',  ( -0.0000000000000000000, 0.0000000000000000000, 1.000000000000000000 ) ) ;
#78 = EDGE_CURVE ( 'NONE', #119, #4575, #5123, .T. ) ;
#79 = VECTOR ( 'NONE', #3053, 39.37007874015748143 ) ;
#80 = CARTESIAN_POINT ( 'NONE',  ( 0.05000000000000000278, 0.02000000000000000042, 0.08199999999999998956 ) ) ;
#81 = FACE_OUTER_BOUND ( 'NONE', #3989, .T. ) ;
#82 = CIRCLE ( 'NONE', #680, 0.009999999999999995004 ) ;
#83 = EDGE_CURVE ( 'NONE', #3343, #1401, #3894, .T. ) ;
#84 = VERTEX_POINT ( 'NONE', #309 ) ;
#85 = ORIENTED_EDGE ( 'NONE', *, *, #1567, .T. ) ;
#86 = VECTOR ( 'NONE', #3314, 39.37007874015748143 ) ;
#87 = ORIENTED_EDGE ( 'NONE', *, *, #3190, .F. ) ;
#88 = DIRECTION ( 'NONE',  ( -1.000000000000000000, -0.0000000000000000000, -0.0000000000000000000 ) ) ;
#89 = DIRECTION ( 'NONE',  ( 0.0000000000000000000, 0.0000000000000000000, 1.000000000000000000 ) ) ;
#90 = LINE ( 'NONE', #1380, #2527 ) ;
#91 = DIRECTION ( 'NONE',  ( -0.0000000000000000000, -0.0000000000000000000, 1.000000000000000000 ) ) ;
#92 = MECHANICAL_DESIGN_GEOMETRIC_PRESENTATION_REPRESENTATION (  '', ( #4637 ), #3694 ) ;
#93 = STYLED_ITEM ( 'NONE', ( #3847 ), #2267 ) ;
#94 = ORIENTED_EDGE ( 'NONE', *, *, #1130, .T. ) ;
#95 = CARTESIAN_POINT ( 'NONE',  ( -0.05500000000000000028, 0.0000000000000000000, -0.09199999999999997069 ) ) ;
#96 = AXIS2_PLACEMENT_3D ( 'NONE', #1470, #4692, #648 ) ;
#97 = DIRECTION ( 'NONE',  ( 1.000000000000000000, 0.0000000000000000000, 0.0000000000000000000 ) ) ;
#98 =( GEOMETRIC_REPRESENTATION_CONTEXT ( 3 ) GLOBAL_UNCERTAINTY_ASSIGNED_CONTEXT ( ( #4726 ) ) GLOBAL_UNIT_ASSIGNED_CONTEXT ( ( #3347, #4926, #562 ) ) REPRESENTATION_CONTEXT ( 'NONE', 'WORKASPACE' ) );
#99 = EDGE_CURVE ( 'NONE', #3502, #3018, #1114, .T. ) ;
#100 = CIRCLE ( 'NONE', #1034, 0.009999999999999995004 ) ;
#101 = ORIENTED_EDGE ( 'NONE', *, *, #5047, .F. ) ;
#102 = FACE_OUTER_BOUND ( 'NONE', #4848, .T. ) ;
#103 = EDGE_CURVE ( 'NONE', #4402, #572, #389, .T. ) ;
#104 = LINE ( 'NONE', #2918, #4947 ) ;
#105 = FILL_AREA_STYLE ('',( #474 ) ) ;
#106 = LINE ( 'NONE', #920, #2701 ) ;
#107 = PRESENTATION_LAYER_ASSIGNMENT (  '', '', ( #3542 ) ) ;
#108 = DIRECTION ( 'NONE',  ( 1.000000000000000000, 0.0000000000000000000, 0.0000000000000000000 ) ) ;
#109 = LINE ( 'NONE', #2095, #2899 ) ;
#110 = VECTOR ( 'NONE', #52, 39.37007874015748143 ) ;
#111 = CYLINDRICAL_SURFACE ( 'NONE', #2611, 0.009999999999999995004 ) ;
#112 = DIRECTION ( 'NONE',  ( 0.0000000000000000000, 0.0000000000000000000, 1.000000000000000000 ) ) ;
#113 = CARTESIAN_POINT ( 'NONE',  ( -0.1219999999999994839, 0.02567333688023188190, -0.06099999999999999173 ) ) ;
#114 = PRESENTATION_LAYER_ASSIGNMENT (  '', '', ( #2375 ) ) ;
#115 = DIRECTION ( 'NONE',  ( 0.0000000000000000000, -0.0000000000000000000, 1.000000000000000000 ) ) ;
#116 = ORIENTED_EDGE ( 'NONE', *, *, #1065, .F. ) ;
#117 = ORIENTED_EDGE ( 'NONE', *, *, #4041, .F. ) ;
#118 = CIRCLE ( 'NONE', #3964, 0.009999999999999995004 ) ;
#119 = VERTEX_POINT ( 'NONE', #5208 ) ;
#120 = DIRECTION ( 'NONE',  ( 0.0000000000000000000, 0.0000000000000000000, 1.000000000000000000 ) ) ;
#121 = DIRECTION ( 'NONE',  ( 1.000000000000000000, 0.0000000000000000000, 0.0000000000000000000 ) ) ;
#122 = CARTESIAN_POINT ( 'NONE',  ( -0.06250000000000000000, 0.07166666666666667018, -0.07199999999999998068 ) ) ;
#123 = CIRCLE ( 'NONE', #300, 0.01000000000000000368 ) ;
#124 = ORIENTED_EDGE ( 'NONE', *, *, #2243, .F. ) ;
#125 = DIRECTION ( 'NONE',  ( -0.5594203579408524307, -0.8288841071713995978, 0.0000000000000000000 ) ) ;
#126 = ADVANCED_FACE ( 'NONE', ( #1703 ), #4700, .T. ) ;
#127 = DIRECTION ( 'NONE',  ( -1.000000000000000000, -8.537024980200826748E-16, 0.0000000000000000000 ) ) ;
#128 = CARTESIAN_POINT ( 'NONE',  ( -0.06250000000000000000, 0.07166666666666667018, -0.07199999999999998068 ) ) ;
#129 = SURFACE_STYLE_FILL_AREA ( #152 ) ;
#130 = VECTOR ( 'NONE', #625, 39.37007874015748143 ) ;
#131 = ORIENTED_EDGE ( 'NONE', *, *, #5093, .F. ) ;
#132 = ORIENTED_EDGE ( 'NONE', *, *, #21, .F. ) ;
#133 = FACE_OUTER_BOUND ( 'NONE', #4771, .T. ) ;
#134 = ADVANCED_FACE ( 'NONE', ( #1393 ), #4606, .T. ) ;
#135 = PRESENTATION_STYLE_ASSIGNMENT (( #4551 ) ) ;
#136 = DIRECTION ( 'NONE',  ( 0.8288841071713997088, 0.5594203579408525417, -0.0000000000000000000 ) ) ;
#137 = ADVANCED_FACE ( 'NONE', ( #3000 ), #349, .F. ) ;
#138 = ADVANCED_FACE ( 'NONE', ( #4925 ), #4173, .F. ) ;
#139 = DIRECTION ( 'NONE',  ( 1.115884769084667415E-16, -0.0000000000000000000, 1.000000000000000000 ) ) ;
#140 = CARTESIAN_POINT ( 'NONE',  ( -0.1328941562142821886, 0.02567333688023188190, 0.06100000004565745565 ) ) ;
#141 = ADVANCED_FACE ( 'NONE', ( #532 ), #2179, .F. ) ;
#142 = VERTEX_POINT ( 'NONE', #2892 ) ;
#143 = ORIENTED_EDGE ( 'NONE', *, *, #1259, .T. ) ;
#144 = ORIENTED_EDGE ( 'NONE', *, *, #2397, .T. ) ;
#145 =( NAMED_UNIT ( * ) SI_UNIT ( $, .STERADIAN. ) SOLID_ANGLE_UNIT ( ) );
#146 = CARTESIAN_POINT ( 'NONE',  ( 0.1275788215583597285, 0.01567333688023187302, -0.01200000000000000198 ) ) ;
#147 = DIRECTION ( 'NONE',  ( 0.0000000000000000000, 0.0000000000000000000, 1.000000000000000000 ) ) ;
#148 = ADVANCED_FACE ( 'NONE', ( #2128 ), #890, .F. ) ;
#149 = ORIENTED_EDGE ( 'NONE', *, *, #4368, .T. ) ;
#150 = CARTESIAN_POINT ( 'NONE',  ( 0.1219999999999995255, 0.01567333688023188343, -0.1219999999999999835 ) ) ;
#151 = PLANE ( 'NONE',  #4001 ) ;
#152 = FILL_AREA_STYLE ('',( #1746 ) ) ;
#153 = ORIENTED_EDGE ( 'NONE', *, *, #2925, .F. ) ;
#154 = ORIENTED_EDGE ( 'NONE', *, *, #3057, .F. ) ;
#155 = AXIS2_PLACEMENT_3D ( 'NONE', #2317, #4063, #74 ) ;
#156 = DIRECTION ( 'NONE',  ( 0.0000000000000000000, -1.000000000000000000, 0.0000000000000000000 ) ) ;
#157 = ORIENTED_EDGE ( 'NONE', *, *, #1005, .F. ) ;
#158 = DIRECTION ( 'NONE',  ( 0.0000000000000000000, -1.000000000000000000, 0.0000000000000000000 ) ) ;
#159 = LENGTH_MEASURE_WITH_UNIT ( LENGTH_MEASURE( 0.02539999999999999897 ), #4985 );
#160 = DIRECTION ( 'NONE',  ( 0.0000000000000000000, 0.0000000000000000000, 1.000000000000000000 ) ) ;
#161 = AXIS2_PLACEMENT_3D ( 'NONE', #2409, #1206, #3996 ) ;
#162 = AXIS2_PLACEMENT_3D ( 'NONE', #227, #5022, #4223 ) ;
#163 = EDGE_CURVE ( 'NONE', #3437, #3033, #104, .T. ) ;
#164 = AXIS2_PLACEMENT_3D ( 'NONE', #3131, #4397, #788 ) ;
#165 = ORIENTED_EDGE ( 'NONE', *, *, #2147, .T. ) ;
#166 = EDGE_LOOP ( 'NONE', ( #1631, #2159 ) ) ;
#167 = ORIENTED_EDGE ( 'NONE', *, *, #2674, .T. ) ;
#168 = DIRECTION ( 'NONE',  ( -1.384382429221754630E-16, 1.000000000000000000, -0.0000000000000000000 ) ) ;
#169 = VECTOR ( 'NONE', #4593, 39.37007874015748143 ) ;
#170 = CARTESIAN_POINT ( 'NONE',  ( -0.06249999999999999306, 0.01000000000000000021, -0.07199999999999998068 ) ) ;
#171 = VECTOR ( 'NONE', #2261, 39.37007874015748143 ) ;
#172 = ORIENTED_EDGE ( 'NONE', *, *, #2420, .F. ) ;
#173 = DIRECTION ( 'NONE',  ( 0.0000000000000000000, 0.0000000000000000000, 1.000000000000000000 ) ) ;
#174 = LINE ( 'NONE', #2581, #2079 ) ;
#175 = DIRECTION ( 'NONE',  ( -0.0000000000000000000, -1.000000000000000000, 0.0000000000000000000 ) ) ;
#176 = ADVANCED_FACE ( 'NONE', ( #4261 ), #2328, .T. ) ;
#177 = DIRECTION ( 'NONE',  ( -0.0000000000000000000, -0.0000000000000000000, 1.000000000000000000 ) ) ;
#178 = CIRCLE ( 'NONE', #3111, 0.009999999999999995004 ) ;
#179 = VECTOR ( 'NONE', #3799, 39.37007874015748143 ) ;
#180 = VERTEX_POINT ( 'NONE', #2733 ) ;
#181 = VECTOR ( 'NONE', #4190, 39.37007874015748143 ) ;
#182 = PRESENTATION_LAYER_ASSIGNMENT (  '', '', ( #2108 ) ) ;
#183 = ORIENTED_EDGE ( 'NONE', *, *, #5139, .F. ) ;
#184 = CARTESIAN_POINT ( 'NONE',  ( -0.1275788215583597285, 0.01567333688023187302, 0.01200000004565746244 ) ) ;
#185 = ORIENTED_EDGE ( 'NONE', *, *, #656, .F. ) ;
#186 = SURFACE_SIDE_STYLE ('',( #1444 ) ) ;
#187 = EDGE_CURVE ( 'NONE', #1000, #4435, #3855, .T. ) ;
#188 = DIMENSIONAL_EXPONENTS ( 1.000000000000000000, 0.0000000000000000000, 0.0000000000000000000, 0.0000000000000000000, 0.0000000000000000000, 0.0000000000000000000, 0.0000000000000000000 ) ;
#189 = CARTESIAN_POINT ( 'NONE',  ( 0.1219999999999994977, 0.4884014425523686143, 0.1219999999999999835 ) ) ;
#190 = VECTOR ( 'NONE', #1636, 39.37007874015748143 ) ;
#191 = DIRECTION ( 'NONE',  ( 0.0000000000000000000, 0.0000000000000000000, -1.000000000000000000 ) ) ;
#192 = DIRECTION ( 'NONE',  ( 0.5594203579408524307, -0.8288841071713995978, 0.0000000000000000000 ) ) ;
#193 = VECTOR ( 'NONE', #868, 39.37007874015748143 ) ;
#194 = VERTEX_POINT ( 'NONE', #3833 ) ;
#195 = EDGE_CURVE ( 'NONE', #1029, #2943, #3927, .T. ) ;
#196 = ORIENTED_EDGE ( 'NONE', *, *, #2825, .F. ) ;
#197 = VERTEX_POINT ( 'NONE', #1866 ) ;
#198 = EDGE_CURVE ( 'NONE', #1663, #3790, #2235, .T. ) ;
#199 = CARTESIAN_POINT ( 'NONE',  ( -0.07650453896958855915, 0.2149999333333333373, -0.07650453896958855915 ) ) ;
#200 = DIRECTION ( 'NONE',  ( -1.000000000000000000, 0.0000000000000000000, -0.0000000000000000000 ) ) ;
#201 = DIRECTION ( 'NONE',  ( -3.414809992080329516E-15, 1.000000000000000000, 0.0000000000000000000 ) ) ;
#202 = CARTESIAN_POINT ( 'NONE',  ( 0.1219999999999994977, 0.01000000000000000021, -0.1219999999999999835 ) ) ;
#203 = CIRCLE ( 'NONE', #2564, 0.009999999999999995004 ) ;
#204 = ADVANCED_FACE ( 'NONE', ( #341 ), #1072, .F. ) ;
#205 = ORIENTED_EDGE ( 'NONE', *, *, #4335, .F. ) ;
#206 =( CONVERSION_BASED_UNIT ( 'INCH', #1093 ) LENGTH_UNIT ( ) NAMED_UNIT ( #2760 ) );
#207 = EDGE_CURVE ( 'NONE', #1222, #3488, #2291, .T. ) ;
#208 = PLANE ( 'NONE',  #3602 ) ;
#209 = DIRECTION ( 'NONE',  ( -1.000000000000000000, 0.0000000000000000000, 0.0000000000000000000 ) ) ;
#210 = ORIENTED_EDGE ( 'NONE', *, *, #4128, .T. ) ;
#211 = DIMENSIONAL_EXPONENTS ( 1.000000000000000000, 0.0000000000000000000, 0.0000000000000000000, 0.0000000000000000000, 0.0000000000000000000, 0.0000000000000000000, 0.0000000000000000000 ) ;
#212 = STYLED_ITEM ( 'NONE', ( #33 ), #4882 ) ;
#213 = CARTESIAN_POINT ( 'NONE',  ( 0.06250000000000001388, 0.01000000000000000021, -0.07199999999999998068 ) ) ;
#214 = ORIENTED_EDGE ( 'NONE', *, *, #2934, .F. ) ;
#215 = DIRECTION ( 'NONE',  ( -1.000000000000000000, 0.0000000000000000000, 0.0000000000000000000 ) ) ;
#216 = LINE ( 'NONE', #1414, #3381 ) ;
#217 = CARTESIAN_POINT ( 'NONE',  ( 0.1458140419316977521, 0.01440579642059151150, 0.08500000004565745615 ) ) ;
#218 = B_SPLINE_CURVE_WITH_KNOTS ( 'NONE', 3,
 ( #3857, #712, #3447, #5068 ),
 .UNSPECIFIED., .F., .F.,
 ( 4, 4 ),
 ( 0.0000000000000000000, 1.000000000000000000 ),
 .UNSPECIFIED. ) ;
#219 = EDGE_CURVE ( 'NONE', #1392, #1971, #318, .T. ) ;
#220 = PRESENTATION_STYLE_ASSIGNMENT (( #1892 ) ) ;
#221 =( NAMED_UNIT ( * ) PLANE_ANGLE_UNIT ( ) SI_UNIT ( $, .RADIAN. ) );
#222 = FILL_AREA_STYLE ('',( #4794 ) ) ;
#223 = CARTESIAN_POINT ( 'NONE',  ( 0.1411829972859962035, 0.02126754045964037235, 0.01200000004565746244 ) ) ;
#224 = VERTEX_POINT ( 'NONE', #1102 ) ;
#225 = EDGE_CURVE ( 'NONE', #1714, #778, #1926, .T. ) ;
#226 = ORIENTED_EDGE ( 'NONE', *, *, #1299, .T. ) ;
#227 = CARTESIAN_POINT ( 'NONE',  ( -0.06650453896958856415, 0.2049999333333333562, -0.06650453896958856415 ) ) ;
#228 = DIRECTION ( 'NONE',  ( -3.414809992080329516E-15, 1.000000000000000000, 0.0000000000000000000 ) ) ;
#229 = LINE ( 'NONE', #3012, #694 ) ;
#230 = ORIENTED_EDGE ( 'NONE', *, *, #1476, .T. ) ;
#231 = SURFACE_STYLE_FILL_AREA ( #3089 ) ;
#232 = FACE_OUTER_BOUND ( 'NONE', #4164, .T. ) ;
#233 = DIRECTION ( 'NONE',  ( 1.000000000000000000, 0.0000000000000000000, 0.0000000000000000000 ) ) ;
#234 = VERTEX_POINT ( 'NONE', #5115 ) ;
#235 = ORIENTED_EDGE ( 'NONE', *, *, #2342, .T. ) ;
#236 = DIRECTION ( 'NONE',  ( 1.000000000000000000, 0.0000000000000000000, 0.0000000000000000000 ) ) ;
#237 = ORIENTED_EDGE ( 'NONE', *, *, #4735, .F. ) ;
#238 = CARTESIAN_POINT ( 'NONE',  ( 0.1411829972859962035, 0.02126754045964037235, -0.08500000004565745615 ) ) ;
#239 = CARTESIAN_POINT ( 'NONE',  ( -0.1275788215583597562, 0.005673336880231876281, -0.08500000004565745615 ) ) ;
#240 = ADVANCED_FACE ( 'NONE', ( #1492 ), #2707, .T. ) ;
#241 = PLANE ( 'NONE',  #4911 ) ;
#242 = DIMENSIONAL_EXPONENTS ( 1.000000000000000000, 0.0000000000000000000, 0.0000000000000000000, 0.0000000000000000000, 0.0000000000000000000, 0.0000000000000000000, 0.0000000000000000000 ) ;
#243 = FILL_AREA_STYLE_COLOUR ( '', #4284 ) ;
#244 = DIRECTION ( 'NONE',  ( 0.0000000000000000000, 0.0000000000000000000, -1.000000000000000000 ) ) ;
#245 = EDGE_LOOP ( 'NONE', ( #3167, #4545, #1375, #719 ) ) ;
#246 = VECTOR ( 'NONE', #3984, 39.37007874015748143 ) ;
#247 = ORIENTED_EDGE ( 'NONE', *, *, #1754, .T. ) ;
#248 = UNCERTAINTY_MEASURE_WITH_UNIT (LENGTH_MEASURE( 1.000000000000000082E-05 ), #4403, 'distance_accuracy_value', 'NONE');
#249 = EDGE_LOOP ( 'NONE', ( #770, #4865, #4148, #4384 ) ) ;
#250 = CARTESIAN_POINT ( 'NONE',  ( 0.1487875483474893901, 0.0000000000000000000, -0.1219999999999999835 ) ) ;
#251 = FACE_OUTER_BOUND ( 'NONE', #2668, .T. ) ;
#252 = CARTESIAN_POINT ( 'NONE',  ( -0.05000000000000000278, 0.006666666666666667095, 0.07199999999999998068 ) ) ;
#253 = EDGE_CURVE ( 'NONE', #456, #937, #733, .T. ) ;
#254 = ORIENTED_EDGE ( 'NONE', *, *, #2731, .F. ) ;
#255 = AXIS2_PLACEMENT_3D ( 'NONE', #748, #4774, #5176 ) ;
#256 = PLANE ( 'NONE',  #1928 ) ;
#257 = CARTESIAN_POINT ( 'NONE',  ( 0.1119999999999999607, 0.1433333333333333404, -0.1293205080756887337 ) ) ;
#258 = DIRECTION ( 'NONE',  ( 0.0000000000000000000, 0.0000000000000000000, -1.000000000000000000 ) ) ;
#259 = LINE ( 'NONE', #641, #274 ) ;
#260 = VECTOR ( 'NONE', #4145, 39.37007874015748143 ) ;
#261 = VECTOR ( 'NONE', #2089, 39.37007874015748143 ) ;
#262 = ORIENTED_EDGE ( 'NONE', *, *, #4368, .F. ) ;
#263 = ORIENTED_EDGE ( 'NONE', *, *, #207, .F. ) ;
#264 = DIRECTION ( 'NONE',  ( -0.5594203579408524307, 0.8288841071713997088, -0.0000000000000000000 ) ) ;
#265 = ORIENTED_EDGE ( 'NONE', *, *, #3565, .T. ) ;
#266 = AXIS2_PLACEMENT_3D ( 'NONE', #2631, #2676, #1858 ) ;
#267 = CARTESIAN_POINT ( 'NONE',  ( -0.06249999999999999306, 0.01000000000000000021, -0.07199999999999998068 ) ) ;
#268 = AXIS2_PLACEMENT_3D ( 'NONE', #3004, #4217, #5040 ) ;
#269 = EDGE_CURVE ( 'NONE', #57, #5020, #4338, .T. ) ;
#270 = PLANE ( 'NONE',  #2031 ) ;
#271 = EDGE_CURVE ( 'NONE', #2916, #4747, #2055, .T. ) ;
#272 = CARTESIAN_POINT ( 'NONE',  ( -0.05000000000000000278, 0.0000000000000000000, 0.0000000000000000000 ) ) ;
#273 =( CONVERSION_BASED_UNIT ( 'INCH', #1787 ) LENGTH_UNIT ( ) NAMED_UNIT ( #1853 ) );
#274 = VECTOR ( 'NONE', #1859, 39.37007874015748143 ) ;
#275 = VECTOR ( 'NONE', #158, 39.37007874015748143 ) ;
#276 = CARTESIAN_POINT ( 'NONE',  ( 0.1404987072757753475, 0.004405796420591505218, -0.1219999999999999835 ) ) ;
#277 = DIRECTION ( 'NONE',  ( -0.5594203579408524307, -0.8288841071713997088, 0.0000000000000000000 ) ) ;
#278 = CARTESIAN_POINT ( 'NONE',  ( -0.06650453896958855027, 0.2049999333333333562, 0.07650453896958853139 ) ) ;
#279 = ORIENTED_EDGE ( 'NONE', *, *, #3889, .F. ) ;
#280 = VECTOR ( 'NONE', #2540, 39.37007874015748143 ) ;
#281 = ORIENTED_EDGE ( 'NONE', *, *, #4436, .F. ) ;
#282 = ORIENTED_EDGE ( 'NONE', *, *, #1941, .F. ) ;
#283 = CARTESIAN_POINT ( 'NONE',  ( -0.1541028830034118224, 0.01000000000000000021, -0.06099999999999999173 ) ) ;
#284 = MECHANICAL_DESIGN_GEOMETRIC_PRESENTATION_REPRESENTATION (  '', ( #4902 ), #3307 ) ;
#285 = EDGE_CURVE ( 'NONE', #522, #1040, #4408, .T. ) ;
#286 = VERTEX_POINT ( 'NONE', #2753 ) ;
#287 = STYLED_ITEM ( 'NONE', ( #2388 ), #4130 ) ;
#288 = CARTESIAN_POINT ( 'NONE',  ( -0.1541028830034118224, 0.01000000000000000021, 0.06100000004565745565 ) ) ;
#289 = CARTESIAN_POINT ( 'NONE',  ( 0.05000000000000000278, 0.0000000000000000000, -0.07199999999999998068 ) ) ;
#290 = CYLINDRICAL_SURFACE ( 'NONE', #5134, 0.01000000000000000368 ) ;
#291 = CARTESIAN_POINT ( 'NONE',  ( 0.1328941562142821886, 0.02567333688023188190, 0.01200000004565745897 ) ) ;
#292 = AXIS2_PLACEMENT_3D ( 'NONE', #5013, #4521, #2507 ) ;
#293 = ORIENTED_EDGE ( 'NONE', *, *, #4561, .F. ) ;
#294 = ADVANCED_FACE ( 'NONE', ( #3607 ), #5160, .F. ) ;
#295 = CARTESIAN_POINT ( 'NONE',  ( 0.1275788215583597285, 0.01567333688023187302, -0.08500000004565745615 ) ) ;
#296 = VERTEX_POINT ( 'NONE', #364 ) ;
#297 = CARTESIAN_POINT ( 'NONE',  ( -0.1120000000000000162, 0.1433333333333333404, 0.1319999999999999785 ) ) ;
#298 = LENGTH_MEASURE_WITH_UNIT ( LENGTH_MEASURE( 0.02539999999999999897 ), #4607 );
#299 = DIRECTION ( 'NONE',  ( -1.000000000000000000, 0.0000000000000000000, -0.0000000000000000000 ) ) ;
#300 = AXIS2_PLACEMENT_3D ( 'NONE', #3931, #1835, #3663 ) ;
#301 = EDGE_CURVE ( 'NONE', #4823, #4373, #2029, .T. ) ;
#302 = SURFACE_SIDE_STYLE ('',( #5016 ) ) ;
#303 = MECHANICAL_DESIGN_GEOMETRIC_PRESENTATION_REPRESENTATION (  '', ( #1304 ), #5168 ) ;
#304 = CARTESIAN_POINT ( 'NONE',  ( 0.1119999999999999607, 0.07166666666666667018, -0.1319999999999999785 ) ) ;
#305 = ORIENTED_EDGE ( 'NONE', *, *, #78, .F. ) ;
#306 = ADVANCED_FACE ( 'NONE', ( #3227 ), #1538, .T. ) ;
#307 = ORIENTED_EDGE ( 'NONE', *, *, #4372, .T. ) ;
#308 = UNCERTAINTY_MEASURE_WITH_UNIT (LENGTH_MEASURE( 1.000000000000000082E-05 ), #3783, 'distance_accuracy_value', 'NONE');
#309 = CARTESIAN_POINT ( 'NONE',  ( 0.1541028830034118224, 0.01000000000000000021, 0.08500000004565745615 ) ) ;
#310 = LINE ( 'NONE', #1899, #923 ) ;
#311 = CARTESIAN_POINT ( 'NONE',  ( 0.05500000000000001416, 0.02000000000000000042, 0.08200000000000000344 ) ) ;
#312 = EDGE_LOOP ( 'NONE', ( #1574, #431, #3412, #5114 ) ) ;
#313 = SURFACE_STYLE_FILL_AREA ( #1095 ) ;
#314 = CARTESIAN_POINT ( 'NONE',  ( -0.05000000000000000278, 0.01000000000000000021, -0.08199999999999998956 ) ) ;
#315 = EDGE_CURVE ( 'NONE', #3774, #4222, #2782, .T. ) ;
#316 = FACE_OUTER_BOUND ( 'NONE', #2541, .T. ) ;
#317 = ORIENTED_EDGE ( 'NONE', *, *, #3551, .F. ) ;
#318 = LINE ( 'NONE', #297, #2418 ) ;
#319 = DIRECTION ( 'NONE',  ( 0.0000000000000000000, 0.0000000000000000000, 1.000000000000000000 ) ) ;
#320 = EDGE_CURVE ( 'NONE', #84, #456, #4458, .T. ) ;
#321 = DIRECTION ( 'NONE',  ( 0.0000000000000000000, -1.000000000000000000, 0.0000000000000000000 ) ) ;
#322 = EDGE_CURVE ( 'NONE', #4629, #4172, #4760, .T. ) ;
#323 = ORIENTED_EDGE ( 'NONE', *, *, #3674, .F. ) ;
#324 = CARTESIAN_POINT ( 'NONE',  ( -0.06650453896958855027, 0.2149999333333333373, 0.06650453896958853639 ) ) ;
#325 = ORIENTED_EDGE ( 'NONE', *, *, #3674, .T. ) ;
#326 = VECTOR ( 'NONE', #4739, 39.37007874015748143 ) ;
#327 = CYLINDRICAL_SURFACE ( 'NONE', #2842, 0.01000000000000000368 ) ;
#328 = SURFACE_SIDE_STYLE ('',( #1143 ) ) ;
#329 = EDGE_CURVE ( 'NONE', #1195, #2904, #386, .T. ) ;
#330 = ORIENTED_EDGE ( 'NONE', *, *, #3321, .T. ) ;
#331 = VERTEX_POINT ( 'NONE', #1974 ) ;
#332 = EDGE_CURVE ( 'NONE', #2316, #2234, #4430, .T. ) ;
#333 = CARTESIAN_POINT ( 'NONE',  ( 0.1275788215583597562, 0.005673336880231876281, 0.08500000004565745615 ) ) ;
#334 = CIRCLE ( 'NONE', #3585, 0.01028968565051215783 ) ;
#335 = DIRECTION ( 'NONE',  ( -1.000000000000000000, 0.0000000000000000000, -0.0000000000000000000 ) ) ;
#336 = VECTOR ( 'NONE', #2838, 39.37007874015748143 ) ;
#337 = ORIENTED_EDGE ( 'NONE', *, *, #2685, .T. ) ;
#338 = EDGE_CURVE ( 'NONE', #4075, #957, #2761, .T. ) ;
#339 = CARTESIAN_POINT ( 'NONE',  ( 0.05500000000000000028, 0.0000000000000000000, -0.09199999999999997069 ) ) ;
#340 = EDGE_LOOP ( 'NONE', ( #2513, #2799, #4084, #4778 ) ) ;
#341 = FACE_OUTER_BOUND ( 'NONE', #2562, .T. ) ;
#342 = LINE ( 'NONE', #3909, #4632 ) ;
#343 = AXIS2_PLACEMENT_3D ( 'NONE', #2990, #606, #576 ) ;
#344 = CARTESIAN_POINT ( 'NONE',  ( -0.1219999999999994977, 0.02567333688023188190, 0.01200000004565745897 ) ) ;
#345 = CIRCLE ( 'NONE', #1427, 0.009999999999999995004 ) ;
#346 = SURFACE_STYLE_USAGE ( .BOTH. , #783 ) ;
#347 = LINE ( 'NONE', #3933, #3130 ) ;
#348 =( GEOMETRIC_REPRESENTATION_CONTEXT ( 3 ) GLOBAL_UNCERTAINTY_ASSIGNED_CONTEXT ( ( #248 ) ) GLOBAL_UNIT_ASSIGNED_CONTEXT ( ( #4403, #2747, #4423 ) ) REPRESENTATION_CONTEXT ( 'NONE', 'WORKASPACE' ) );
#349 = B_SPLINE_SURFACE_WITH_KNOTS ( 'NONE', 2, 3, ( 
 ( #1001, #2976, #3423, #4983 ),
 ( #561, #4093, #2091, #4580 ),
 ( #977, #1751, #1810, #2610 ) ),
 .UNSPECIFIED., .F., .F., .F.,
 ( 3, 3 ),
 ( 4, 4 ),
 ( 0.0000000000000000000, 1.000000000000000000 ),
 ( -0.002667000000000000100, 0.0001270000000000000241 ),
 .UNSPECIFIED. ) ;
#350 = ORIENTED_EDGE ( 'NONE', *, *, #2920, .F. ) ;
#351 = UNCERTAINTY_MEASURE_WITH_UNIT (LENGTH_MEASURE( 1.000000000000000082E-05 ), #2111, 'distance_accuracy_value', 'NONE');
#352 = VECTOR ( 'NONE', #2093, 39.37007874015748143 ) ;
#353 = DIRECTION ( 'NONE',  ( 1.000000000000000000, 1.530255967303269802E-15, 0.0000000000000000000 ) ) ;
#354 = AXIS2_PLACEMENT_3D ( 'NONE', #2518, #4938, #3629 ) ;
#355 = EDGE_LOOP ( 'NONE', ( #5172, #237, #812, #3990 ) ) ;
#356 = EDGE_LOOP ( 'NONE', ( #2822, #2176, #3157, #4798, #1355, #1305, #1553, #1530 ) ) ;
#357 = ORIENTED_EDGE ( 'NONE', *, *, #1693, .T. ) ;
#358 = FACE_OUTER_BOUND ( 'NONE', #833, .T. ) ;
#359 = SURFACE_STYLE_USAGE ( .BOTH. , #3921 ) ;
#360 = DIMENSIONAL_EXPONENTS ( 1.000000000000000000, 0.0000000000000000000, 0.0000000000000000000, 0.0000000000000000000, 0.0000000000000000000, 0.0000000000000000000, 0.0000000000000000000 ) ;
#361 = PLANE ( 'NONE',  #4385 ) ;
#362 = ORIENTED_EDGE ( 'NONE', *, *, #2644, .F. ) ;
#363 = VERTEX_POINT ( 'NONE', #2356 ) ;
#364 = CARTESIAN_POINT ( 'NONE',  ( -0.1328941562142821886, 0.02567333688023188190, 0.01200000004565745897 ) ) ;
#365 = CARTESIAN_POINT ( 'NONE',  ( 0.1319999999999999785, 0.1433333333333333404, 0.1319999999999999785 ) ) ;
#366 = ORIENTED_EDGE ( 'NONE', *, *, #3062, .T. ) ;
#367 = FILL_AREA_STYLE ('',( #3956 ) ) ;
#368 = CARTESIAN_POINT ( 'NONE',  ( -0.07650453896958854527, 0.2149999333333333373, 0.06650453896958853639 ) ) ;
#369 = EDGE_CURVE ( 'NONE', #3331, #4344, #3015, .T. ) ;
#370 = VERTEX_POINT ( 'NONE', #4058 ) ;
#371 = AXIS2_PLACEMENT_3D ( 'NONE', #1987, #4073, #4846 ) ;
#372 = CARTESIAN_POINT ( 'NONE',  ( -0.1487875483474893623, 0.0000000000000000000, -0.01199999999999999678 ) ) ;
#373 = CARTESIAN_POINT ( 'NONE',  ( -0.1487875483474893623, 0.01000000000000000021, 0.01200000004565746244 ) ) ;
#374 = CARTESIAN_POINT ( 'NONE',  ( -0.07650453896958854527, 0.2049999333333333562, 0.06650453896958853639 ) ) ;
#375 = ADVANCED_FACE ( 'NONE', ( #3577 ), #4782, .T. ) ;
#376 = VERTEX_POINT ( 'NONE', #754 ) ;
#377 = ORIENTED_EDGE ( 'NONE', *, *, #3436, .T. ) ;
#378 = ORIENTED_EDGE ( 'NONE', *, *, #4568, .T. ) ;
#379 = DIRECTION ( 'NONE',  ( -1.000000000000000000, 0.0000000000000000000, 0.0000000000000000000 ) ) ;
#380 = LINE ( 'NONE', #2323, #4370 ) ;
#381 = DIRECTION ( 'NONE',  ( 0.0000000000000000000, 0.0000000000000000000, 1.000000000000000000 ) ) ;
#382 = CARTESIAN_POINT ( 'NONE',  ( 0.05000000000000000278, 0.02000000000000000042, -0.07199999999999998068 ) ) ;
#383 = EDGE_CURVE ( 'NONE', #4510, #10, #4032, .T. ) ;
#384 = ORIENTED_EDGE ( 'NONE', *, *, #4789, .F. ) ;
#385 = VERTEX_POINT ( 'NONE', #410 ) ;
#386 = LINE ( 'NONE', #3250, #3170 ) ;
#387 = DIRECTION ( 'NONE',  ( 1.000000000000000000, -1.530255967303269802E-15, 0.0000000000000000000 ) ) ;
#388 =( CONVERSION_BASED_UNIT ( 'INCH', #1178 ) LENGTH_UNIT ( ) NAMED_UNIT ( #360 ) );
#389 = LINE ( 'NONE', #1978, #2755 ) ;
#390 = DIRECTION ( 'NONE',  ( 1.115884769084667415E-16, -0.0000000000000000000, 1.000000000000000000 ) ) ;
#391 = ORIENTED_EDGE ( 'NONE', *, *, #3905, .T. ) ;
#392 = EDGE_CURVE ( 'NONE', #753, #1392, #4387, .T. ) ;
#393 = CARTESIAN_POINT ( 'NONE',  ( -0.1649970392176944578, 0.01000000000000000021, -0.1219999999999999835 ) ) ;
#394 = LINE ( 'NONE', #4071, #280 ) ;
#395 = CARTESIAN_POINT ( 'NONE',  ( 0.06250000000000000000, 0.07166666666666667018, -0.07199999999999998068 ) ) ;
#396 = EDGE_LOOP ( 'NONE', ( #4885, #2915, #4504, #4949 ) ) ;
#397 = AXIS2_PLACEMENT_3D ( 'NONE', #1514, #667, #4633 ) ;
#398 = EDGE_LOOP ( 'NONE', ( #2018, #638, #4876, #4924 ) ) ;
#399 = LENGTH_MEASURE_WITH_UNIT ( LENGTH_MEASURE( 0.02539999999999999897 ), #794 );
#400 = EDGE_CURVE ( 'NONE', #3482, #3914, #1999, .T. ) ;
#401 = ADVANCED_FACE ( 'NONE', ( #2497 ), #2558, .T. ) ;
#402 = CARTESIAN_POINT ( 'NONE',  ( -0.1220000000000004969, 0.4884014425523686143, 0.1219999999999999835 ) ) ;
#403 = PRESENTATION_STYLE_ASSIGNMENT (( #2932 ) ) ;
#404 = LINE ( 'NONE', #3970, #508 ) ;
#405 = FACE_OUTER_BOUND ( 'NONE', #2299, .T. ) ;
#406 = VECTOR ( 'NONE', #1641, 39.37007874015748143 ) ;
#407 = ORIENTED_EDGE ( 'NONE', *, *, #5062, .F. ) ;
#408 = SURFACE_STYLE_USAGE ( .BOTH. , #4336 ) ;
#409 = ORIENTED_EDGE ( 'NONE', *, *, #4838, .T. ) ;
#410 = CARTESIAN_POINT ( 'NONE',  ( -0.1328941562142821886, 0.02567333688023188190, -0.08500000004565745615 ) ) ;
#411 = VECTOR ( 'NONE', #417, 39.37007874015748143 ) ;
#412 = ADVANCED_FACE ( 'NONE', ( #4941 ), #3692, .T. ) ;
#413 = DIRECTION ( 'NONE',  ( -1.000000000000000000, 0.0000000000000000000, 0.0000000000000000000 ) ) ;
#414 = CARTESIAN_POINT ( 'NONE',  ( 0.1319999999999999785, 0.1433333333333333404, -0.1119999999999999885 ) ) ;
#415 = VECTOR ( 'NONE', #112, 39.37007874015748143 ) ;
#416 = DIRECTION ( 'NONE',  ( 0.0000000000000000000, -0.0000000000000000000, -1.000000000000000000 ) ) ;
#417 = DIRECTION ( 'NONE',  ( 0.0000000000000000000, 0.0000000000000000000, 1.000000000000000000 ) ) ;
#418 = CARTESIAN_POINT ( 'NONE',  ( -0.1541028830034118224, 0.01000000000000000021, 0.01200000004565746244 ) ) ;
#419 = ADVANCED_FACE ( 'NONE', ( #1775 ), #151, .T. ) ;
#420 = AXIS2_PLACEMENT_3D ( 'NONE', #1700, #974, #3290 ) ;
#421 = VERTEX_POINT ( 'NONE', #1743 ) ;
#422 = DIRECTION ( 'NONE',  ( -0.0000000000000000000, 0.0000000000000000000, -1.000000000000000000 ) ) ;
#423 = MECHANICAL_DESIGN_GEOMETRIC_PRESENTATION_REPRESENTATION (  '', ( #2695 ), #1590 ) ;
#424 = VECTOR ( 'NONE', #3690, 39.37007874015748143 ) ;
#425 = FACE_OUTER_BOUND ( 'NONE', #1171, .T. ) ;
#426 = CARTESIAN_POINT ( 'NONE',  ( 0.05000000000000000278, 0.01000000000000000021, 0.1020000000000000351 ) ) ;
#427 = CARTESIAN_POINT ( 'NONE',  ( 0.1411829972859962035, 0.02126754045964037235, -0.1219999999999999835 ) ) ;
#428 = DIRECTION ( 'NONE',  ( 0.0000000000000000000, 1.000000000000000000, 0.0000000000000000000 ) ) ;
#429 = ORIENTED_EDGE ( 'NONE', *, *, #5100, .F. ) ;
#430 =( GEOMETRIC_REPRESENTATION_CONTEXT ( 3 ) GLOBAL_UNCERTAINTY_ASSIGNED_CONTEXT ( ( #4009 ) ) GLOBAL_UNIT_ASSIGNED_CONTEXT ( ( #1002, #3075, #3474 ) ) REPRESENTATION_CONTEXT ( 'NONE', 'WORKASPACE' ) );
#431 = ORIENTED_EDGE ( 'NONE', *, *, #4193, .T. ) ;
#432 = ORIENTED_EDGE ( 'NONE', *, *, #3166, .F. ) ;
#433 = CARTESIAN_POINT ( 'NONE',  ( -0.1328941562142821886, 0.01567333688023188343, 0.01200000004565746244 ) ) ;
#434 = DIRECTION ( 'NONE',  ( 0.0000000000000000000, 0.0000000000000000000, 1.000000000000000000 ) ) ;
#435 = CARTESIAN_POINT ( 'NONE',  ( -0.1649970392176944578, 0.01000000000000000021, -0.1219999999999999835 ) ) ;
#436 = VECTOR ( 'NONE', #2198, 39.37007874015748143 ) ;
#437 = ORIENTED_EDGE ( 'NONE', *, *, #3582, .F. ) ;
#438 = LINE ( 'NONE', #4806, #1347 ) ;
#439 = ORIENTED_EDGE ( 'NONE', *, *, #486, .T. ) ;
#440 = DIRECTION ( 'NONE',  ( 1.000000000000000000, -0.0000000000000000000, -0.0000000000000000000 ) ) ;
#441 = DIRECTION ( 'NONE',  ( 0.0000000000000000000, 0.0000000000000000000, -1.000000000000000000 ) ) ;
#442 = PLANE ( 'NONE',  #2727 ) ;
#443 = LINE ( 'NONE', #2004, #3733 ) ;
#444 = AXIS2_PLACEMENT_3D ( 'NONE', #272, #1035, #3052 ) ;
#445 = DIRECTION ( 'NONE',  ( -0.0000000000000000000, 1.000000000000000000, -0.0000000000000000000 ) ) ;
#446 = CARTESIAN_POINT ( 'NONE',  ( -0.1219999999999994839, 0.02567333688023188190, -0.01199999999999999678 ) ) ;
#447 = DIRECTION ( 'NONE',  ( -0.2588190451025202399, -0.9659258262890684232, 0.0000000000000000000 ) ) ;
#448 = CARTESIAN_POINT ( 'NONE',  ( 0.06650453896958855027, 0.2049999333333333562, 0.06650453896958853639 ) ) ;
#449 = EDGE_CURVE ( 'NONE', #5173, #4661, #174, .T. ) ;
#450 = LINE ( 'NONE', #4905, #2686 ) ;
#451 = FACE_OUTER_BOUND ( 'NONE', #1317, .T. ) ;
#452 = DIRECTION ( 'NONE',  ( 0.0000000000000000000, 1.000000000000000000, 0.0000000000000000000 ) ) ;
#453 = EDGE_CURVE ( 'NONE', #2745, #4629, #2419, .T. ) ;
#454 = ORIENTED_EDGE ( 'NONE', *, *, #1931, .F. ) ;
#455 = VERTEX_POINT ( 'NONE', #967 ) ;
#456 = VERTEX_POINT ( 'NONE', #67 ) ;
#457 = CARTESIAN_POINT ( 'NONE',  ( -0.1541028830034117947, 0.02000000000000000042, -0.01200000000000000198 ) ) ;
#458 = CARTESIAN_POINT ( 'NONE',  ( -0.1220000000000004969, 0.07166666666666667018, -0.1219999999999999835 ) ) ;
#459 = CARTESIAN_POINT ( 'NONE',  ( 0.05000000000000000278, 0.07166666666666665630, -0.08199999999999998956 ) ) ;
#460 = CARTESIAN_POINT ( 'NONE',  ( -0.1328941562142821886, 0.02567333688023188190, 0.08500000004565745615 ) ) ;
#461 = AXIS2_PLACEMENT_3D ( 'NONE', #2417, #1676, #4007 ) ;
#462 = ORIENTED_EDGE ( 'NONE', *, *, #3395, .F. ) ;
#463 = DIRECTION ( 'NONE',  ( 0.0000000000000000000, 0.0000000000000000000, 1.000000000000000000 ) ) ;
#464 = ORIENTED_EDGE ( 'NONE', *, *, #1133, .T. ) ;
#465 = DIRECTION ( 'NONE',  ( -0.0000000000000000000, -0.0000000000000000000, 1.000000000000000000 ) ) ;
#466 = CARTESIAN_POINT ( 'NONE',  ( -0.1649970392176944578, 0.01000000000000000021, 0.06100000004565745565 ) ) ;
#467 = EDGE_CURVE ( 'NONE', #2135, #522, #3262, .T. ) ;
#468 = LINE ( 'NONE', #3748, #2449 ) ;
#469 = DIRECTION ( 'NONE',  ( 0.0000000000000000000, 0.0000000000000000000, 1.000000000000000000 ) ) ;
#470 = B_SPLINE_CURVE_WITH_KNOTS ( 'NONE', 2,
 ( #3092, #289, #2377 ),
 .UNSPECIFIED., .F., .F.,
 ( 3, 3 ),
 ( 0.0000000000000000000, 1.000000000000000000 ),
 .UNSPECIFIED. ) ;
#471 = ORIENTED_EDGE ( 'NONE', *, *, #1772, .F. ) ;
#472 = LINE ( 'NONE', #1750, #261 ) ;
#473 = DIRECTION ( 'NONE',  ( 0.0000000000000000000, 0.0000000000000000000, 1.000000000000000000 ) ) ;
#474 = FILL_AREA_STYLE_COLOUR ( '', #2361 ) ;
#475 = FACE_OUTER_BOUND ( 'NONE', #2973, .T. ) ;
#476 = EDGE_CURVE ( 'NONE', #1807, #2052, #993, .T. ) ;
#477 = LINE ( 'NONE', #3670, #1047 ) ;
#478 = LINE ( 'NONE', #2508, #130 ) ;
#479 = FILL_AREA_STYLE ('',( #4470 ) ) ;
#480 = FACE_OUTER_BOUND ( 'NONE', #4476, .T. ) ;
#481 = DIRECTION ( 'NONE',  ( 0.0000000000000000000, 1.000000000000000000, 0.0000000000000000000 ) ) ;
#482 = CARTESIAN_POINT ( 'NONE',  ( -0.07650453896958854527, 0.1433333333333333404, 0.07650453896958853139 ) ) ;
#483 = EDGE_LOOP ( 'NONE', ( #1119, #1138, #3900, #1456 ) ) ;
#484 = ORIENTED_EDGE ( 'NONE', *, *, #3565, .F. ) ;
#485 = PRESENTATION_STYLE_ASSIGNMENT (( #4913 ) ) ;
#486 = EDGE_CURVE ( 'NONE', #1909, #1663, #2757, .T. ) ;
#487 = PRESENTATION_STYLE_ASSIGNMENT (( #1737 ) ) ;
#488 = DIRECTION ( 'NONE',  ( 0.0000000000000000000, -1.000000000000000000, 8.537024980200811957E-16 ) ) ;
#489 = CARTESIAN_POINT ( 'NONE',  ( 0.05000000000000000278, 0.07166666666666665630, -0.08199999999999998956 ) ) ;
#490 = AXIS2_PLACEMENT_3D ( 'NONE', #4518, #918, #2152 ) ;
#491 = ORIENTED_EDGE ( 'NONE', *, *, #1065, .T. ) ;
#492 = VERTEX_POINT ( 'NONE', #3439 ) ;
#493 = LENGTH_MEASURE_WITH_UNIT ( LENGTH_MEASURE( 0.02539999999999999897 ), #1325 );
#494 = DIRECTION ( 'NONE',  ( -0.0000000000000000000, -0.0000000000000000000, 1.000000000000000000 ) ) ;
#495 = VECTOR ( 'NONE', #2939, 39.37007874015748143 ) ;
#496 = DIRECTION ( 'NONE',  ( 0.0000000000000000000, 0.0000000000000000000, 1.000000000000000000 ) ) ;
#497 = AXIS2_PLACEMENT_3D ( 'NONE', #19, #779, #1257 ) ;
#498 = LINE ( 'NONE', #2974, #2352 ) ;
#499 = DIRECTION ( 'NONE',  ( 0.0000000000000000000, 1.000000000000000000, 0.0000000000000000000 ) ) ;
#500 = VECTOR ( 'NONE', #1846, 39.37007874015748143 ) ;
#501 = CARTESIAN_POINT ( 'NONE',  ( 0.06250000000000000000, 0.07166666666666667018, -0.1219999999999999835 ) ) ;
#502 = FACE_OUTER_BOUND ( 'NONE', #591, .T. ) ;
#503 = DIRECTION ( 'NONE',  ( 0.0000000000000000000, 0.0000000000000000000, 1.000000000000000000 ) ) ;
#504 = CYLINDRICAL_SURFACE ( 'NONE', #5096, 0.01028968565051215783 ) ;
#505 = CARTESIAN_POINT ( 'NONE',  ( -0.1404987072757753475, 0.004405796420591505218, 0.01200000004565746244 ) ) ;
#506 = LINE ( 'NONE', #4930, #2552 ) ;
#507 = SURFACE_SIDE_STYLE ('',( #1242 ) ) ;
#508 = VECTOR ( 'NONE', #381, 39.37007874015748143 ) ;
#509 = ORIENTED_EDGE ( 'NONE', *, *, #4962, .F. ) ;
#510 = EDGE_CURVE ( 'NONE', #2085, #385, #1161, .T. ) ;
#511 = ORIENTED_EDGE ( 'NONE', *, *, #3126, .T. ) ;
#512 = VECTOR ( 'NONE', #2348, 39.37007874015748143 ) ;
#513 = ORIENTED_EDGE ( 'NONE', *, *, #1179, .F. ) ;
#514 = VECTOR ( 'NONE', #3854, 39.37007874015748143 ) ;
#515 = DIRECTION ( 'NONE',  ( 0.0000000000000000000, -1.000000000000000000, 0.0000000000000000000 ) ) ;
#516 = FILL_AREA_STYLE ('',( #4159 ) ) ;
#517 = CARTESIAN_POINT ( 'NONE',  ( 0.1458140419316977521, 0.01440579642059151150, -0.1219999999999999835 ) ) ;
#518 = CARTESIAN_POINT ( 'NONE',  ( 0.1219999999999994839, 0.02567333688023188190, -0.01199999999999999678 ) ) ;
#519 = CARTESIAN_POINT ( 'NONE',  ( 0.1275788215583597285, 0.01567333688023187302, 0.01200000004565746244 ) ) ;
#520 = EDGE_CURVE ( 'NONE', #3018, #4008, #2698, .T. ) ;
#521 = AXIS2_PLACEMENT_3D ( 'NONE', #2583, #1882, #233 ) ;
#522 = VERTEX_POINT ( 'NONE', #257 ) ;
#523 = CARTESIAN_POINT ( 'NONE',  ( -0.01833333333333330567, 0.0000000000000000000, -0.09199999999999997069 ) ) ;
#524 = AXIS2_PLACEMENT_3D ( 'NONE', #1251, #91, #2849 ) ;
#525 = LINE ( 'NONE', #466, #1343 ) ;
#526 = AXIS2_PLACEMENT_3D ( 'NONE', #1319, #4051, #4105 ) ;
#527 = ADVANCED_FACE ( 'NONE', ( #1634 ), #3598, .T. ) ;
#528 = EDGE_LOOP ( 'NONE', ( #1748, #4877, #4647, #4420 ) ) ;
#529 = ORIENTED_EDGE ( 'NONE', *, *, #863, .F. ) ;
#530 = DIRECTION ( 'NONE',  ( 1.000000000000000000, 0.0000000000000000000, -0.0000000000000000000 ) ) ;
#531 = EDGE_LOOP ( 'NONE', ( #149, #317, #1918, #5032 ) ) ;
#532 = FACE_OUTER_BOUND ( 'NONE', #3430, .T. ) ;
#533 = CARTESIAN_POINT ( 'NONE',  ( -0.1649970392176944578, 0.02567333688023188190, 0.08500000004565745615 ) ) ;
#534 = DIRECTION ( 'NONE',  ( -0.0000000000000000000, 0.0000000000000000000, 1.000000000000000000 ) ) ;
#535 = CARTESIAN_POINT ( 'NONE',  ( -0.1541028830034118224, 0.01000000000000000021, -0.1219999999999999835 ) ) ;
#536 = AXIS2_PLACEMENT_3D ( 'NONE', #4418, #4906, #2486 ) ;
#537 = DIRECTION ( 'NONE',  ( 1.000000000000000000, 0.0000000000000000000, 0.0000000000000000000 ) ) ;
#538 = CARTESIAN_POINT ( 'NONE',  ( 0.1328941562142821886, 0.01567333688023188343, -0.06099999999999999173 ) ) ;
#539 = VERTEX_POINT ( 'NONE', #3920 ) ;
#540 = ORIENTED_EDGE ( 'NONE', *, *, #3673, .T. ) ;
#541 = MANIFOLD_SOLID_BREP ( 'Mirror2[3]', #2164 ) ;
#542 = VECTOR ( 'NONE', #5143, 39.37007874015748143 ) ;
#543 = ORIENTED_EDGE ( 'NONE', *, *, #2979, .F. ) ;
#544 = SURFACE_SIDE_STYLE ('',( #3305 ) ) ;
#545 = FACE_OUTER_BOUND ( 'NONE', #1400, .T. ) ;
#546 = CARTESIAN_POINT ( 'NONE',  ( 0.05000000000000000278, 0.02000000000000000042, -0.08199999999999998956 ) ) ;
#547 = DIRECTION ( 'NONE',  ( -3.414809992080329516E-15, 1.000000000000000000, 0.0000000000000000000 ) ) ;
#548 = DIRECTION ( 'NONE',  ( 1.000000000000000000, 0.0000000000000000000, 0.0000000000000000000 ) ) ;
#549 = DIRECTION ( 'NONE',  ( -1.000000000000000000, -0.0000000000000000000, 0.0000000000000000000 ) ) ;
#550 = ORIENTED_EDGE ( 'NONE', *, *, #4561, .T. ) ;
#551 = CARTESIAN_POINT ( 'NONE',  ( 0.1293205080756887337, 0.1433333333333333404, -0.1119999999999999885 ) ) ;
#552 = COLOUR_RGB ( '',0.6745098039215686736, 0.6745098039215686736, 0.6745098039215686736 ) ;
#553 =( CONVERSION_BASED_UNIT ( 'INCH', #493 ) LENGTH_UNIT ( ) NAMED_UNIT ( #4203 ) );
#554 = DIRECTION ( 'NONE',  ( -0.0000000000000000000, -0.0000000000000000000, 1.000000000000000000 ) ) ;
#555 = EDGE_CURVE ( 'NONE', #3724, #657, #5200, .T. ) ;
#556 = CARTESIAN_POINT ( 'NONE',  ( 0.01833333333333332302, 0.0000000000000000000, 0.09199999999999997069 ) ) ;
#557 = AXIS2_PLACEMENT_3D ( 'NONE', #3671, #3208, #1214 ) ;
#558 = ORIENTED_EDGE ( 'NONE', *, *, #3546, .T. ) ;
#559 = ORIENTED_EDGE ( 'NONE', *, *, #2739, .T. ) ;
#560 = EDGE_LOOP ( 'NONE', ( #3128, #2251, #997, #4768 ) ) ;
#561 = CARTESIAN_POINT ( 'NONE',  ( -0.05500000000000000028, 0.01000000000000000021, -0.08200000000000000344 ) ) ;
#562 =( NAMED_UNIT ( * ) SI_UNIT ( $, .STERADIAN. ) SOLID_ANGLE_UNIT ( ) );
#563 = FILL_AREA_STYLE ('',( #4553 ) ) ;
#564 = ADVANCED_FACE ( 'NONE', ( #2774 ), #1921, .F. ) ;
#565 = DIRECTION ( 'NONE',  ( 0.0000000000000000000, 0.0000000000000000000, -1.000000000000000000 ) ) ;
#566 = CARTESIAN_POINT ( 'NONE',  ( -0.06650453896958856415, 0.2049999333333333562, -0.06650453896958856415 ) ) ;
#567 = CARTESIAN_POINT ( 'NONE',  ( 0.1458140419316977521, 0.01440579642059151150, -0.1219999999999999835 ) ) ;
#568 = DIRECTION ( 'NONE',  ( 0.0000000000000000000, 8.537024980200811957E-16, -1.000000000000000000 ) ) ;
#569 = LENGTH_MEASURE_WITH_UNIT ( LENGTH_MEASURE( 0.02539999999999999897 ), #1732 );
#570 = ORIENTED_EDGE ( 'NONE', *, *, #2453, .F. ) ;
#571 = EDGE_CURVE ( 'NONE', #2936, #5166, #1080, .T. ) ;
#572 = VERTEX_POINT ( 'NONE', #4379 ) ;
#573 = ORIENTED_EDGE ( 'NONE', *, *, #2570, .F. ) ;
#574 = DIRECTION ( 'NONE',  ( 0.5594203579408524307, 0.8288841071713995978, 0.0000000000000000000 ) ) ;
#575 = LINE ( 'NONE', #2598, #1292 ) ;
#576 = DIRECTION ( 'NONE',  ( 0.0000000000000000000, -0.0000000000000000000, 1.000000000000000000 ) ) ;
#577 = PLANE ( 'NONE',  #3387 ) ;
#578 = ADVANCED_FACE ( 'NONE', ( #358 ), #38, .T. ) ;
#579 = EDGE_CURVE ( 'NONE', #2290, #5187, #2748, .T. ) ;
#580 = ORIENTED_EDGE ( 'NONE', *, *, #4502, .T. ) ;
#581 = CARTESIAN_POINT ( 'NONE',  ( -0.1119999999999999885, 0.1433333333333333404, -0.1119999999999999885 ) ) ;
#582 = DIRECTION ( 'NONE',  ( 0.0000000000000000000, 0.0000000000000000000, -1.000000000000000000 ) ) ;
#583 = DIRECTION ( 'NONE',  ( 0.0000000000000000000, 0.0000000000000000000, 1.000000000000000000 ) ) ;
#584 = CARTESIAN_POINT ( 'NONE',  ( 0.1219999999999994977, 0.01000000000000000021, -0.1219999999999999835 ) ) ;
#585 = CARTESIAN_POINT ( 'NONE',  ( -0.05500000000000000028, 0.0000000000000000000, 0.09199999999999997069 ) ) ;
#586 = DIRECTION ( 'NONE',  ( 0.0000000000000000000, 0.0000000000000000000, 1.000000000000000000 ) ) ;
#587 = EDGE_CURVE ( 'NONE', #2290, #4676, #3358, .T. ) ;
#588 = ORIENTED_EDGE ( 'NONE', *, *, #1135, .F. ) ;
#589 = VECTOR ( 'NONE', #3494, 39.37007874015748143 ) ;
#590 = FILL_AREA_STYLE ('',( #2643 ) ) ;
#591 = EDGE_LOOP ( 'NONE', ( #3372, #4332, #3401, #4923, #3095, #5008, #3639, #2768 ) ) ;
#592 = DIRECTION ( 'NONE',  ( 1.000000000000000000, 0.0000000000000000000, 0.0000000000000000000 ) ) ;
#593 = DIRECTION ( 'NONE',  ( 0.0000000000000000000, 0.0000000000000000000, -1.000000000000000000 ) ) ;
#594 = CARTESIAN_POINT ( 'NONE',  ( 0.07650453896958853139, 0.2049999333333333562, -0.06650453896958856415 ) ) ;
#595 = AXIS2_PLACEMENT_3D ( 'NONE', #4540, #3313, #2968 ) ;
#596 = EDGE_CURVE ( 'NONE', #1666, #731, #2461, .T. ) ;
#597 =( CONVERSION_BASED_UNIT ( 'INCH', #4177 ) LENGTH_UNIT ( ) NAMED_UNIT ( #2236 ) );
#598 = COLOUR_RGB ( '',0.7529411764705882248, 0.7529411764705882248, 0.7529411764705882248 ) ;
#599 = PRESENTATION_STYLE_ASSIGNMENT (( #4671 ) ) ;
#600 = LINE ( 'NONE', #3785, #5141 ) ;
#601 = VERTEX_POINT ( 'NONE', #3715 ) ;
#602 = VERTEX_POINT ( 'NONE', #4914 ) ;
#603 = VERTEX_POINT ( 'NONE', #3333 ) ;
#604 = PLANE ( 'NONE',  #1437 ) ;
#605 = AXIS2_PLACEMENT_3D ( 'NONE', #3393, #2599, #548 ) ;
#606 = DIRECTION ( 'NONE',  ( 0.0000000000000000000, 1.000000000000000000, 0.0000000000000000000 ) ) ;
#607 = DIRECTION ( 'NONE',  ( -0.0000000000000000000, -0.0000000000000000000, -1.000000000000000000 ) ) ;
#608 = VECTOR ( 'NONE', #4740, 39.37007874015748143 ) ;
#609 = VECTOR ( 'NONE', #3831, 39.37007874015748143 ) ;
#610 = EDGE_LOOP ( 'NONE', ( #59, #3772, #1630, #205 ) ) ;
#611 = DIRECTION ( 'NONE',  ( -0.0000000000000000000, -0.0000000000000000000, -1.000000000000000000 ) ) ;
#612 = CARTESIAN_POINT ( 'NONE',  ( -0.1487875483474893623, 0.01000000000000000021, -0.06099999999999999173 ) ) ;
#613 = CARTESIAN_POINT ( 'NONE',  ( -0.1275788215583597285, 0.01567333688023187302, -0.01200000000000000198 ) ) ;
#614 = CARTESIAN_POINT ( 'NONE',  ( 0.1275788215583597285, 0.01567333688023187302, 0.06100000004565745565 ) ) ;
#615 = CIRCLE ( 'NONE', #3530, 0.009999999999999995004 ) ;
#616 = CARTESIAN_POINT ( 'NONE',  ( 0.01833333333333329873, 0.0000000000000000000, 0.07199999999999996680 ) ) ;
#617 = EDGE_LOOP ( 'NONE', ( #1973, #751, #4248, #2109 ) ) ;
#618 = VECTOR ( 'NONE', #2035, 39.37007874015748143 ) ;
#619 = EDGE_LOOP ( 'NONE', ( #4350, #4429, #2343, #154, #5081, #1423, #769, #2545, #101, #4074, #1782, #1197 ) ) ;
#620 = DIRECTION ( 'NONE',  ( 1.000000000000000000, 0.0000000000000000000, 0.0000000000000000000 ) ) ;
#621 = EDGE_LOOP ( 'NONE', ( #2459, #4233, #2166, #3185 ) ) ;
#622 = DIRECTION ( 'NONE',  ( -1.000000000000000000, 0.0000000000000000000, 0.0000000000000000000 ) ) ;
#623 = EDGE_CURVE ( 'NONE', #643, #286, #2574, .T. ) ;
#624 = CIRCLE ( 'NONE', #1521, 0.009999999999999995004 ) ;
#625 = DIRECTION ( 'NONE',  ( 0.0000000000000000000, 0.0000000000000000000, 1.000000000000000000 ) ) ;
#626 = FILL_AREA_STYLE ('',( #1419 ) ) ;
#627 = CARTESIAN_POINT ( 'NONE',  ( 0.0000000000000000000, 0.1433333333333333404, 0.0000000000000000000 ) ) ;
#628 = DIRECTION ( 'NONE',  ( -0.0000000000000000000, -8.537024980200811957E-16, 1.000000000000000000 ) ) ;
#629 = EDGE_LOOP ( 'NONE', ( #3216, #2594, #726, #2117 ) ) ;
#630 = ORIENTED_EDGE ( 'NONE', *, *, #1263, .F. ) ;
#631 = UNCERTAINTY_MEASURE_WITH_UNIT (LENGTH_MEASURE( 1.000000000000000082E-05 ), #3807, 'distance_accuracy_value', 'NONE');
#632 = ORIENTED_EDGE ( 'NONE', *, *, #253, .T. ) ;
#633 = AXIS2_PLACEMENT_3D ( 'NONE', #5126, #3645, #4845 ) ;
#634 = CARTESIAN_POINT ( 'NONE',  ( 0.05000000000000000278, 0.07166666666666665630, 0.08199999999999998956 ) ) ;
#635 = PLANE ( 'NONE',  #844 ) ;
#636 = CARTESIAN_POINT ( 'NONE',  ( -0.1275788215583597285, 0.01567333688023187302, -0.1219999999999999835 ) ) ;
#637 = VECTOR ( 'NONE', #2064, 39.37007874015748143 ) ;
#638 = ORIENTED_EDGE ( 'NONE', *, *, #4224, .F. ) ;
#639 = FACE_OUTER_BOUND ( 'NONE', #3568, .T. ) ;
#640 = CARTESIAN_POINT ( 'NONE',  ( -0.1328941562142821886, 0.01567333688023188343, -0.01200000000000000198 ) ) ;
#641 = CARTESIAN_POINT ( 'NONE',  ( 0.05000000000000000278, 0.07166666666666667018, -0.07199999999999998068 ) ) ;
#642 = ORIENTED_EDGE ( 'NONE', *, *, #4744, .F. ) ;
#643 = VERTEX_POINT ( 'NONE', #4052 ) ;
#644 = EDGE_CURVE ( 'NONE', #3386, #2074, #4879, .T. ) ;
#645 = DIRECTION ( 'NONE',  ( 0.0000000000000000000, 0.0000000000000000000, 1.000000000000000000 ) ) ;
#646 = EDGE_LOOP ( 'NONE', ( #1247, #3193, #882, #3798 ) ) ;
#647 = CARTESIAN_POINT ( 'NONE',  ( 0.1219999999999994977, 0.02567333688023188190, 0.01200000004565745897 ) ) ;
#648 = DIRECTION ( 'NONE',  ( 1.000000000000000000, 0.0000000000000000000, 0.0000000000000000000 ) ) ;
#649 = CARTESIAN_POINT ( 'NONE',  ( 0.01666666666666665950, 0.02000000000000000042, -0.08200000000000000344 ) ) ;
#650 = EDGE_CURVE ( 'NONE', #363, #3311, #1836, .T. ) ;
#651 = LENGTH_MEASURE_WITH_UNIT ( LENGTH_MEASURE( 0.02539999999999999897 ), #4610 );
#652 = SURFACE_STYLE_FILL_AREA ( #672 ) ;
#653 = FACE_OUTER_BOUND ( 'NONE', #4571, .T. ) ;
#654 = ORIENTED_EDGE ( 'NONE', *, *, #163, .F. ) ;
#655 = ORIENTED_EDGE ( 'NONE', *, *, #2127, .T. ) ;
#656 = EDGE_CURVE ( 'NONE', #2137, #234, #2931, .T. ) ;
#657 = VERTEX_POINT ( 'NONE', #2492 ) ;
#658 = CARTESIAN_POINT ( 'NONE',  ( -0.1328941562142821886, 0.01567333688023188343, -0.1219999999999999835 ) ) ;
#659 = DIRECTION ( 'NONE',  ( -0.0000000000000000000, -1.000000000000000000, 0.0000000000000000000 ) ) ;
#660 = ADVANCED_FACE ( 'NONE', ( #545 ), #4078, .F. ) ;
#661 = ORIENTED_EDGE ( 'NONE', *, *, #3844, .T. ) ;
#662 = DIRECTION ( 'NONE',  ( -1.000000000000000000, 0.0000000000000000000, 0.0000000000000000000 ) ) ;
#663 = EDGE_CURVE ( 'NONE', #1222, #2306, #934, .T. ) ;
#664 = ORIENTED_EDGE ( 'NONE', *, *, #285, .T. ) ;
#665 = DIRECTION ( 'NONE',  ( 0.0000000000000000000, -1.000000000000000000, 0.0000000000000000000 ) ) ;
#666 = ORIENTED_EDGE ( 'NONE', *, *, #3231, .F. ) ;
#667 = DIRECTION ( 'NONE',  ( 0.0000000000000000000, 1.000000000000000000, 0.0000000000000000000 ) ) ;
#668 = CYLINDRICAL_SURFACE ( 'NONE', #706, 0.01999999999999999001 ) ;
#669 = LINE ( 'NONE', #2263, #5170 ) ;
#670 = MANIFOLD_SOLID_BREP ( 'Mirror2[1]', #4355 ) ;
#671 = PLANE ( 'NONE',  #1943 ) ;
#672 = FILL_AREA_STYLE ('',( #2642 ) ) ;
#673 = CARTESIAN_POINT ( 'NONE',  ( 0.1649970392176944578, 0.01000000000000000021, -0.1219999999999999835 ) ) ;
#674 = EDGE_LOOP ( 'NONE', ( #3124, #3741, #153, #1843 ) ) ;
#675 = PRODUCT_DEFINITION_CONTEXT ( 'detailed design', #1901, 'design' ) ;
#676 = VERTEX_POINT ( 'NONE', #1765 ) ;
#677 = CARTESIAN_POINT ( 'NONE',  ( -0.1275788215583597285, 0.01567333688023187302, 0.01200000004565746244 ) ) ;
#678 = DIRECTION ( 'NONE',  ( -1.000000000000000000, -1.530255967303269802E-15, 0.0000000000000000000 ) ) ;
#679 = ORIENTED_EDGE ( 'NONE', *, *, #1589, .F. ) ;
#680 = AXIS2_PLACEMENT_3D ( 'NONE', #4968, #2197, #1351 ) ;
#681 = DIRECTION ( 'NONE',  ( 1.000000000000000000, -0.0000000000000000000, 0.0000000000000000000 ) ) ;
#682 = AXIS2_PLACEMENT_3D ( 'NONE', #4339, #441, #3282 ) ;
#683 = STYLED_ITEM ( 'NONE', ( #5009 ), #1781 ) ;
#684 = FACE_OUTER_BOUND ( 'NONE', #2503, .T. ) ;
#685 = ORIENTED_EDGE ( 'NONE', *, *, #3008, .T. ) ;
#686 = DIRECTION ( 'NONE',  ( -1.000000000000000000, 0.0000000000000000000, 0.0000000000000000000 ) ) ;
#687 = MECHANICAL_DESIGN_GEOMETRIC_PRESENTATION_REPRESENTATION (  '', ( #93 ), #348 ) ;
#688 = CARTESIAN_POINT ( 'NONE',  ( -0.1275788215583597285, 0.01567333688023187649, -0.1219999999999999835 ) ) ;
#689 = PLANE ( 'NONE',  #1298 ) ;
#690 = MANIFOLD_SOLID_BREP ( 'Cut-Extrude2[2]', #4089 ) ;
#691 = AXIS2_PLACEMENT_3D ( 'NONE', #1752, #2566, #2153 ) ;
#692 = LINE ( 'NONE', #3615, #3310 ) ;
#693 = FILL_AREA_STYLE ('',( #243 ) ) ;
#694 = VECTOR ( 'NONE', #4567, 39.37007874015748143 ) ;
#695 = CARTESIAN_POINT ( 'NONE',  ( -0.1219999999999994977, 0.0000000000000000000, 0.08500000004565745615 ) ) ;
#696 = LINE ( 'NONE', #1111, #717 ) ;
#697 = ORIENTED_EDGE ( 'NONE', *, *, #2138, .T. ) ;
#698 = VERTEX_POINT ( 'NONE', #905 ) ;
#699 = SURFACE_STYLE_FILL_AREA ( #3503 ) ;
#700 = CARTESIAN_POINT ( 'NONE',  ( 0.1404987072757753475, 0.004405796420591505218, -0.01200000000000000198 ) ) ;
#701 = CARTESIAN_POINT ( 'NONE',  ( -0.05500000000000000028, 0.02000000000000000042, 0.08200000000000000344 ) ) ;
#702 = COLOUR_RGB ( '',0.6745098039215686736, 0.6745098039215686736, 0.6745098039215686736 ) ;
#703 = VERTEX_POINT ( 'NONE', #1457 ) ;
#704 = EDGE_CURVE ( 'NONE', #3018, #1874, #2174, .T. ) ;
#705 = CARTESIAN_POINT ( 'NONE',  ( -0.05000000000000000278, 0.01000000000000000021, 0.1019999999999999934 ) ) ;
#706 = AXIS2_PLACEMENT_3D ( 'NONE', #2639, #321, #1446 ) ;
#707 = DIRECTION ( 'NONE',  ( 0.0000000000000000000, 0.0000000000000000000, -1.000000000000000000 ) ) ;
#708 = EDGE_CURVE ( 'NONE', #4341, #3331, #3793, .T. ) ;
#709 = VERTEX_POINT ( 'NONE', #1014 ) ;
#710 = DIRECTION ( 'NONE',  ( -1.530255967303269802E-15, -1.000000000000000000, 0.0000000000000000000 ) ) ;
#711 = CARTESIAN_POINT ( 'NONE',  ( 0.05000000000000000278, 0.02000000000000000042, 0.07199999999999998068 ) ) ;
#712 = CARTESIAN_POINT ( 'NONE',  ( -0.01666666666666666990, 0.0000000000000000000, 0.09199999999999997069 ) ) ;
#713 = DIRECTION ( 'NONE',  ( 1.000000000000000000, 0.0000000000000000000, 0.0000000000000000000 ) ) ;
#714 = VECTOR ( 'NONE', #4389, 39.37007874015748143 ) ;
#715 = ORIENTED_EDGE ( 'NONE', *, *, #3145, .F. ) ;
#716 = ADVANCED_FACE ( 'NONE', ( #1043 ), #2273, .F. ) ;
#717 = VECTOR ( 'NONE', #1596, 39.37007874015748143 ) ;
#718 = EDGE_CURVE ( 'NONE', #376, #3182, #3871, .T. ) ;
#719 = ORIENTED_EDGE ( 'NONE', *, *, #3497, .T. ) ;
#720 = ORIENTED_EDGE ( 'NONE', *, *, #3589, .F. ) ;
#721 = FILL_AREA_STYLE ('',( #740 ) ) ;
#722 = PLANE ( 'NONE',  #834 ) ;
#723 = LINE ( 'NONE', #3965, #3797 ) ;
#724 = EDGE_CURVE ( 'NONE', #959, #732, #2690, .T. ) ;
#725 = VERTEX_POINT ( 'NONE', #2648 ) ;
#726 = ORIENTED_EDGE ( 'NONE', *, *, #2737, .T. ) ;
#727 = CARTESIAN_POINT ( 'NONE',  ( 0.05000000000000000278, 0.0000000000000000000, -0.1419999999999996543 ) ) ;
#728 = DIRECTION ( 'NONE',  ( 0.0000000000000000000, 0.0000000000000000000, -1.000000000000000000 ) ) ;
#729 = DIRECTION ( 'NONE',  ( 0.0000000000000000000, 0.0000000000000000000, 1.000000000000000000 ) ) ;
#730 = CARTESIAN_POINT ( 'NONE',  ( 0.1219999999999994977, 0.02567333688023188190, -0.08500000004565745615 ) ) ;
#731 = VERTEX_POINT ( 'NONE', #3414 ) ;
#732 = VERTEX_POINT ( 'NONE', #1820 ) ;
#733 = LINE ( 'NONE', #1906, #326 ) ;
#734 = SURFACE_SIDE_STYLE ('',( #3952 ) ) ;
#735 = DIRECTION ( 'NONE',  ( 0.0000000000000000000, 0.0000000000000000000, -1.000000000000000000 ) ) ;
#736 = ORIENTED_EDGE ( 'NONE', *, *, #2314, .T. ) ;
#737 = DIRECTION ( 'NONE',  ( -1.000000000000000000, 0.0000000000000000000, 0.0000000000000000000 ) ) ;
#738 = ORIENTED_EDGE ( 'NONE', *, *, #2165, .F. ) ;
#739 = COLOUR_RGB ( '',0.6745098039215686736, 0.6745098039215686736, 0.6745098039215686736 ) ;
#740 = FILL_AREA_STYLE_COLOUR ( '', #1572 ) ;
#741 = AXIS2_PLACEMENT_3D ( 'NONE', #802, #3977, #4856 ) ;
#742 = EDGE_LOOP ( 'NONE', ( #3806, #944, #4855 ) ) ;
#743 = ORIENTED_EDGE ( 'NONE', *, *, #971, .F. ) ;
#744 = DIRECTION ( 'NONE',  ( 0.0000000000000000000, -1.000000000000000000, 0.0000000000000000000 ) ) ;
#745 =( NAMED_UNIT ( * ) SI_UNIT ( $, .STERADIAN. ) SOLID_ANGLE_UNIT ( ) );
#746 = CARTESIAN_POINT ( 'NONE',  ( -0.1219999999999994977, 0.02567333688023188190, 0.01200000004565745897 ) ) ;
#747 = AXIS2_PLACEMENT_3D ( 'NONE', #2961, #4935, #2047 ) ;
#748 = CARTESIAN_POINT ( 'NONE',  ( -0.1119999999999999885, 0.07166666666666667018, -0.1119999999999999885 ) ) ;
#749 = LINE ( 'NONE', #730, #2630 ) ;
#750 = VECTOR ( 'NONE', #139, 39.37007874015748143 ) ;
#751 = ORIENTED_EDGE ( 'NONE', *, *, #2613, .F. ) ;
#752 = LENGTH_MEASURE_WITH_UNIT ( LENGTH_MEASURE( 0.02539999999999999897 ), #3950 );
#753 = VERTEX_POINT ( 'NONE', #3895 ) ;
#754 = CARTESIAN_POINT ( 'NONE',  ( -0.1358676626300737711, 0.01126754045964036693, -0.01200000000000000198 ) ) ;
#755 = CARTESIAN_POINT ( 'NONE',  ( -0.05000000000000000278, 0.02000000000000000042, 0.07199999999999998068 ) ) ;
#756 = CIRCLE ( 'NONE', #4532, 0.009999999999999995004 ) ;
#757 = DIRECTION ( 'NONE',  ( 0.0000000000000000000, 0.0000000000000000000, -1.000000000000000000 ) ) ;
#758 = AXIS2_PLACEMENT_3D ( 'NONE', #1127, #1099, #4736 ) ;
#759 = ORIENTED_EDGE ( 'NONE', *, *, #2592, .F. ) ;
#760 = ADVANCED_FACE ( 'NONE', ( #4189 ), #3842, .T. ) ;
#761 =( NAMED_UNIT ( * ) PLANE_ANGLE_UNIT ( ) SI_UNIT ( $, .RADIAN. ) );
#762 = DIRECTION ( 'NONE',  ( -1.000000000000000000, -0.0000000000000000000, -0.0000000000000000000 ) ) ;
#763 = VERTEX_POINT ( 'NONE', #677 ) ;
#764 = B_SPLINE_CURVE_WITH_KNOTS ( 'NONE', 3,
 ( #382, #2700, #12, #3164 ),
 .UNSPECIFIED., .F., .F.,
 ( 4, 4 ),
 ( 0.0000000000000000000, 1.000000000000000000 ),
 .UNSPECIFIED. ) ;
#765 = COLOUR_RGB ( '',0.2980392156862745057, 0.2980392156862745057, 0.2980392156862745057 ) ;
#766 = CARTESIAN_POINT ( 'NONE',  ( -0.1319999999999999785, 0.1433333333333333404, -0.1119999999999999885 ) ) ;
#767 = SURFACE_STYLE_USAGE ( .BOTH. , #328 ) ;
#768 = VECTOR ( 'NONE', #2206, 39.37007874015748143 ) ;
#769 = ORIENTED_EDGE ( 'NONE', *, *, #3551, .T. ) ;
#770 = ORIENTED_EDGE ( 'NONE', *, *, #2116, .F. ) ;
#771 = ORIENTED_EDGE ( 'NONE', *, *, #4569, .T. ) ;
#772 = CYLINDRICAL_SURFACE ( 'NONE', #845, 0.009999999999999995004 ) ;
#773 = FACE_OUTER_BOUND ( 'NONE', #3083, .T. ) ;
#774 = DIRECTION ( 'NONE',  ( 0.5594203579408524307, -0.8288841071713997088, 0.0000000000000000000 ) ) ;
#775 = DIRECTION ( 'NONE',  ( 1.000000000000000000, 1.384382429221754630E-16, 0.0000000000000000000 ) ) ;
#776 = VECTOR ( 'NONE', #4584, 39.37007874015748143 ) ;
#777 = VERTEX_POINT ( 'NONE', #634 ) ;
#778 = VERTEX_POINT ( 'NONE', #4250 ) ;
#779 = DIRECTION ( 'NONE',  ( -0.0000000000000000000, -1.000000000000000000, -0.0000000000000000000 ) ) ;
#780 = CARTESIAN_POINT ( 'NONE',  ( 0.1404987072757753475, 0.004405796420591500881, -0.06099999999999999173 ) ) ;
#781 = DIRECTION ( 'NONE',  ( 0.0000000000000000000, -1.000000000000000000, 0.0000000000000000000 ) ) ;
#782 = EDGE_CURVE ( 'NONE', #3968, #4493, #3034, .T. ) ;
#783 = SURFACE_SIDE_STYLE ('',( #1979 ) ) ;
#784 = DIRECTION ( 'NONE',  ( 0.0000000000000000000, -0.0000000000000000000, -1.000000000000000000 ) ) ;
#785 = CARTESIAN_POINT ( 'NONE',  ( -0.1458140419316977521, 0.01440579642059151150, -0.1219999999999999835 ) ) ;
#786 = ORIENTED_EDGE ( 'NONE', *, *, #4147, .F. ) ;
#787 = EDGE_CURVE ( 'NONE', #224, #2740, #3460, .T. ) ;
#788 = DIRECTION ( 'NONE',  ( 1.000000000000000000, 0.0000000000000000000, 0.0000000000000000000 ) ) ;
#789 = LINE ( 'NONE', #1571, #1284 ) ;
#790 = AXIS2_PLACEMENT_3D ( 'NONE', #1588, #1563, #1260 ) ;
#791 = ORIENTED_EDGE ( 'NONE', *, *, #1682, .F. ) ;
#792 = EDGE_LOOP ( 'NONE', ( #824, #3413, #1399 ) ) ;
#793 = ORIENTED_EDGE ( 'NONE', *, *, #2051, .F. ) ;
#794 =( LENGTH_UNIT ( ) NAMED_UNIT ( * ) SI_UNIT ( $, .METRE. ) );
#795 = DIRECTION ( 'NONE',  ( -0.0000000000000000000, 0.0000000000000000000, 1.000000000000000000 ) ) ;
#796 = DIRECTION ( 'NONE',  ( 0.0000000000000000000, 0.0000000000000000000, -1.000000000000000000 ) ) ;
#797 = DIRECTION ( 'NONE',  ( -1.000000000000000000, 0.0000000000000000000, 0.0000000000000000000 ) ) ;
#798 = CARTESIAN_POINT ( 'NONE',  ( -0.1328941562142821886, 0.02567333688023188190, -0.06099999999999999173 ) ) ;
#799 = ADVANCED_FACE ( 'NONE', ( #4010 ), #1936, .T. ) ;
#800 = VERTEX_POINT ( 'NONE', #1570 ) ;
#801 = ORIENTED_EDGE ( 'NONE', *, *, #2427, .F. ) ;
#802 = CARTESIAN_POINT ( 'NONE',  ( 0.06650453896958853639, 0.2149999333333333373, -0.06650453896958856415 ) ) ;
#803 = CARTESIAN_POINT ( 'NONE',  ( 0.1458140419316977521, 0.01440579642059151150, 0.06100000004565745565 ) ) ;
#804 = EDGE_CURVE ( 'NONE', #800, #4833, #2765, .T. ) ;
#805 = LINE ( 'NONE', #3252, #4241 ) ;
#806 = ORIENTED_EDGE ( 'NONE', *, *, #3787, .T. ) ;
#807 = CARTESIAN_POINT ( 'NONE',  ( 0.05000000000000000278, 0.0000000000000000000, 0.09199999999999995681 ) ) ;
#808 = DIMENSIONAL_EXPONENTS ( 1.000000000000000000, 0.0000000000000000000, 0.0000000000000000000, 0.0000000000000000000, 0.0000000000000000000, 0.0000000000000000000, 0.0000000000000000000 ) ;
#809 = DIRECTION ( 'NONE',  ( 0.0000000000000000000, 0.0000000000000000000, 1.000000000000000000 ) ) ;
#810 = DIRECTION ( 'NONE',  ( -1.000000000000000000, -0.0000000000000000000, 0.0000000000000000000 ) ) ;
#811 = DIRECTION ( 'NONE',  ( -1.000000000000000000, 0.0000000000000000000, -0.0000000000000000000 ) ) ;
#812 = ORIENTED_EDGE ( 'NONE', *, *, #3166, .T. ) ;
#813 = UNCERTAINTY_MEASURE_WITH_UNIT (LENGTH_MEASURE( 1.000000000000000082E-05 ), #4934, 'distance_accuracy_value', 'NONE');
#814 =( NAMED_UNIT ( * ) PLANE_ANGLE_UNIT ( ) SI_UNIT ( $, .RADIAN. ) );
#815 = DIRECTION ( 'NONE',  ( 0.0000000000000000000, 0.0000000000000000000, 1.000000000000000000 ) ) ;
#816 = FILL_AREA_STYLE_COLOUR ( '', #1132 ) ;
#817 = ORIENTED_EDGE ( 'NONE', *, *, #4193, .F. ) ;
#818 = EDGE_LOOP ( 'NONE', ( #2817, #543, #5097, #1160 ) ) ;
#819 = ORIENTED_EDGE ( 'NONE', *, *, #510, .T. ) ;
#820 = SURFACE_STYLE_FILL_AREA ( #3597 ) ;
#821 = DIRECTION ( 'NONE',  ( 1.000000000000000000, 0.0000000000000000000, 0.0000000000000000000 ) ) ;
#822 = LINE ( 'NONE', #2432, #190 ) ;
#823 = ADVANCED_FACE ( 'NONE', ( #1191 ), #327, .T. ) ;
#824 = ORIENTED_EDGE ( 'NONE', *, *, #21, .T. ) ;
#825 = COLOUR_RGB ( '',0.7529411764705882248, 0.7529411764705882248, 0.7529411764705882248 ) ;
#826 = DIRECTION ( 'NONE',  ( 0.0000000000000000000, 0.0000000000000000000, -1.000000000000000000 ) ) ;
#827 = ORIENTED_EDGE ( 'NONE', *, *, #2971, .T. ) ;
#828 = DIRECTION ( 'NONE',  ( 1.000000000000000000, 0.0000000000000000000, 0.0000000000000000000 ) ) ;
#829 = DIRECTION ( 'NONE',  ( 0.0000000000000000000, 0.0000000000000000000, -1.000000000000000000 ) ) ;
#830 = CARTESIAN_POINT ( 'NONE',  ( -0.1219999999999994977, 0.02567333688023188190, 0.01200000004565745897 ) ) ;
#831 =( NAMED_UNIT ( * ) SI_UNIT ( $, .STERADIAN. ) SOLID_ANGLE_UNIT ( ) );
#832 = ADVANCED_FACE ( 'NONE', ( #4346 ), #1524, .T. ) ;
#833 = EDGE_LOOP ( 'NONE', ( #471, #5060, #4712, #2490 ) ) ;
#834 = AXIS2_PLACEMENT_3D ( 'NONE', #5024, #1403, #3011 ) ;
#835 = SURFACE_STYLE_FILL_AREA ( #1621 ) ;
#836 = CARTESIAN_POINT ( 'NONE',  ( 0.1487875483474893623, 0.0000000000000000000, 0.08500000004565745615 ) ) ;
#837 = DIRECTION ( 'NONE',  ( 0.8288841071713998199, -0.5594203579408525417, 0.0000000000000000000 ) ) ;
#838 =( GEOMETRIC_REPRESENTATION_CONTEXT ( 3 ) GLOBAL_UNCERTAINTY_ASSIGNED_CONTEXT ( ( #5188 ) ) GLOBAL_UNIT_ASSIGNED_CONTEXT ( ( #2253, #4657, #1825 ) ) REPRESENTATION_CONTEXT ( 'NONE', 'WORKASPACE' ) );
#839 = CIRCLE ( 'NONE', #2783, 0.009999999999999995004 ) ;
#840 = CARTESIAN_POINT ( 'NONE',  ( 0.1487875483474893901, 0.0000000000000000000, -0.1219999999999999835 ) ) ;
#841 = DIRECTION ( 'NONE',  ( -1.000000000000000000, -8.537024980200826748E-16, 0.0000000000000000000 ) ) ;
#842 = DIRECTION ( 'NONE',  ( 0.0000000000000000000, -0.0000000000000000000, 1.000000000000000000 ) ) ;
#843 = ORIENTED_EDGE ( 'NONE', *, *, #338, .F. ) ;
#844 = AXIS2_PLACEMENT_3D ( 'NONE', #2224, #5083, #3010 ) ;
#845 = AXIS2_PLACEMENT_3D ( 'NONE', #4752, #1920, #379 ) ;
#846 = EDGE_CURVE ( 'NONE', #3576, #1762, #4819, .T. ) ;
#847 = ORIENTED_EDGE ( 'NONE', *, *, #1150, .F. ) ;
#848 = ORIENTED_EDGE ( 'NONE', *, *, #4302, .F. ) ;
#849 = SURFACE_STYLE_USAGE ( .BOTH. , #544 ) ;
#850 = DIRECTION ( 'NONE',  ( -0.0000000000000000000, -1.000000000000000000, -0.0000000000000000000 ) ) ;
#851 = LINE ( 'NONE', #4426, #2870 ) ;
#852 = VECTOR ( 'NONE', #964, 39.37007874015748143 ) ;
#853 = VERTEX_POINT ( 'NONE', #372 ) ;
#854 = DIRECTION ( 'NONE',  ( -1.000000000000000000, 0.0000000000000000000, 0.0000000000000000000 ) ) ;
#855 = ORIENTED_EDGE ( 'NONE', *, *, #1772, .T. ) ;
#856 = DIRECTION ( 'NONE',  ( -0.5594203579408524307, -0.8288841071713995978, 0.0000000000000000000 ) ) ;
#857 = CARTESIAN_POINT ( 'NONE',  ( -0.1487875483474893623, 0.0000000000000000000, -0.08500000004565745615 ) ) ;
#858 = CARTESIAN_POINT ( 'NONE',  ( -0.1458140419316977521, 0.01440579642059151150, 0.08500000004565745615 ) ) ;
#859 = LINE ( 'NONE', #2474, #4583 ) ;
#860 = ORIENTED_EDGE ( 'NONE', *, *, #4615, .F. ) ;
#861 = FILL_AREA_STYLE_COLOUR ( '', #3536 ) ;
#862 = CARTESIAN_POINT ( 'NONE',  ( 0.1119999999999999607, 0.1433333333333333404, 0.1293205080756887337 ) ) ;
#863 = EDGE_CURVE ( 'NONE', #3311, #363, #334, .T. ) ;
#864 = DIRECTION ( 'NONE',  ( 1.000000000000000000, 0.0000000000000000000, 0.0000000000000000000 ) ) ;
#865 = VECTOR ( 'NONE', #810, 39.37007874015748143 ) ;
#866 = EDGE_CURVE ( 'NONE', #3319, #657, #3, .T. ) ;
#867 = CARTESIAN_POINT ( 'NONE',  ( -0.05000000000000000278, 0.07166666666666665630, 0.08199999999999998956 ) ) ;
#868 = DIRECTION ( 'NONE',  ( -1.000000000000000000, -0.0000000000000000000, 0.0000000000000000000 ) ) ;
#869 = EDGE_CURVE ( 'NONE', #3791, #4510, #1548, .T. ) ;
#870 = CARTESIAN_POINT ( 'NONE',  ( -0.05000000000000000278, 0.02000000000000000042, -0.08199999999999998956 ) ) ;
#871 = ORIENTED_EDGE ( 'NONE', *, *, #1124, .F. ) ;
#872 = EDGE_LOOP ( 'NONE', ( #1330, #1523, #3788, #2645 ) ) ;
#873 = EDGE_LOOP ( 'NONE', ( #580, #4825, #5078, #2890 ) ) ;
#874 = FILL_AREA_STYLE ('',( #2075 ) ) ;
#875 = CARTESIAN_POINT ( 'NONE',  ( -0.1120000000000000162, 0.1433333333333333404, -0.1293205080756887337 ) ) ;
#876 = CARTESIAN_POINT ( 'NONE',  ( 0.1649970392176944856, 0.0000000000000000000, -0.01199999999999999678 ) ) ;
#877 = DIRECTION ( 'NONE',  ( 0.0000000000000000000, 0.0000000000000000000, 1.000000000000000000 ) ) ;
#878 = DIRECTION ( 'NONE',  ( 0.0000000000000000000, 0.0000000000000000000, -1.000000000000000000 ) ) ;
#879 = ADVANCED_FACE ( 'NONE', ( #2368 ), #2794, .T. ) ;
#880 = ORIENTED_EDGE ( 'NONE', *, *, #3628, .F. ) ;
#881 = DIRECTION ( 'NONE',  ( -1.530255967303269802E-15, -1.000000000000000000, 0.0000000000000000000 ) ) ;
#882 = ORIENTED_EDGE ( 'NONE', *, *, #3656, .T. ) ;
#883 = DIRECTION ( 'NONE',  ( -1.115884769084667415E-16, 0.0000000000000000000, -1.000000000000000000 ) ) ;
#884 = CARTESIAN_POINT ( 'NONE',  ( 0.1649970392176944578, 0.01000000000000000021, 0.06100000004565745565 ) ) ;
#885 = DIRECTION ( 'NONE',  ( 0.0000000000000000000, 1.000000000000000000, 0.0000000000000000000 ) ) ;
#886 = CARTESIAN_POINT ( 'NONE',  ( -0.05500000000000000028, 0.0000000000000000000, 0.07199999999999996680 ) ) ;
#887 = DIRECTION ( 'NONE',  ( 0.0000000000000000000, 0.0000000000000000000, 1.000000000000000000 ) ) ;
#888 = ORIENTED_EDGE ( 'NONE', *, *, #4253, .F. ) ;
#889 = CARTESIAN_POINT ( 'NONE',  ( 0.1404987072757753475, 0.004405796420591505218, -0.06099999999999999173 ) ) ;
#890 = CYLINDRICAL_SURFACE ( 'NONE', #1655, 0.009999999999999995004 ) ;
#891 = SURFACE_STYLE_USAGE ( .BOTH. , #2505 ) ;
#892 = CARTESIAN_POINT ( 'NONE',  ( 0.1404987072757753475, 0.004405796420591500881, -0.1219999999999999835 ) ) ;
#893 = DIRECTION ( 'NONE',  ( 0.0000000000000000000, 0.0000000000000000000, 1.000000000000000000 ) ) ;
#894 = CARTESIAN_POINT ( 'NONE',  ( 0.05000000000000000278, 0.02000000000000000042, 0.07199999999999998068 ) ) ;
#895 = SURFACE_SIDE_STYLE ('',( #979 ) ) ;
#896 = CARTESIAN_POINT ( 'NONE',  ( 0.1319999999999999785, 0.1333333333333332482, -0.1319999999999999785 ) ) ;
#897 = CYLINDRICAL_SURFACE ( 'NONE', #3959, 0.01999999999999999001 ) ;
#898 = CARTESIAN_POINT ( 'NONE',  ( 0.05000000000000000278, 0.02000000000000000042, 0.08199999999999998956 ) ) ;
#899 = PLANE ( 'NONE',  #3470 ) ;
#900 = EDGE_CURVE ( 'NONE', #3456, #753, #4154, .T. ) ;
#901 = LINE ( 'NONE', #3302, #3407 ) ;
#902 = ORIENTED_EDGE ( 'NONE', *, *, #2032, .T. ) ;
#903 = VERTEX_POINT ( 'NONE', #4498 ) ;
#904 = ADVANCED_FACE ( 'NONE', ( #4131 ), #3351, .T. ) ;
#905 = CARTESIAN_POINT ( 'NONE',  ( -0.1219999999999994977, 0.02567333688023188190, 0.08500000004565745615 ) ) ;
#906 = DIRECTION ( 'NONE',  ( 0.0000000000000000000, 0.0000000000000000000, 1.000000000000000000 ) ) ;
#907 = PLANE ( 'NONE',  #343 ) ;
#908 = CARTESIAN_POINT ( 'NONE',  ( 0.1219999999999995255, 0.01567333688023188343, -0.1219999999999999835 ) ) ;
#909 = AXIS2_PLACEMENT_3D ( 'NONE', #946, #1362, #2588 ) ;
#910 = CARTESIAN_POINT ( 'NONE',  ( 0.05000000000000000278, 0.006666666666666667095, 0.07199999999999996680 ) ) ;
#911 = CARTESIAN_POINT ( 'NONE',  ( -0.1219999999999994977, 0.02567333688023188190, -0.08500000004565745615 ) ) ;
#912 = DIRECTION ( 'NONE',  ( 0.0000000000000000000, 0.0000000000000000000, 1.000000000000000000 ) ) ;
#913 = STYLED_ITEM ( 'NONE', ( #487 ), #670 ) ;
#914 = ORIENTED_EDGE ( 'NONE', *, *, #5006, .T. ) ;
#915 = ORIENTED_EDGE ( 'NONE', *, *, #846, .F. ) ;
#916 = EDGE_CURVE ( 'NONE', #3893, #4319, #925, .T. ) ;
#917 = EDGE_LOOP ( 'NONE', ( #3994, #4995, #2494, #1039 ) ) ;
#918 = DIRECTION ( 'NONE',  ( 0.0000000000000000000, -1.000000000000000000, -0.0000000000000000000 ) ) ;
#919 = CARTESIAN_POINT ( 'NONE',  ( -0.06650453896958856415, 0.2049999333333333562, 7.421140211116159025E-18 ) ) ;
#920 = CARTESIAN_POINT ( 'NONE',  ( -0.1219999999999994839, 0.02567333688023188190, -0.06099999999999999173 ) ) ;
#921 = AXIS2_PLACEMENT_3D ( 'NONE', #2099, #1710, #2186 ) ;
#922 = DIRECTION ( 'NONE',  ( 1.000000000000000000, 3.414809992080329516E-15, -0.0000000000000000000 ) ) ;
#923 = VECTOR ( 'NONE', #201, 39.37007874015748143 ) ;
#924 = EDGE_CURVE ( 'NONE', #731, #1040, #3263, .T. ) ;
#925 = LINE ( 'NONE', #567, #3521 ) ;
#926 = CARTESIAN_POINT ( 'NONE',  ( 0.05000000000000000278, 0.009999999999999998473, 0.08866666666666667140 ) ) ;
#927 = CARTESIAN_POINT ( 'NONE',  ( -0.06650453896958855027, 0.2049999333333333562, 0.06650453896958853639 ) ) ;
#928 = DIRECTION ( 'NONE',  ( 1.384382429221754630E-16, -1.000000000000000000, 0.0000000000000000000 ) ) ;
#929 = VECTOR ( 'NONE', #192, 39.37007874015748854 ) ;
#930 = VERTEX_POINT ( 'NONE', #80 ) ;
#931 = ORIENTED_EDGE ( 'NONE', *, *, #1497, .T. ) ;
#932 = AXIS2_PLACEMENT_3D ( 'NONE', #62, #4023, #89 ) ;
#933 = CIRCLE ( 'NONE', #1104, 0.01732050807568874529 ) ;
#934 = LINE ( 'NONE', #3391, #3678 ) ;
#935 = CARTESIAN_POINT ( 'NONE',  ( -0.1404987072757753475, 0.004405796420591500881, 0.06100000004565745565 ) ) ;
#936 = CARTESIAN_POINT ( 'NONE',  ( 0.05000000000000000278, 0.01000000000000000021, -0.1020000000000000351 ) ) ;
#937 = VERTEX_POINT ( 'NONE', #1679 ) ;
#938 = LINE ( 'NONE', #2938, #1025 ) ;
#939 = VECTOR ( 'NONE', #549, 39.37007874015748143 ) ;
#940 = ADVANCED_FACE ( 'NONE', ( #1269 ), #111, .F. ) ;
#941 = APPLICATION_PROTOCOL_DEFINITION ( 'draft international standard', 'automotive_design', 1998, #1625 ) ;
#942 = AXIS2_PLACEMENT_3D ( 'NONE', #1550, #3987, #3156 ) ;
#943 = ORIENTED_EDGE ( 'NONE', *, *, #4152, .T. ) ;
#944 = ORIENTED_EDGE ( 'NONE', *, *, #3532, .T. ) ;
#945 = DIRECTION ( 'NONE',  ( -1.384382429221754630E-16, 1.000000000000000000, 0.0000000000000000000 ) ) ;
#946 = CARTESIAN_POINT ( 'NONE',  ( -0.1119999999999999885, 0.1433333333333333404, -0.1119999999999999885 ) ) ;
#947 =( LENGTH_UNIT ( ) NAMED_UNIT ( * ) SI_UNIT ( $, .METRE. ) );
#948 = SURFACE_STYLE_FILL_AREA ( #563 ) ;
#949 = AXIS2_PLACEMENT_3D ( 'NONE', #3265, #1218, #3676 ) ;
#950 = CYLINDRICAL_SURFACE ( 'NONE', #292, 0.009999999999999995004 ) ;
#951 = EDGE_CURVE ( 'NONE', #2634, #3682, #2156, .T. ) ;
#952 = CIRCLE ( 'NONE', #2880, 0.01999999999999999001 ) ;
#953 = CARTESIAN_POINT ( 'NONE',  ( 0.1541028830034117947, 0.02000000000000000042, -0.1219999999999999835 ) ) ;
#954 = DIRECTION ( 'NONE',  ( 0.0000000000000000000, 1.000000000000000000, 0.0000000000000000000 ) ) ;
#955 = PRESENTATION_STYLE_ASSIGNMENT (( #4644 ) ) ;
#956 = VECTOR ( 'NONE', #1753, 39.37007874015748143 ) ;
#957 = VERTEX_POINT ( 'NONE', #3299 ) ;
#958 = ORIENTED_EDGE ( 'NONE', *, *, #4294, .T. ) ;
#959 = VERTEX_POINT ( 'NONE', #2455 ) ;
#960 = CARTESIAN_POINT ( 'NONE',  ( 0.05000000000000000278, 0.01000000000000000021, 0.1419999999999996543 ) ) ;
#961 = CARTESIAN_POINT ( 'NONE',  ( 0.1275788215583597285, 0.01567333688023187302, 0.01200000004565746244 ) ) ;
#962 = DIRECTION ( 'NONE',  ( 0.0000000000000000000, -1.000000000000000000, 0.0000000000000000000 ) ) ;
#963 = CARTESIAN_POINT ( 'NONE',  ( -0.1219999999999995116, 0.02567333688023188190, 0.06100000004565745565 ) ) ;
#964 = DIRECTION ( 'NONE',  ( 0.0000000000000000000, 0.0000000000000000000, 1.000000000000000000 ) ) ;
#965 = ORIENTED_EDGE ( 'NONE', *, *, #2116, .T. ) ;
#966 = FACE_OUTER_BOUND ( 'NONE', #4188, .T. ) ;
#967 = CARTESIAN_POINT ( 'NONE',  ( -0.05000000000000000278, 0.0000000000000000000, 0.1419999999999996543 ) ) ;
#968 = LINE ( 'NONE', #2168, #1101 ) ;
#969 = ADVANCED_FACE ( 'NONE', ( #3734 ), #4043, .T. ) ;
#970 = CARTESIAN_POINT ( 'NONE',  ( 0.05500000000000000028, 0.0000000000000000000, 0.07199999999999996680 ) ) ;
#971 = EDGE_CURVE ( 'NONE', #3493, #4135, #2132, .T. ) ;
#972 = ORIENTED_EDGE ( 'NONE', *, *, #2702, .F. ) ;
#973 = VERTEX_POINT ( 'NONE', #1729 ) ;
#974 = DIRECTION ( 'NONE',  ( -0.0000000000000000000, -0.0000000000000000000, 1.000000000000000000 ) ) ;
#975 = EDGE_LOOP ( 'NONE', ( #3593, #3224, #2999, #1318 ) ) ;
#976 = ADVANCED_FACE ( 'NONE', ( #480 ), #3237, .T. ) ;
#977 = CARTESIAN_POINT ( 'NONE',  ( -0.05500000000000000028, 0.01000000000000000021, -0.1019999999999999934 ) ) ;
#978 = LINE ( 'NONE', #2478, #352 ) ;
#979 = SURFACE_STYLE_FILL_AREA ( #479 ) ;
#980 = PRESENTATION_STYLE_ASSIGNMENT (( #1396 ) ) ;
#981 = LINE ( 'NONE', #3837, #2777 ) ;
#982 = LINE ( 'NONE', #2590, #2371 ) ;
#983 = ORIENTED_EDGE ( 'NONE', *, *, #2663, .F. ) ;
#984 = ORIENTED_EDGE ( 'NONE', *, *, #3870, .T. ) ;
#985 = UNCERTAINTY_MEASURE_WITH_UNIT (LENGTH_MEASURE( 1.000000000000000082E-05 ), #4694, 'distance_accuracy_value', 'NONE');
#986 = VERTEX_POINT ( 'NONE', #867 ) ;
#987 = ORIENTED_EDGE ( 'NONE', *, *, #4762, .T. ) ;
#988 = LINE ( 'NONE', #2597, #181 ) ;
#989 = CARTESIAN_POINT ( 'NONE',  ( -0.1328941562142821331, 0.02567333688023188190, -0.1219999999999999835 ) ) ;
#990 = ORIENTED_EDGE ( 'NONE', *, *, #1511, .F. ) ;
#991 = CARTESIAN_POINT ( 'NONE',  ( -0.06250000000000000000, 0.07166666666666667018, -0.07199999999999998068 ) ) ;
#992 = EDGE_CURVE ( 'NONE', #2697, #5191, #2483, .T. ) ;
#993 = LINE ( 'NONE', #3281, #3924 ) ;
#994 = DIRECTION ( 'NONE',  ( -1.000000000000000000, 0.0000000000000000000, 0.0000000000000000000 ) ) ;
#995 =( NAMED_UNIT ( * ) SI_UNIT ( $, .STERADIAN. ) SOLID_ANGLE_UNIT ( ) );
#996 = ORIENTED_EDGE ( 'NONE', *, *, #5087, .F. ) ;
#997 = ORIENTED_EDGE ( 'NONE', *, *, #1179, .T. ) ;
#998 = CIRCLE ( 'NONE', #155, 0.01000000000000000368 ) ;
#999 = CARTESIAN_POINT ( 'NONE',  ( 0.1119999999999999607, 0.07166666666666667018, -0.1119999999999999885 ) ) ;
#1000 = VERTEX_POINT ( 'NONE', #4903 ) ;
#1001 = CARTESIAN_POINT ( 'NONE',  ( -0.05500000000000000028, 0.02000000000000000042, -0.08200000000000000344 ) ) ;
#1002 =( CONVERSION_BASED_UNIT ( 'INCH', #298 ) LENGTH_UNIT ( ) NAMED_UNIT ( #2864 ) );
#1003 =( NAMED_UNIT ( * ) SI_UNIT ( $, .STERADIAN. ) SOLID_ANGLE_UNIT ( ) );
#1004 = AXIS2_PLACEMENT_3D ( 'NONE', #2438, #2855, #1560 ) ;
#1005 = EDGE_CURVE ( 'NONE', #2137, #3893, #1261, .T. ) ;
#1006 = ADVANCED_FACE ( 'NONE', ( #3756 ), #2666, .F. ) ;
#1007 = FILL_AREA_STYLE_COLOUR ( '', #4138 ) ;
#1008 = CARTESIAN_POINT ( 'NONE',  ( -0.1219999999999994839, 0.0000000000000000000, -0.06099999999999999173 ) ) ;
#1009 = DIRECTION ( 'NONE',  ( 1.000000000000000000, -8.537024980200826748E-16, 0.0000000000000000000 ) ) ;
#1010 =( GEOMETRIC_REPRESENTATION_CONTEXT ( 3 ) GLOBAL_UNCERTAINTY_ASSIGNED_CONTEXT ( ( #2300 ) ) GLOBAL_UNIT_ASSIGNED_CONTEXT ( ( #273, #221, #5017 ) ) REPRESENTATION_CONTEXT ( 'NONE', 'WORKASPACE' ) );
#1011 = ORIENTED_EDGE ( 'NONE', *, *, #476, .T. ) ;
#1012 = ORIENTED_EDGE ( 'NONE', *, *, #4529, .F. ) ;
#1013 = ORIENTED_EDGE ( 'NONE', *, *, #1259, .F. ) ;
#1014 = CARTESIAN_POINT ( 'NONE',  ( -0.05000000000000000278, 0.02000000000000000042, -0.07199999999999998068 ) ) ;
#1015 = DIRECTION ( 'NONE',  ( 0.0000000000000000000, 1.000000000000000000, 0.0000000000000000000 ) ) ;
#1016 = CIRCLE ( 'NONE', #3858, 0.009999999999999995004 ) ;
#1017 = CARTESIAN_POINT ( 'NONE',  ( -0.07650453896958855915, 0.2149999333333333373, -0.06650453896958856415 ) ) ;
#1018 = CARTESIAN_POINT ( 'NONE',  ( 0.1487875483474893623, 0.0000000000000000000, -0.08500000004565745615 ) ) ;
#1019 = VECTOR ( 'NONE', #4459, 39.37007874015748143 ) ;
#1020 = ORIENTED_EDGE ( 'NONE', *, *, #1615, .T. ) ;
#1021 = CARTESIAN_POINT ( 'NONE',  ( 0.1649970392176944578, 0.01000000000000000021, -0.06099999999999999173 ) ) ;
#1022 = CARTESIAN_POINT ( 'NONE',  ( 0.05000000000000000278, 0.01000000000000000021, -0.08199999999999998956 ) ) ;
#1023 = CARTESIAN_POINT ( 'NONE',  ( 0.1328941562142821886, 0.01567333688023188343, -0.01200000000000000198 ) ) ;
#1024 = VECTOR ( 'NONE', #1250, 39.37007874015748143 ) ;
#1025 = VECTOR ( 'NONE', #1285, 39.37007874015748854 ) ;
#1026 = ADVANCED_FACE ( 'NONE', ( #3003 ), #4213, .T. ) ;
#1027 =( GEOMETRIC_REPRESENTATION_CONTEXT ( 3 ) GLOBAL_UNCERTAINTY_ASSIGNED_CONTEXT ( ( #1959 ) ) GLOBAL_UNIT_ASSIGNED_CONTEXT ( ( #1105, #3834, #1003 ) ) REPRESENTATION_CONTEXT ( 'NONE', 'WORKASPACE' ) );
#1028 = CIRCLE ( 'NONE', #526, 0.009999999999999995004 ) ;
#1029 = VERTEX_POINT ( 'NONE', #4293 ) ;
#1030 = DIRECTION ( 'NONE',  ( 1.000000000000000000, 0.0000000000000000000, 0.0000000000000000000 ) ) ;
#1031 = EDGE_LOOP ( 'NONE', ( #715, #630, #40, #437 ) ) ;
#1032 = DIRECTION ( 'NONE',  ( 0.0000000000000000000, -1.000000000000000000, 0.0000000000000000000 ) ) ;
#1033 = LINE ( 'NONE', #4264, #5001 ) ;
#1034 = AXIS2_PLACEMENT_3D ( 'NONE', #1407, #3043, #1487 ) ;
#1035 = DIRECTION ( 'NONE',  ( -1.000000000000000000, -0.0000000000000000000, -0.0000000000000000000 ) ) ;
#1036 = EDGE_CURVE ( 'NONE', #4082, #2943, #3427, .T. ) ;
#1037 = PLANE ( 'NONE',  #3192 ) ;
#1038 = CIRCLE ( 'NONE', #3955, 0.009999999999999995004 ) ;
#1039 = ORIENTED_EDGE ( 'NONE', *, *, #2420, .T. ) ;
#1040 = VERTEX_POINT ( 'NONE', #1368 ) ;
#1041 = VERTEX_POINT ( 'NONE', #2981 ) ;
#1042 = MECHANICAL_DESIGN_GEOMETRIC_PRESENTATION_REPRESENTATION (  '', ( #1872 ), #1609 ) ;
#1043 = FACE_OUTER_BOUND ( 'NONE', #2906, .T. ) ;
#1044 = CARTESIAN_POINT ( 'NONE',  ( 0.05000000000000000278, 0.0000000000000000000, -0.09199999999999995681 ) ) ;
#1045 = ADVANCED_FACE ( 'NONE', ( #4268 ), #4585, .F. ) ;
#1046 = CARTESIAN_POINT ( 'NONE',  ( -0.1404987072757753475, 0.004405796420591500881, -0.1219999999999999835 ) ) ;
#1047 = VECTOR ( 'NONE', #2814, 39.37007874015748143 ) ;
#1048 = VERTEX_POINT ( 'NONE', #3234 ) ;
#1049 = DIRECTION ( 'NONE',  ( -1.000000000000000000, -0.0000000000000000000, -0.0000000000000000000 ) ) ;
#1050 = FACE_OUTER_BOUND ( 'NONE', #1408, .T. ) ;
#1051 = CARTESIAN_POINT ( 'NONE',  ( 0.1219999999999994977, 0.02567333688023188190, -0.08500000004565745615 ) ) ;
#1052 = AXIS2_PLACEMENT_3D ( 'NONE', #395, #3215, #928 ) ;
#1053 = EDGE_LOOP ( 'NONE', ( #4917, #588, #3459, #2325 ) ) ;
#1054 = CARTESIAN_POINT ( 'NONE',  ( -0.1120000000000000162, 0.07166666666666667018, 0.1319999999999999785 ) ) ;
#1055 = ORIENTED_EDGE ( 'NONE', *, *, #4688, .T. ) ;
#1056 = DIRECTION ( 'NONE',  ( 0.0000000000000000000, 0.0000000000000000000, 1.000000000000000000 ) ) ;
#1057 = DIRECTION ( 'NONE',  ( 1.000000000000000000, 0.0000000000000000000, 0.0000000000000000000 ) ) ;
#1058 =( NAMED_UNIT ( * ) PLANE_ANGLE_UNIT ( ) SI_UNIT ( $, .RADIAN. ) );
#1059 = CARTESIAN_POINT ( 'NONE',  ( 0.1219999999999995255, 0.01567333688023188343, -0.1219999999999999835 ) ) ;
#1060 = FILL_AREA_STYLE ('',( #2218 ) ) ;
#1061 = ORIENTED_EDGE ( 'NONE', *, *, #4777, .T. ) ;
#1062 = VERTEX_POINT ( 'NONE', #3324 ) ;
#1063 = ORIENTED_EDGE ( 'NONE', *, *, #4595, .T. ) ;
#1064 = DIRECTION ( 'NONE',  ( 0.0000000000000000000, -1.000000000000000000, 0.0000000000000000000 ) ) ;
#1065 = EDGE_CURVE ( 'NONE', #2366, #224, #3616, .T. ) ;
#1066 = ORIENTED_EDGE ( 'NONE', *, *, #4176, .T. ) ;
#1067 = DIRECTION ( 'NONE',  ( -0.0000000000000000000, -0.0000000000000000000, 1.000000000000000000 ) ) ;
#1068 = DIRECTION ( 'NONE',  ( 1.000000000000000000, 0.0000000000000000000, 0.0000000000000000000 ) ) ;
#1069 = ORIENTED_EDGE ( 'NONE', *, *, #1193, .F. ) ;
#1070 = DIRECTION ( 'NONE',  ( 1.000000000000000000, 0.0000000000000000000, -0.0000000000000000000 ) ) ;
#1071 = ORIENTED_EDGE ( 'NONE', *, *, #3739, .T. ) ;
#1072 = PLANE ( 'NONE',  #3259 ) ;
#1073 =( LENGTH_UNIT ( ) NAMED_UNIT ( * ) SI_UNIT ( $, .METRE. ) );
#1074 = FACE_OUTER_BOUND ( 'NONE', #3160, .T. ) ;
#1075 = DIRECTION ( 'NONE',  ( 1.000000000000000000, -0.0000000000000000000, 0.0000000000000000000 ) ) ;
#1076 = VECTOR ( 'NONE', #1032, 39.37007874015748143 ) ;
#1077 = ADVANCED_FACE ( 'NONE', ( #3731 ), #3350, .F. ) ;
#1078 = CARTESIAN_POINT ( 'NONE',  ( -0.1458140419316977521, 0.01440579642059151150, -0.08500000004565745615 ) ) ;
#1079 = DIMENSIONAL_EXPONENTS ( 1.000000000000000000, 0.0000000000000000000, 0.0000000000000000000, 0.0000000000000000000, 0.0000000000000000000, 0.0000000000000000000, 0.0000000000000000000 ) ;
#1080 = CIRCLE ( 'NONE', #1745, 0.009999999999999995004 ) ;
#1081 = CARTESIAN_POINT ( 'NONE',  ( 0.1319999999999999785, 0.1333333333333332482, -0.1119999999999999885 ) ) ;
#1082 = ORIENTED_EDGE ( 'NONE', *, *, #4536, .F. ) ;
#1083 = STYLED_ITEM ( 'NONE', ( #1795 ), #690 ) ;
#1084 = ORIENTED_EDGE ( 'NONE', *, *, #3589, .T. ) ;
#1085 = UNCERTAINTY_MEASURE_WITH_UNIT (LENGTH_MEASURE( 1.000000000000000082E-05 ), #4827, 'distance_accuracy_value', 'NONE');
#1086 = ORIENTED_EDGE ( 'NONE', *, *, #804, .F. ) ;
#1087 = CARTESIAN_POINT ( 'NONE',  ( -0.1220000000000004969, 0.01000000000000000021, 0.1219999999999999835 ) ) ;
#1088 = LINE ( 'NONE', #4412, #3606 ) ;
#1089 = CARTESIAN_POINT ( 'NONE',  ( -0.06250000000000000000, 0.07166666666666667018, -0.1219999999999999835 ) ) ;
#1090 = CARTESIAN_POINT ( 'NONE',  ( 0.1404987072757753475, 0.004405796420591500881, 0.08500000004565745615 ) ) ;
#1091 = ORIENTED_EDGE ( 'NONE', *, *, #4744, .T. ) ;
#1092 = VECTOR ( 'NONE', #4099, 39.37007874015748143 ) ;
#1093 = LENGTH_MEASURE_WITH_UNIT ( LENGTH_MEASURE( 0.02539999999999999897 ), #4706 );
#1094 = DIRECTION ( 'NONE',  ( 1.000000000000000000, 0.0000000000000000000, 0.0000000000000000000 ) ) ;
#1095 = FILL_AREA_STYLE ('',( #4707 ) ) ;
#1096 = FACE_OUTER_BOUND ( 'NONE', #3876, .T. ) ;
#1097 = MECHANICAL_DESIGN_GEOMETRIC_PRESENTATION_REPRESENTATION (  '', ( #3108 ), #3526 ) ;
#1098 = ADVANCED_FACE ( 'NONE', ( #2834 ), #4439, .F. ) ;
#1099 = DIRECTION ( 'NONE',  ( 0.0000000000000000000, -0.2588190451025202399, -0.9659258262890684232 ) ) ;
#1100 = ORIENTED_EDGE ( 'NONE', *, *, #2979, .T. ) ;
#1101 = VECTOR ( 'NONE', #175, 39.37007874015748143 ) ;
#1102 = CARTESIAN_POINT ( 'NONE',  ( -0.1541028830034118224, 0.01000000000000000021, -0.06099999999999999173 ) ) ;
#1103 = DIRECTION ( 'NONE',  ( 0.0000000000000000000, 0.0000000000000000000, -1.000000000000000000 ) ) ;
#1104 = AXIS2_PLACEMENT_3D ( 'NONE', #581, #4112, #3722 ) ;
#1105 =( CONVERSION_BASED_UNIT ( 'INCH', #4315 ) LENGTH_UNIT ( ) NAMED_UNIT ( #3510 ) );
#1106 = VECTOR ( 'NONE', #3021, 39.37007874015748143 ) ;
#1107 = COLOUR_RGB ( '',1.000000000000000000, 1.000000000000000000, 1.000000000000000000 ) ;
#1108 = VECTOR ( 'NONE', #4652, 39.37007874015748143 ) ;
#1109 = ADVANCED_FACE ( 'NONE', ( #4708 ), #290, .T. ) ;
#1110 = DIRECTION ( 'NONE',  ( 1.384382429221754630E-16, -1.000000000000000000, 0.0000000000000000000 ) ) ;
#1111 = CARTESIAN_POINT ( 'NONE',  ( -0.1319999999999999785, 0.1433333333333333404, 0.1119999999999999885 ) ) ;
#1112 = ORIENTED_EDGE ( 'NONE', *, *, #369, .F. ) ;
#1113 = EDGE_LOOP ( 'NONE', ( #1537, #2728, #1244, #5142 ) ) ;
#1114 = LINE ( 'NONE', #4324, #3512 ) ;
#1115 = DIRECTION ( 'NONE',  ( 0.0000000000000000000, 0.0000000000000000000, 1.000000000000000000 ) ) ;
#1116 = ADVANCED_FACE ( 'NONE', ( #232 ), #2656, .T. ) ;
#1117 = DIRECTION ( 'NONE',  ( 1.000000000000000000, 0.0000000000000000000, -0.0000000000000000000 ) ) ;
#1118 = PRESENTATION_STYLE_ASSIGNMENT (( #767 ) ) ;
#1119 = ORIENTED_EDGE ( 'NONE', *, *, #5192, .F. ) ;
#1120 = COLOUR_RGB ( '',0.2980392156862745057, 0.2980392156862745057, 0.2980392156862745057 ) ;
#1121 = DIRECTION ( 'NONE',  ( 0.0000000000000000000, 0.0000000000000000000, 1.000000000000000000 ) ) ;
#1122 = DIRECTION ( 'NONE',  ( 0.0000000000000000000, -1.000000000000000000, 0.0000000000000000000 ) ) ;
#1123 = CARTESIAN_POINT ( 'NONE',  ( -0.1411829972859962035, 0.02126754045964037235, 0.01200000004565746244 ) ) ;
#1124 = EDGE_CURVE ( 'NONE', #657, #4373, #4686, .T. ) ;
#1125 = VECTOR ( 'NONE', #1110, 39.37007874015748143 ) ;
#1126 = ORIENTED_EDGE ( 'NONE', *, *, #5100, .T. ) ;
#1127 = CARTESIAN_POINT ( 'NONE',  ( 0.0000000000000000000, 0.1433333333333333404, 0.1293205080756887337 ) ) ;
#1128 = ORIENTED_EDGE ( 'NONE', *, *, #2514, .F. ) ;
#1129 = CARTESIAN_POINT ( 'NONE',  ( 0.1649970392176944578, 0.01000000000000000021, 0.01200000004565746244 ) ) ;
#1130 = EDGE_CURVE ( 'NONE', #3311, #2458, #2463, .T. ) ;
#1131 = DIRECTION ( 'NONE',  ( 0.0000000000000000000, -1.000000000000000000, 0.0000000000000000000 ) ) ;
#1132 = COLOUR_RGB ( '',0.2980392156862745057, 0.2980392156862745057, 0.2980392156862745057 ) ;
#1133 = EDGE_CURVE ( 'NONE', #2044, #957, #2049, .T. ) ;
#1134 = ORIENTED_EDGE ( 'NONE', *, *, #1374, .F. ) ;
#1135 = EDGE_CURVE ( 'NONE', #1256, #3817, #3554, .T. ) ;
#1136 = PRESENTATION_LAYER_ASSIGNMENT (  '', '', ( #3411 ) ) ;
#1137 = DIRECTION ( 'NONE',  ( -0.0000000000000000000, 0.0000000000000000000, 1.000000000000000000 ) ) ;
#1138 = ORIENTED_EDGE ( 'NONE', *, *, #332, .F. ) ;
#1139 = PRODUCT_DEFINITION_FORMATION_WITH_SPECIFIED_SOURCE ( 'ANY', '', #2868, .NOT_KNOWN. ) ;
#1140 = UNCERTAINTY_MEASURE_WITH_UNIT (LENGTH_MEASURE( 1.000000000000000082E-05 ), #2239, 'distance_accuracy_value', 'NONE');
#1141 = DIRECTION ( 'NONE',  ( -1.000000000000000000, 0.0000000000000000000, 0.0000000000000000000 ) ) ;
#1142 = CARTESIAN_POINT ( 'NONE',  ( 0.1458140419316977521, 0.01440579642059151150, -0.08500000004565745615 ) ) ;
#1143 = SURFACE_STYLE_FILL_AREA ( #4795 ) ;
#1144 = ORIENTED_EDGE ( 'NONE', *, *, #3618, .T. ) ;
#1145 = ORIENTED_EDGE ( 'NONE', *, *, #2105, .T. ) ;
#1146 = VERTEX_POINT ( 'NONE', #2404 ) ;
#1147 = LENGTH_MEASURE_WITH_UNIT ( LENGTH_MEASURE( 0.02539999999999999897 ), #3067 );
#1148 = CARTESIAN_POINT ( 'NONE',  ( 0.1541028830034118224, 0.01000000000000000021, 0.01200000004565746244 ) ) ;
#1149 = LINE ( 'NONE', #3189, #2454 ) ;
#1150 = EDGE_CURVE ( 'NONE', #4833, #2143, #3370, .T. ) ;
#1151 = FACE_OUTER_BOUND ( 'NONE', #1262, .T. ) ;
#1152 = ORIENTED_EDGE ( 'NONE', *, *, #1534, .F. ) ;
#1153 = DIRECTION ( 'NONE',  ( -1.000000000000000000, 0.0000000000000000000, 0.0000000000000000000 ) ) ;
#1154 = DIRECTION ( 'NONE',  ( 0.0000000000000000000, -1.000000000000000000, 0.0000000000000000000 ) ) ;
#1155 = SURFACE_SIDE_STYLE ('',( #3635 ) ) ;
#1156 = EDGE_CURVE ( 'NONE', #1286, #4375, #4828, .T. ) ;
#1157 = LINE ( 'NONE', #695, #2219 ) ;
#1158 = B_SPLINE_CURVE_WITH_KNOTS ( 'NONE', 3,
 ( #705, #1555, #1881, #3489 ),
 .UNSPECIFIED., .F., .F.,
 ( 4, 4 ),
 ( 0.0000000000000000000, 1.000000000000000000 ),
 .UNSPECIFIED. ) ;
#1159 = MECHANICAL_DESIGN_GEOMETRIC_PRESENTATION_REPRESENTATION (  '', ( #2837 ), #3841 ) ;
#1160 = ORIENTED_EDGE ( 'NONE', *, *, #4595, .F. ) ;
#1161 = CIRCLE ( 'NONE', #3513, 0.009999999999999995004 ) ;
#1162 = CARTESIAN_POINT ( 'NONE',  ( 0.1541028830034118224, 0.01000000000000000021, 0.06100000004565745565 ) ) ;
#1163 = DIRECTION ( 'NONE',  ( 0.0000000000000000000, 0.0000000000000000000, 1.000000000000000000 ) ) ;
#1164 = ORIENTED_EDGE ( 'NONE', *, *, #1857, .T. ) ;
#1165 = EDGE_LOOP ( 'NONE', ( #4675, #4149, #4483, #2843 ) ) ;
#1166 = ORIENTED_EDGE ( 'NONE', *, *, #4792, .F. ) ;
#1167 = FACE_OUTER_BOUND ( 'NONE', #2501, .T. ) ;
#1168 = PRESENTATION_STYLE_ASSIGNMENT (( #4424 ) ) ;
#1169 = PRESENTATION_STYLE_ASSIGNMENT (( #359 ) ) ;
#1170 = ADVANCED_FACE ( 'NONE', ( #3945 ), #5198, .T. ) ;
#1171 = EDGE_LOOP ( 'NONE', ( #3030, #2946, #2852, #4103 ) ) ;
#1172 = LINE ( 'NONE', #3225, #4638 ) ;
#1173 = VERTEX_POINT ( 'NONE', #1556 ) ;
#1174 = CARTESIAN_POINT ( 'NONE',  ( 0.1319999999999999785, 0.1333333333333332482, 0.1319999999999999785 ) ) ;
#1175 = LINE ( 'NONE', #1207, #608 ) ;
#1176 = CIRCLE ( 'NONE', #3936, 0.009999999999999995004 ) ;
#1177 = EDGE_CURVE ( 'NONE', #603, #2242, #3163, .T. ) ;
#1178 = LENGTH_MEASURE_WITH_UNIT ( LENGTH_MEASURE( 0.02539999999999999897 ), #1258 );
#1179 = EDGE_CURVE ( 'NONE', #3033, #2383, #404, .T. ) ;
#1180 = LINE ( 'NONE', #2386, #1310 ) ;
#1181 = AXIS2_PLACEMENT_3D ( 'NONE', #1426, #4998, #3821 ) ;
#1182 = PRESENTATION_LAYER_ASSIGNMENT (  '', '', ( #683 ) ) ;
#1183 = CARTESIAN_POINT ( 'NONE',  ( -0.1649970392176944578, 0.01000000000000000021, -0.06099999999999999173 ) ) ;
#1184 = CARTESIAN_POINT ( 'NONE',  ( 0.1487875483474893623, 0.01000000000000000021, 0.01200000004565746244 ) ) ;
#1185 = CARTESIAN_POINT ( 'NONE',  ( -0.1293205080756887337, 0.1433333333333333404, 0.1119999999999999885 ) ) ;
#1186 = DIRECTION ( 'NONE',  ( -0.5594203579408524307, 0.8288841071713995978, 0.0000000000000000000 ) ) ;
#1187 = B_SPLINE_CURVE_WITH_KNOTS ( 'NONE', 3,
 ( #3101, #3150, #649, #4667 ),
 .UNSPECIFIED., .F., .F.,
 ( 4, 4 ),
 ( 0.0000000000000000000, 1.000000000000000000 ),
 .UNSPECIFIED. ) ;
#1188 = PRESENTATION_LAYER_ASSIGNMENT (  '', '', ( #4723 ) ) ;
#1189 = ORIENTED_EDGE ( 'NONE', *, *, #4376, .F. ) ;
#1190 = AXIS2_PLACEMENT_3D ( 'NONE', #1904, #5133, #3141 ) ;
#1191 = FACE_OUTER_BOUND ( 'NONE', #1988, .T. ) ;
#1192 = DIRECTION ( 'NONE',  ( -1.384382429221754630E-16, 1.000000000000000000, 0.0000000000000000000 ) ) ;
#1193 = EDGE_CURVE ( 'NONE', #2572, #492, #11, .T. ) ;
#1194 = ORIENTED_EDGE ( 'NONE', *, *, #1511, .T. ) ;
#1195 = VERTEX_POINT ( 'NONE', #1969 ) ;
#1196 = EDGE_CURVE ( 'NONE', #1874, #1807, #1428, .T. ) ;
#1197 = ORIENTED_EDGE ( 'NONE', *, *, #1263, .T. ) ;
#1198 = CARTESIAN_POINT ( 'NONE',  ( -0.1487875483474893623, 0.0000000000000000000, -0.06099999999999999173 ) ) ;
#1199 = LINE ( 'NONE', #2802, #1994 ) ;
#1200 = CARTESIAN_POINT ( 'NONE',  ( -0.1219999999999994839, 0.02567333688023188190, -0.01199999999999999678 ) ) ;
#1201 = EDGE_CURVE ( 'NONE', #753, #4453, #1199, .T. ) ;
#1202 = VECTOR ( 'NONE', #2265, 39.37007874015748143 ) ;
#1203 = EDGE_LOOP ( 'NONE', ( #325, #4244, #4631, #230 ) ) ;
#1204 = CARTESIAN_POINT ( 'NONE',  ( -0.01833333333333330567, 0.02000000000000000042, -0.07199999999999996680 ) ) ;
#1205 = ORIENTED_EDGE ( 'NONE', *, *, #3008, .F. ) ;
#1206 = DIRECTION ( 'NONE',  ( 0.0000000000000000000, 0.0000000000000000000, 1.000000000000000000 ) ) ;
#1207 = CARTESIAN_POINT ( 'NONE',  ( 0.1541028830034118224, 0.01000000000000000021, -0.01200000000000000198 ) ) ;
#1208 = CARTESIAN_POINT ( 'NONE',  ( -0.05000000000000000278, 0.07166666666666667018, -0.07199999999999998068 ) ) ;
#1209 =( CONVERSION_BASED_UNIT ( 'INCH', #3202 ) LENGTH_UNIT ( ) NAMED_UNIT ( #3385 ) );
#1210 = VECTOR ( 'NONE', #390, 39.37007874015748143 ) ;
#1211 = CARTESIAN_POINT ( 'NONE',  ( 0.1219999999999994839, 0.02567333688023188190, -0.06099999999999999173 ) ) ;
#1212 = LINE ( 'NONE', #2363, #5146 ) ;
#1213 = CARTESIAN_POINT ( 'NONE',  ( -0.06650453896958856415, 0.2049999333333333562, -0.07650453896958855915 ) ) ;
#1214 = DIRECTION ( 'NONE',  ( 0.0000000000000000000, -0.0000000000000000000, -1.000000000000000000 ) ) ;
#1215 = ORIENTED_EDGE ( 'NONE', *, *, #1826, .T. ) ;
#1216 = EDGE_CURVE ( 'NONE', #35, #572, #2431, .T. ) ;
#1217 = DIRECTION ( 'NONE',  ( 1.115884769084667415E-16, -0.0000000000000000000, 1.000000000000000000 ) ) ;
#1218 = DIRECTION ( 'NONE',  ( 0.0000000000000000000, 0.0000000000000000000, 1.000000000000000000 ) ) ;
#1219 = LINE ( 'NONE', #482, #3972 ) ;
#1220 = VECTOR ( 'NONE', #1669, 39.37007874015748143 ) ;
#1221 = EDGE_CURVE ( 'NONE', #4945, #1638, #2022, .T. ) ;
#1222 = VERTEX_POINT ( 'NONE', #2113 ) ;
#1223 = ORIENTED_EDGE ( 'NONE', *, *, #4762, .F. ) ;
#1224 = FILL_AREA_STYLE ('',( #3186 ) ) ;
#1225 = CARTESIAN_POINT ( 'NONE',  ( -0.05000000000000000278, 0.01000000000000000021, -0.1419999999999996543 ) ) ;
#1226 = DIRECTION ( 'NONE',  ( 0.0000000000000000000, 0.9659258262890687563, -0.2588190451025186301 ) ) ;
#1227 = LINE ( 'NONE', #908, #2115 ) ;
#1228 = ORIENTED_EDGE ( 'NONE', *, *, #782, .F. ) ;
#1229 = EDGE_LOOP ( 'NONE', ( #2061, #1845, #2905, #2972 ) ) ;
#1230 = DIRECTION ( 'NONE',  ( 1.115884769084667415E-16, 0.0000000000000000000, 1.000000000000000000 ) ) ;
#1231 = FACE_OUTER_BOUND ( 'NONE', #1793, .T. ) ;
#1232 = PRESENTATION_STYLE_ASSIGNMENT (( #1953 ) ) ;
#1233 = LINE ( 'NONE', #4461, #1220 ) ;
#1234 = DIRECTION ( 'NONE',  ( 0.5594203579408524307, -0.8288841071713995978, 0.0000000000000000000 ) ) ;
#1235 = SURFACE_STYLE_USAGE ( .BOTH. , #2274 ) ;
#1236 = DIRECTION ( 'NONE',  ( -1.000000000000000000, 0.0000000000000000000, 0.0000000000000000000 ) ) ;
#1237 = PLANE ( 'NONE',  #461 ) ;
#1238 = EDGE_CURVE ( 'NONE', #2123, #3791, #4015, .T. ) ;
#1239 = LINE ( 'NONE', #2900, #4907 ) ;
#1240 = DIRECTION ( 'NONE',  ( 1.000000000000000000, -0.0000000000000000000, 0.0000000000000000000 ) ) ;
#1241 = LINE ( 'NONE', #1451, #4992 ) ;
#1242 = SURFACE_STYLE_FILL_AREA ( #2926 ) ;
#1243 = EDGE_CURVE ( 'NONE', #2653, #385, #3308, .T. ) ;
#1244 = ORIENTED_EDGE ( 'NONE', *, *, #2155, .T. ) ;
#1245 = AXIS2_PLACEMENT_3D ( 'NONE', #2718, #2414, #413 ) ;
#1246 = EDGE_LOOP ( 'NONE', ( #5088, #2457, #2088, #4306 ) ) ;
#1247 = ORIENTED_EDGE ( 'NONE', *, *, #2436, .F. ) ;
#1248 = CARTESIAN_POINT ( 'NONE',  ( -0.1275788215583597285, 0.01567333688023187302, 0.06100000004565745565 ) ) ;
#1249 = CARTESIAN_POINT ( 'NONE',  ( -0.1411829972859962035, 0.02126754045964037235, -0.1219999999999999835 ) ) ;
#1250 = DIRECTION ( 'NONE',  ( -0.0000000000000000000, -1.000000000000000000, -0.0000000000000000000 ) ) ;
#1251 = CARTESIAN_POINT ( 'NONE',  ( -0.1541028830034117947, 0.02000000000000000042, 0.06100000004565745565 ) ) ;
#1252 = ORIENTED_EDGE ( 'NONE', *, *, #2096, .F. ) ;
#1253 = DIMENSIONAL_EXPONENTS ( 1.000000000000000000, 0.0000000000000000000, 0.0000000000000000000, 0.0000000000000000000, 0.0000000000000000000, 0.0000000000000000000, 0.0000000000000000000 ) ;
#1254 = PRESENTATION_LAYER_ASSIGNMENT (  '', '', ( #913 ) ) ;
#1255 = DIRECTION ( 'NONE',  ( 0.0000000000000000000, -1.000000000000000000, -0.0000000000000000000 ) ) ;
#1256 = VERTEX_POINT ( 'NONE', #489 ) ;
#1257 = DIRECTION ( 'NONE',  ( 0.0000000000000000000, 0.0000000000000000000, 1.000000000000000000 ) ) ;
#1258 =( LENGTH_UNIT ( ) NAMED_UNIT ( * ) SI_UNIT ( $, .METRE. ) );
#1259 = EDGE_CURVE ( 'NONE', #1909, #4538, #1321, .T. ) ;
#1260 = DIRECTION ( 'NONE',  ( 0.0000000000000000000, 0.0000000000000000000, -1.000000000000000000 ) ) ;
#1261 = CIRCLE ( 'NONE', #921, 0.009999999999999995004 ) ;
#1262 = EDGE_LOOP ( 'NONE', ( #559, #3846, #511, #3679 ) ) ;
#1263 = EDGE_CURVE ( 'NONE', #1000, #3483, #4508, .T. ) ;
#1264 = LINE ( 'NONE', #238, #3860 ) ;
#1265 = CARTESIAN_POINT ( 'NONE',  ( 0.05000000000000000278, 0.0000000000000000000, -0.1419999999999996543 ) ) ;
#1266 = PLANE ( 'NONE',  #4146 ) ;
#1267 = MECHANICAL_DESIGN_GEOMETRIC_PRESENTATION_REPRESENTATION (  '', ( #1759 ), #838 ) ;
#1268 = ADVANCED_FACE ( 'NONE', ( #1738 ), #4916, .T. ) ;
#1269 = FACE_OUTER_BOUND ( 'NONE', #2246, .T. ) ;
#1270 = AXIS2_PLACEMENT_3D ( 'NONE', #3420, #5028, #2969 ) ;
#1271 = CIRCLE ( 'NONE', #4119, 0.01732050807568876263 ) ;
#1272 = CARTESIAN_POINT ( 'NONE',  ( 0.05000000000000000278, 0.02000000000000000042, 0.08199999999999998956 ) ) ;
#1273 = FACE_OUTER_BOUND ( 'NONE', #3725, .T. ) ;
#1274 = ORIENTED_EDGE ( 'NONE', *, *, #4862, .F. ) ;
#1275 = AXIS2_PLACEMENT_3D ( 'NONE', #239, #1445, #3047 ) ;
#1276 = AXIS2_PLACEMENT_3D ( 'NONE', #1576, #2547, #4137 ) ;
#1277 = ORIENTED_EDGE ( 'NONE', *, *, #3087, .T. ) ;
#1278 = ORIENTED_EDGE ( 'NONE', *, *, #4396, .T. ) ;
#1279 =( NAMED_UNIT ( * ) PLANE_ANGLE_UNIT ( ) SI_UNIT ( $, .RADIAN. ) );
#1280 = DIRECTION ( 'NONE',  ( 0.0000000000000000000, 1.000000000000000000, 0.0000000000000000000 ) ) ;
#1281 = DIRECTION ( 'NONE',  ( -1.000000000000000000, 0.0000000000000000000, 0.0000000000000000000 ) ) ;
#1282 = LINE ( 'NONE', #4533, #2534 ) ;
#1283 = CARTESIAN_POINT ( 'NONE',  ( -0.1404987072757753475, 0.004405796420591500881, -0.1219999999999999835 ) ) ;
#1284 = VECTOR ( 'NONE', #353, 39.37007874015748143 ) ;
#1285 = DIRECTION ( 'NONE',  ( -0.5594203579408524307, -0.8288841071713995978, 0.0000000000000000000 ) ) ;
#1286 = VERTEX_POINT ( 'NONE', #4191 ) ;
#1287 =( NAMED_UNIT ( * ) PLANE_ANGLE_UNIT ( ) SI_UNIT ( $, .RADIAN. ) );
#1288 = CARTESIAN_POINT ( 'NONE',  ( -0.1487875483474893623, 0.0000000000000000000, 0.06100000004565745565 ) ) ;
#1289 = EDGE_LOOP ( 'NONE', ( #2043, #3839, #4933, #5103 ) ) ;
#1290 = DIRECTION ( 'NONE',  ( 0.0000000000000000000, 0.0000000000000000000, 1.000000000000000000 ) ) ;
#1291 = EDGE_CURVE ( 'NONE', #1552, #2026, #39, .T. ) ;
#1292 = VECTOR ( 'NONE', #1937, 39.37007874015748143 ) ;
#1293 = FACE_OUTER_BOUND ( 'NONE', #560, .T. ) ;
#1294 = SURFACE_STYLE_FILL_AREA ( #1673 ) ;
#1295 = DIMENSIONAL_EXPONENTS ( 1.000000000000000000, 0.0000000000000000000, 0.0000000000000000000, 0.0000000000000000000, 0.0000000000000000000, 0.0000000000000000000, 0.0000000000000000000 ) ;
#1296 = DIRECTION ( 'NONE',  ( -0.5594203579408524307, -0.8288841071713997088, 0.0000000000000000000 ) ) ;
#1297 = FACE_OUTER_BOUND ( 'NONE', #674, .T. ) ;
#1298 = AXIS2_PLACEMENT_3D ( 'NONE', #4718, #4340, #713 ) ;
#1299 = EDGE_CURVE ( 'NONE', #778, #4734, #90, .T. ) ;
#1300 = ADVANCED_FACE ( 'NONE', ( #3361 ), #907, .T. ) ;
#1301 = DIRECTION ( 'NONE',  ( 0.0000000000000000000, 0.0000000000000000000, -1.000000000000000000 ) ) ;
#1302 = CARTESIAN_POINT ( 'NONE',  ( 0.01666666666666667337, 0.02000000000000000042, 0.08199999999999998956 ) ) ;
#1303 = ORIENTED_EDGE ( 'NONE', *, *, #1201, .T. ) ;
#1304 = STYLED_ITEM ( 'NONE', ( #1232 ), #4753 ) ;
#1305 = ORIENTED_EDGE ( 'NONE', *, *, #467, .T. ) ;
#1306 = ORIENTED_EDGE ( 'NONE', *, *, #5129, .T. ) ;
#1307 =( LENGTH_UNIT ( ) NAMED_UNIT ( * ) SI_UNIT ( $, .METRE. ) );
#1308 = CARTESIAN_POINT ( 'NONE',  ( 0.01666666666666667337, 0.01000000000000000021, 0.1020000000000000212 ) ) ;
#1309 = PLANE ( 'NONE',  #5074 ) ;
#1310 = VECTOR ( 'NONE', #2058, 39.37007874015748143 ) ;
#1311 = ORIENTED_EDGE ( 'NONE', *, *, #866, .T. ) ;
#1312 = DIRECTION ( 'NONE',  ( 0.0000000000000000000, -0.0000000000000000000, 1.000000000000000000 ) ) ;
#1313 = FILL_AREA_STYLE_COLOUR ( '', #739 ) ;
#1314 = DIRECTION ( 'NONE',  ( 0.0000000000000000000, 0.0000000000000000000, 1.000000000000000000 ) ) ;
#1315 = FACE_OUTER_BOUND ( 'NONE', #1583, .T. ) ;
#1316 = ORIENTED_EDGE ( 'NONE', *, *, #951, .F. ) ;
#1317 = EDGE_LOOP ( 'NONE', ( #4750, #1792, #2158, #3727, #4648, #64, #4994, #4422 ) ) ;
#1318 = ORIENTED_EDGE ( 'NONE', *, *, #4862, .T. ) ;
#1319 = CARTESIAN_POINT ( 'NONE',  ( -0.1541028830034117947, 0.02000000000000000042, 0.08500000004565745615 ) ) ;
#1320 = DIRECTION ( 'NONE',  ( -0.0000000000000000000, -0.0000000000000000000, 1.000000000000000000 ) ) ;
#1321 = LINE ( 'NONE', #2162, #2347 ) ;
#1322 = DIRECTION ( 'NONE',  ( 0.0000000000000000000, -1.000000000000000000, 0.0000000000000000000 ) ) ;
#1323 = ORIENTED_EDGE ( 'NONE', *, *, #5047, .T. ) ;
#1324 = DIRECTION ( 'NONE',  ( 0.0000000000000000000, 0.0000000000000000000, -1.000000000000000000 ) ) ;
#1325 =( LENGTH_UNIT ( ) NAMED_UNIT ( * ) SI_UNIT ( $, .METRE. ) );
#1326 = AXIS2_PLACEMENT_3D ( 'NONE', #1385, #2912, #4144 ) ;
#1327 =( CONVERSION_BASED_UNIT ( 'INCH', #4944 ) LENGTH_UNIT ( ) NAMED_UNIT ( #3349 ) );
#1328 = MECHANICAL_DESIGN_GEOMETRIC_PRESENTATION_REPRESENTATION (  '', ( #2264 ), #4363 ) ;
#1329 = EDGE_LOOP ( 'NONE', ( #432, #4854, #3098, #738 ) ) ;
#1330 = ORIENTED_EDGE ( 'NONE', *, *, #1567, .F. ) ;
#1331 = DIRECTION ( 'NONE',  ( -1.000000000000000000, 0.0000000000000000000, 0.0000000000000000000 ) ) ;
#1332 = ORIENTED_EDGE ( 'NONE', *, *, #3514, .T. ) ;
#1333 =( NAMED_UNIT ( * ) SI_UNIT ( $, .STERADIAN. ) SOLID_ANGLE_UNIT ( ) );
#1334 = CARTESIAN_POINT ( 'NONE',  ( -0.05000000000000000278, 0.0000000000000000000, -0.07199999999999998068 ) ) ;
#1335 = EDGE_CURVE ( 'NONE', #1964, #4790, #82, .T. ) ;
#1336 = AXIS2_PLACEMENT_3D ( 'NONE', #538, #1731, #4473 ) ;
#1337 = CARTESIAN_POINT ( 'NONE',  ( -0.1458140419316977521, 0.01440579642059151150, -0.1219999999999999835 ) ) ;
#1338 = EDGE_CURVE ( 'NONE', #3058, #4341, #2962, .T. ) ;
#1339 = CARTESIAN_POINT ( 'NONE',  ( -0.1219999999999995255, 0.01567333688023188343, -0.1219999999999999835 ) ) ;
#1340 =( NAMED_UNIT ( * ) SI_UNIT ( $, .STERADIAN. ) SOLID_ANGLE_UNIT ( ) );
#1341 = CARTESIAN_POINT ( 'NONE',  ( 0.05000000000000000278, 0.07166666666666665630, 0.08199999999999998956 ) ) ;
#1342 = CARTESIAN_POINT ( 'NONE',  ( -0.1219999999999994839, 0.0000000000000000000, -0.01199999999999999678 ) ) ;
#1343 = VECTOR ( 'NONE', #4059, 39.37007874015748143 ) ;
#1344 = VERTEX_POINT ( 'NONE', #4937 ) ;
#1345 = EDGE_LOOP ( 'NONE', ( #1876, #3975, #3013, #2647, #914, #48, #1061, #819, #2354, #558, #2688, #2862 ) ) ;
#1346 = ORIENTED_EDGE ( 'NONE', *, *, #2499, .T. ) ;
#1347 = VECTOR ( 'NONE', #5179, 39.37007874015748143 ) ;
#1348 = EDGE_CURVE ( 'NONE', #2689, #4577, #4874, .T. ) ;
#1349 = SURFACE_STYLE_FILL_AREA ( #516 ) ;
#1350 = CARTESIAN_POINT ( 'NONE',  ( 0.06250000000000000000, 0.07166666666666667018, 0.1219999999999999835 ) ) ;
#1351 = DIRECTION ( 'NONE',  ( 1.000000000000000000, -8.537024980200826748E-16, 0.0000000000000000000 ) ) ;
#1352 = CARTESIAN_POINT ( 'NONE',  ( -0.1293205080756887337, 0.1433333333333333404, 0.0000000000000000000 ) ) ;
#1353 = VECTOR ( 'NONE', #1705, 39.37007874015748143 ) ;
#1354 = MECHANICAL_DESIGN_GEOMETRIC_PRESENTATION_REPRESENTATION (  '', ( #3947 ), #430 ) ;
#1355 = ORIENTED_EDGE ( 'NONE', *, *, #3449, .T. ) ;
#1356 = DIMENSIONAL_EXPONENTS ( 1.000000000000000000, 0.0000000000000000000, 0.0000000000000000000, 0.0000000000000000000, 0.0000000000000000000, 0.0000000000000000000, 0.0000000000000000000 ) ;
#1357 = CARTESIAN_POINT ( 'NONE',  ( -0.1487875483474893901, 0.0000000000000000000, -0.1219999999999999835 ) ) ;
#1358 = AXIS2_PLACEMENT_3D ( 'NONE', #1352, #2577, #5025 ) ;
#1359 = FACE_OUTER_BOUND ( 'NONE', #3137, .T. ) ;
#1360 = VERTEX_POINT ( 'NONE', #3334 ) ;
#1361 = CARTESIAN_POINT ( 'NONE',  ( 0.07650453896958854527, 0.2049999333333333562, 0.06650453896958853639 ) ) ;
#1362 = DIRECTION ( 'NONE',  ( 0.0000000000000000000, -1.000000000000000000, 0.0000000000000000000 ) ) ;
#1363 = LINE ( 'NONE', #446, #618 ) ;
#1364 = CARTESIAN_POINT ( 'NONE',  ( -0.1293205080756887337, 0.1433333333333333404, -0.1119999999999999885 ) ) ;
#1365 = VECTOR ( 'NONE', #2571, 39.37007874015748143 ) ;
#1366 = EDGE_CURVE ( 'NONE', #4222, #2123, #1282, .T. ) ;
#1367 = MECHANICAL_DESIGN_GEOMETRIC_PRESENTATION_REPRESENTATION (  '', ( #4660 ), #1461 ) ;
#1368 = CARTESIAN_POINT ( 'NONE',  ( 0.1119999999999999607, 0.1333333333333332482, -0.1319999999999999785 ) ) ;
#1369 = DIRECTION ( 'NONE',  ( 1.000000000000000000, -0.0000000000000000000, -0.0000000000000000000 ) ) ;
#1370 = CARTESIAN_POINT ( 'NONE',  ( 0.1411829972859962035, 0.02126754045964037235, -0.1219999999999999835 ) ) ;
#1371 = LINE ( 'NONE', #2983, #1698 ) ;
#1372 = AXIS2_PLACEMENT_3D ( 'NONE', #3810, #3023, #108 ) ;
#1373 = ORIENTED_EDGE ( 'NONE', *, *, #2739, .F. ) ;
#1374 = EDGE_CURVE ( 'NONE', #2697, #2, #3114, .T. ) ;
#1375 = ORIENTED_EDGE ( 'NONE', *, *, #219, .T. ) ;
#1376 = ORIENTED_EDGE ( 'NONE', *, *, #5014, .T. ) ;
#1377 = FILL_AREA_STYLE_COLOUR ( '', #598 ) ;
#1378 = CYLINDRICAL_SURFACE ( 'NONE', #1854, 0.009999999999999995004 ) ;
#1379 = LINE ( 'NONE', #4139, #3127 ) ;
#1380 = CARTESIAN_POINT ( 'NONE',  ( 0.1319999999999999785, 0.1333333333333332482, 0.1119999999999999885 ) ) ;
#1381 = CARTESIAN_POINT ( 'NONE',  ( 0.0000000000000000000, 0.2049999333333333562, 0.06650453896958853639 ) ) ;
#1382 = AXIS2_PLACEMENT_3D ( 'NONE', #3999, #4199, #912 ) ;
#1383 = ORIENTED_EDGE ( 'NONE', *, *, #1448, .F. ) ;
#1384 =( NAMED_UNIT ( * ) PLANE_ANGLE_UNIT ( ) SI_UNIT ( $, .RADIAN. ) );
#1385 = CARTESIAN_POINT ( 'NONE',  ( 0.1275788215583597285, 0.01567333688023187302, -0.1219999999999999835 ) ) ;
#1386 = CARTESIAN_POINT ( 'NONE',  ( 0.1219999999999995255, 0.02567333688023188190, -0.1219999999999999835 ) ) ;
#1387 = CARTESIAN_POINT ( 'NONE',  ( 0.1219999999999994977, 0.01000000000000000021, 0.1219999999999999835 ) ) ;
#1388 = EDGE_CURVE ( 'NONE', #2807, #4435, #4080, .T. ) ;
#1389 = EDGE_LOOP ( 'NONE', ( #1506, #2658, #5110, #1917 ) ) ;
#1390 = ORIENTED_EDGE ( 'NONE', *, *, #1489, .T. ) ;
#1391 = LINE ( 'NONE', #889, #1678 ) ;
#1392 = VERTEX_POINT ( 'NONE', #3872 ) ;
#1393 = FACE_OUTER_BOUND ( 'NONE', #2882, .T. ) ;
#1394 = DIMENSIONAL_EXPONENTS ( 1.000000000000000000, 0.0000000000000000000, 0.0000000000000000000, 0.0000000000000000000, 0.0000000000000000000, 0.0000000000000000000, 0.0000000000000000000 ) ;
#1395 = LINE ( 'NONE', #2535, #4818 ) ;
#1396 = SURFACE_STYLE_USAGE ( .BOTH. , #3863 ) ;
#1397 = EDGE_CURVE ( 'NONE', #4799, #3817, #5049, .T. ) ;
#1398 = PLANE ( 'NONE',  #3861 ) ;
#1399 = ORIENTED_EDGE ( 'NONE', *, *, #2850, .F. ) ;
#1400 = EDGE_LOOP ( 'NONE', ( #4278, #1462, #1323, #183 ) ) ;
#1401 = VERTEX_POINT ( 'NONE', #1797 ) ;
#1402 = LINE ( 'NONE', #2625, #4791 ) ;
#1403 = DIRECTION ( 'NONE',  ( -1.000000000000000000, 3.414809992080329516E-15, 0.0000000000000000000 ) ) ;
#1404 = ORIENTED_EDGE ( 'NONE', *, *, #3779, .T. ) ;
#1405 = DIRECTION ( 'NONE',  ( -0.0000000000000000000, -0.0000000000000000000, -1.000000000000000000 ) ) ;
#1406 = DIRECTION ( 'NONE',  ( -1.000000000000000000, -1.530255967303269802E-15, 0.0000000000000000000 ) ) ;
#1407 = CARTESIAN_POINT ( 'NONE',  ( -0.1487875483474893623, 0.01000000000000000021, 0.08500000004565745615 ) ) ;
#1408 = EDGE_LOOP ( 'NONE', ( #3941, #3539, #2797, #4804 ) ) ;
#1409 = DIMENSIONAL_EXPONENTS ( 1.000000000000000000, 0.0000000000000000000, 0.0000000000000000000, 0.0000000000000000000, 0.0000000000000000000, 0.0000000000000000000, 0.0000000000000000000 ) ;
#1410 = ORIENTED_EDGE ( 'NONE', *, *, #3317, .T. ) ;
#1411 = AXIS2_PLACEMENT_3D ( 'NONE', #4036, #4301, #2301 ) ;
#1412 = CYLINDRICAL_SURFACE ( 'NONE', #4212, 0.009999999999999995004 ) ;
#1413 = ORIENTED_EDGE ( 'NONE', *, *, #1216, .F. ) ;
#1414 = CARTESIAN_POINT ( 'NONE',  ( 0.06250000000000000000, 0.07166666666666667018, -0.07199999999999998068 ) ) ;
#1415 = ADVANCED_FACE ( 'NONE', ( #3462 ), #5085, .T. ) ;
#1416 = DIRECTION ( 'NONE',  ( -1.000000000000000000, 0.0000000000000000000, 0.0000000000000000000 ) ) ;
#1417 = FACE_OUTER_BOUND ( 'NONE', #4664, .T. ) ;
#1418 = ADVANCED_FACE ( 'NONE', ( #2672 ), #2722, .T. ) ;
#1419 = FILL_AREA_STYLE_COLOUR ( '', #1120 ) ;
#1420 = LENGTH_MEASURE_WITH_UNIT ( LENGTH_MEASURE( 0.02539999999999999897 ), #1870 );
#1421 = DIRECTION ( 'NONE',  ( 0.0000000000000000000, 0.0000000000000000000, 1.000000000000000000 ) ) ;
#1422 = ORIENTED_EDGE ( 'NONE', *, *, #3428, .F. ) ;
#1423 = ORIENTED_EDGE ( 'NONE', *, *, #4568, .F. ) ;
#1424 = ORIENTED_EDGE ( 'NONE', *, *, #4240, .F. ) ;
#1425 = CARTESIAN_POINT ( 'NONE',  ( 0.1328941562142821331, 0.02567333688023188190, -0.1219999999999999835 ) ) ;
#1427 = AXIS2_PLACEMENT_3D ( 'NONE', #4174, #593, #215 ) ;
#1426 = CARTESIAN_POINT ( 'NONE',  ( -0.1487875483474893623, 0.01000000000000000021, -0.1219999999999999835 ) ) ;
#1428 = CIRCLE ( 'NONE', #4627, 0.009999999999999995004 ) ;
#1429 = LINE ( 'NONE', #3037, #1108 ) ;
#1430 = AXIS2_PLACEMENT_3D ( 'NONE', #2823, #488, #2462 ) ;
#1431 = VECTOR ( 'NONE', #1840, 39.37007874015748143 ) ;
#1432 = VERTEX_POINT ( 'NONE', #2650 ) ;
#1433 = SURFACE_STYLE_FILL_AREA ( #5054 ) ;
#1434 = CARTESIAN_POINT ( 'NONE',  ( -0.07650453896958854527, 0.2049999333333333562, 0.07650453896958853139 ) ) ;
#1435 = DIRECTION ( 'NONE',  ( 1.000000000000000000, 0.0000000000000000000, 0.0000000000000000000 ) ) ;
#1436 = CARTESIAN_POINT ( 'NONE',  ( 0.1649970392176944578, 0.01000000000000000021, 0.01200000004565746244 ) ) ;
#1437 = AXIS2_PLACEMENT_3D ( 'NONE', #2989, #4591, #200 ) ;
#1438 = AXIS2_PLACEMENT_3D ( 'NONE', #4351, #744, #1121 ) ;
#1439 = ORIENTED_EDGE ( 'NONE', *, *, #1682, .T. ) ;
#1440 = ADVANCED_FACE ( 'NONE', ( #3896 ), #3416, .F. ) ;
#1441 = EDGE_LOOP ( 'NONE', ( #529, #94, #409, #2220 ) ) ;
#1442 = CARTESIAN_POINT ( 'NONE',  ( 0.1358676626300737711, 0.01126754045964036693, -0.1219999999999999835 ) ) ;
#1443 = ORIENTED_EDGE ( 'NONE', *, *, #2367, .F. ) ;
#1444 = SURFACE_STYLE_FILL_AREA ( #2180 ) ;
#1445 = DIRECTION ( 'NONE',  ( -0.0000000000000000000, -0.0000000000000000000, 1.000000000000000000 ) ) ;
#1446 = DIRECTION ( 'NONE',  ( 0.0000000000000000000, 0.0000000000000000000, -1.000000000000000000 ) ) ;
#1447 = VECTOR ( 'NONE', #4198, 39.37007874015748143 ) ;
#1448 = EDGE_CURVE ( 'NONE', #1520, #1924, #4651, .T. ) ;
#1449 = DIRECTION ( 'NONE',  ( 0.5594203579408524307, -0.8288841071713997088, 0.0000000000000000000 ) ) ;
#1450 = PLANE ( 'NONE',  #3284 ) ;
#1451 = CARTESIAN_POINT ( 'NONE',  ( 0.1411829972859962035, 0.02126754045964037235, -0.06099999999999999173 ) ) ;
#1452 = EDGE_CURVE ( 'NONE', #1286, #603, #310, .T. ) ;
#1453 = ORIENTED_EDGE ( 'NONE', *, *, #3149, .F. ) ;
#1454 = ORIENTED_EDGE ( 'NONE', *, *, #663, .T. ) ;
#1455 = UNCERTAINTY_MEASURE_WITH_UNIT (LENGTH_MEASURE( 1.000000000000000082E-05 ), #3943, 'distance_accuracy_value', 'NONE');
#1456 = ORIENTED_EDGE ( 'NONE', *, *, #449, .F. ) ;
#1457 = CARTESIAN_POINT ( 'NONE',  ( -0.1411829972859962035, 0.02126754045964037235, 0.08500000004565745615 ) ) ;
#1458 = LINE ( 'NONE', #3061, #1686 ) ;
#1459 = CARTESIAN_POINT ( 'NONE',  ( 0.1404987072757753475, 0.004405796420591505218, 0.08500000004565745615 ) ) ;
#1460 = DIRECTION ( 'NONE',  ( -1.000000000000000000, 0.0000000000000000000, 0.0000000000000000000 ) ) ;
#1461 =( GEOMETRIC_REPRESENTATION_CONTEXT ( 3 ) GLOBAL_UNCERTAINTY_ASSIGNED_CONTEXT ( ( #1875 ) ) GLOBAL_UNIT_ASSIGNED_CONTEXT ( ( #1711, #4612, #1340 ) ) REPRESENTATION_CONTEXT ( 'NONE', 'WORKASPACE' ) );
#1462 = ORIENTED_EDGE ( 'NONE', *, *, #2869, .T. ) ;
#1463 = FACE_OUTER_BOUND ( 'NONE', #1053, .T. ) ;
#1464 = DIRECTION ( 'NONE',  ( 0.0000000000000000000, 0.0000000000000000000, 1.000000000000000000 ) ) ;
#1465 = ADVANCED_FACE ( 'NONE', ( #3504 ), #722, .T. ) ;
#1466 = ORIENTED_EDGE ( 'NONE', *, *, #4070, .F. ) ;
#1467 = CARTESIAN_POINT ( 'NONE',  ( -0.1219999999999995255, 0.01567333688023188343, -0.1219999999999999835 ) ) ;
#1468 = EDGE_LOOP ( 'NONE', ( #43, #1332, #2476, #1145 ) ) ;
#1469 =( CONVERSION_BASED_UNIT ( 'INCH', #3046 ) LENGTH_UNIT ( ) NAMED_UNIT ( #3267 ) );
#1470 = CARTESIAN_POINT ( 'NONE',  ( 0.0000000000000000000, 0.0000000000000000000, -0.07199999999999998068 ) ) ;
#1471 = DIRECTION ( 'NONE',  ( -0.0000000000000000000, 1.000000000000000000, -0.0000000000000000000 ) ) ;
#1472 = EDGE_CURVE ( 'NONE', #2052, #3493, #4620, .T. ) ;
#1473 = VECTOR ( 'NONE', #2785, 39.37007874015748143 ) ;
#1474 = DIRECTION ( 'NONE',  ( -1.000000000000000000, -0.0000000000000000000, -0.0000000000000000000 ) ) ;
#1475 = DIRECTION ( 'NONE',  ( -0.9659258262890684232, -0.2588190451025202399, -0.0000000000000000000 ) ) ;
#1476 = EDGE_CURVE ( 'NONE', #903, #4092, #1016, .T. ) ;
#1477 = ORIENTED_EDGE ( 'NONE', *, *, #3497, .F. ) ;
#1478 = EDGE_LOOP ( 'NONE', ( #1948, #632, #3249, #2515 ) ) ;
#1479 = ORIENTED_EDGE ( 'NONE', *, *, #2223, .F. ) ;
#1480 = CARTESIAN_POINT ( 'NONE',  ( -0.1404987072757753475, 0.004405796420591505218, -0.01200000000000000198 ) ) ;
#1481 = CARTESIAN_POINT ( 'NONE',  ( 0.05000000000000000278, 0.01000000000000000021, 0.1419999999999996543 ) ) ;
#1482 = CYLINDRICAL_SURFACE ( 'NONE', #4466, 0.009999999999999995004 ) ;
#1483 = EDGE_CURVE ( 'NONE', #194, #1041, #1985, .T. ) ;
#1484 = ORIENTED_EDGE ( 'NONE', *, *, #1733, .F. ) ;
#1485 = FILL_AREA_STYLE_COLOUR ( '', #3940 ) ;
#1486 = LINE ( 'NONE', #1148, #512 ) ;
#1487 = DIRECTION ( 'NONE',  ( -1.000000000000000000, -8.537024980200826748E-16, 0.0000000000000000000 ) ) ;
#1488 = ORIENTED_EDGE ( 'NONE', *, *, #2850, .T. ) ;
#1489 = EDGE_CURVE ( 'NONE', #180, #197, #756, .T. ) ;
#1490 = DIRECTION ( 'NONE',  ( 0.0000000000000000000, -1.000000000000000000, 0.0000000000000000000 ) ) ;
#1491 = ORIENTED_EDGE ( 'NONE', *, *, #4735, .T. ) ;
#1492 = FACE_OUTER_BOUND ( 'NONE', #3751, .T. ) ;
#1493 = PRESENTATION_STYLE_ASSIGNMENT (( #5116 ) ) ;
#1494 = LINE ( 'NONE', #3100, #4727 ) ;
#1495 = PLANE ( 'NONE',  #3625 ) ;
#1496 = CLOSED_SHELL ( 'NONE', ( #2517, #3199, #1077, #578, #1829, #3930, #976, #58, #148, #904, #2250, #2196, #1465, #4753 ) ) ;
#1497 = EDGE_CURVE ( 'NONE', #2380, #331, #3212, .T. ) ;
#1498 = STYLED_ITEM ( 'NONE', ( #1168 ), #541 ) ;
#1499 = DIRECTION ( 'NONE',  ( 1.000000000000000000, 0.0000000000000000000, 0.0000000000000000000 ) ) ;
#1500 =( GEOMETRIC_REPRESENTATION_CONTEXT ( 3 ) GLOBAL_UNCERTAINTY_ASSIGNED_CONTEXT ( ( #4298 ) ) GLOBAL_UNIT_ASSIGNED_CONTEXT ( ( #4649, #2624, #5106 ) ) REPRESENTATION_CONTEXT ( 'NONE', 'WORKASPACE' ) );
#1501 = ORIENTED_EDGE ( 'NONE', *, *, #4962, .T. ) ;
#1502 = CARTESIAN_POINT ( 'NONE',  ( 0.1404987072757753475, 0.004405796420591505218, 0.06100000004565745565 ) ) ;
#1503 = CARTESIAN_POINT ( 'NONE',  ( -0.1649970392176944856, 0.0000000000000000000, -0.1219999999999999835 ) ) ;
#1504 = CARTESIAN_POINT ( 'NONE',  ( 0.05500000000000002109, 0.01000000000000000021, 0.08200000000000000344 ) ) ;
#1505 = AXIS2_PLACEMENT_3D ( 'NONE', #3641, #1646, #3257 ) ;
#1506 = ORIENTED_EDGE ( 'NONE', *, *, #1348, .F. ) ;
#1507 = CIRCLE ( 'NONE', #1336, 0.009999999999999995004 ) ;
#1508 = CARTESIAN_POINT ( 'NONE',  ( 0.06650453896958853639, 0.2049999333333333562, -0.06650453896958855027 ) ) ;
#1509 = CARTESIAN_POINT ( 'NONE',  ( -0.06650453896958856415, 0.2149999333333333373, -0.06650453896958856415 ) ) ;
#1510 = CIRCLE ( 'NONE', #420, 0.009999999999999995004 ) ;
#1511 = EDGE_CURVE ( 'NONE', #603, #3681, #30, .T. ) ;
#1512 = ORIENTED_EDGE ( 'NONE', *, *, #3090, .F. ) ;
#1513 = COLOUR_RGB ( '',0.6745098039215686736, 0.6745098039215686736, 0.6745098039215686736 ) ;
#1514 = CARTESIAN_POINT ( 'NONE',  ( 0.1219999999999995255, 0.02567333688023188190, -0.1219999999999999835 ) ) ;
#1515 = DIRECTION ( 'NONE',  ( 0.0000000000000000000, 0.0000000000000000000, 1.000000000000000000 ) ) ;
#1516 = VECTOR ( 'NONE', #42, 39.37007874015748143 ) ;
#1517 = DIRECTION ( 'NONE',  ( 0.0000000000000000000, 0.0000000000000000000, -1.000000000000000000 ) ) ;
#1518 = PRESENTATION_LAYER_ASSIGNMENT (  '', '', ( #4889 ) ) ;
#1519 = STYLED_ITEM ( 'NONE', ( #4552 ), #2345 ) ;
#1520 = VERTEX_POINT ( 'NONE', #2422 ) ;
#1521 = AXIS2_PLACEMENT_3D ( 'NONE', #5086, #607, #1460 ) ;
#1522 = CARTESIAN_POINT ( 'NONE',  ( -0.06650453896958855027, 0.2049999333333333562, 0.06650453896958853639 ) ) ;
#1523 = ORIENTED_EDGE ( 'NONE', *, *, #1615, .F. ) ;
#1524 = PLANE ( 'NONE',  #4779 ) ;
#1525 = DIRECTION ( 'NONE',  ( 0.0000000000000000000, 0.0000000000000000000, 1.000000000000000000 ) ) ;
#1526 = CARTESIAN_POINT ( 'NONE',  ( 0.01833333333333331955, 0.01000000000000000021, 0.1019999999999999934 ) ) ;
#1527 = CIRCLE ( 'NONE', #536, 0.01999999999999999001 ) ;
#1528 = ORIENTED_EDGE ( 'NONE', *, *, #103, .T. ) ;
#1529 = ORIENTED_EDGE ( 'NONE', *, *, #2165, .T. ) ;
#1530 = ORIENTED_EDGE ( 'NONE', *, *, #2172, .T. ) ;
#1531 = DIRECTION ( 'NONE',  ( 1.000000000000000000, 0.0000000000000000000, 0.0000000000000000000 ) ) ;
#1532 = CARTESIAN_POINT ( 'NONE',  ( 0.1404987072757753475, 0.004405796420591500881, -0.1219999999999999835 ) ) ;
#1533 = LINE ( 'NONE', #314, #2107 ) ;
#1534 = EDGE_CURVE ( 'NONE', #1062, #1432, #4417, .T. ) ;
#1535 = VECTOR ( 'NONE', #4467, 39.37007874015748143 ) ;
#1536 = ORIENTED_EDGE ( 'NONE', *, *, #2965, .F. ) ;
#1537 = ORIENTED_EDGE ( 'NONE', *, *, #4871, .F. ) ;
#1538 = CYLINDRICAL_SURFACE ( 'NONE', #741, 0.01000000000000000368 ) ;
#1539 =( CONVERSION_BASED_UNIT ( 'INCH', #1585 ) LENGTH_UNIT ( ) NAMED_UNIT ( #4065 ) );
#1540 = CARTESIAN_POINT ( 'NONE',  ( -0.1275788215583597285, 0.01567333688023187302, 0.08500000004565745615 ) ) ;
#1541 = ORIENTED_EDGE ( 'NONE', *, *, #4871, .T. ) ;
#1542 = CARTESIAN_POINT ( 'NONE',  ( 0.1328941562142821886, 0.02567333688023188190, -0.06099999999999999173 ) ) ;
#1543 = DIMENSIONAL_EXPONENTS ( 1.000000000000000000, 0.0000000000000000000, 0.0000000000000000000, 0.0000000000000000000, 0.0000000000000000000, 0.0000000000000000000, 0.0000000000000000000 ) ;
#1544 = VECTOR ( 'NONE', #2037, 39.37007874015748143 ) ;
#1545 = LINE ( 'NONE', #4039, #865 ) ;
#1546 = ORIENTED_EDGE ( 'NONE', *, *, #3428, .T. ) ;
#1547 = UNCERTAINTY_MEASURE_WITH_UNIT (LENGTH_MEASURE( 1.000000000000000082E-05 ), #3654, 'distance_accuracy_value', 'NONE');
#1548 = LINE ( 'NONE', #2721, #3172 ) ;
#1549 = DIRECTION ( 'NONE',  ( -0.0000000000000000000, -0.0000000000000000000, -1.000000000000000000 ) ) ;
#1550 = CARTESIAN_POINT ( 'NONE',  ( 0.05018797385280763385, 0.2139999333333333364, 0.05018797385280814732 ) ) ;
#1551 = ORIENTED_EDGE ( 'NONE', *, *, #2121, .F. ) ;
#1552 = VERTEX_POINT ( 'NONE', #426 ) ;
#1553 = ORIENTED_EDGE ( 'NONE', *, *, #4414, .T. ) ;
#1554 = ADVANCED_FACE ( 'NONE', ( #2013 ), #1628, .T. ) ;
#1555 = CARTESIAN_POINT ( 'NONE',  ( -0.05000000000000000278, 0.009999999999999998473, 0.08866666666666667140 ) ) ;
#1556 = CARTESIAN_POINT ( 'NONE',  ( -0.1649970392176944856, 0.0000000000000000000, 0.06100000004565745565 ) ) ;
#1557 = DIRECTION ( 'NONE',  ( -1.384382429221754630E-16, 1.000000000000000000, 0.0000000000000000000 ) ) ;
#1558 = VERTEX_POINT ( 'NONE', #4748 ) ;
#1559 = VERTEX_POINT ( 'NONE', #1142 ) ;
#1560 = DIRECTION ( 'NONE',  ( 1.000000000000000000, -8.537024980200826748E-16, 0.0000000000000000000 ) ) ;
#1561 = CARTESIAN_POINT ( 'NONE',  ( 0.1541028830034118224, 0.01000000000000000021, -0.1219999999999999835 ) ) ;
#1562 = DIRECTION ( 'NONE',  ( -0.5594203579408524307, 0.8288841071713995978, 0.0000000000000000000 ) ) ;
#1563 = DIRECTION ( 'NONE',  ( 0.0000000000000000000, -1.000000000000000000, 0.0000000000000000000 ) ) ;
#1564 = EDGE_CURVE ( 'NONE', #1764, #4427, #2269, .T. ) ;
#1565 =( NAMED_UNIT ( * ) PLANE_ANGLE_UNIT ( ) SI_UNIT ( $, .RADIAN. ) );
#1566 = DIRECTION ( 'NONE',  ( -0.0000000000000000000, 1.000000000000000000, 0.0000000000000000000 ) ) ;
#1567 = EDGE_CURVE ( 'NONE', #930, #1552, #3543, .T. ) ;
#1568 = ORIENTED_EDGE ( 'NONE', *, *, #219, .F. ) ;
#1569 =( GEOMETRIC_REPRESENTATION_CONTEXT ( 3 ) GLOBAL_UNCERTAINTY_ASSIGNED_CONTEXT ( ( #1085 ) ) GLOBAL_UNIT_ASSIGNED_CONTEXT ( ( #4827, #4022, #745 ) ) REPRESENTATION_CONTEXT ( 'NONE', 'WORKASPACE' ) );
#1570 = CARTESIAN_POINT ( 'NONE',  ( -0.1319999999999999785, 0.1333333333333332482, -0.1119999999999999885 ) ) ;
#1571 = CARTESIAN_POINT ( 'NONE',  ( -0.1275788215583597285, 0.01567333688023187302, 0.08500000004565745615 ) ) ;
#1572 = COLOUR_RGB ( '',0.6745098039215686736, 0.6745098039215686736, 0.6745098039215686736 ) ;
#1573 = ORIENTED_EDGE ( 'NONE', *, *, #2277, .T. ) ;
#1574 = ORIENTED_EDGE ( 'NONE', *, *, #2756, .T. ) ;
#1575 = VERTEX_POINT ( 'NONE', #3708 ) ;
#1576 = CARTESIAN_POINT ( 'NONE',  ( -0.1487875483474893623, 0.01000000000000000021, -0.01200000000000000198 ) ) ;
#1577 = LINE ( 'NONE', #1532, #4211 ) ;
#1578 = DIRECTION ( 'NONE',  ( -1.115884769084667169E-16, -0.0000000000000000000, -1.000000000000000000 ) ) ;
#1579 = DIRECTION ( 'NONE',  ( 1.000000000000000000, 0.0000000000000000000, 0.0000000000000000000 ) ) ;
#1580 = VECTOR ( 'NONE', #4731, 39.37007874015748143 ) ;
#1581 = ORIENTED_EDGE ( 'NONE', *, *, #4302, .T. ) ;
#1582 = DIRECTION ( 'NONE',  ( 1.000000000000000000, 0.0000000000000000000, 0.0000000000000000000 ) ) ;
#1583 = EDGE_LOOP ( 'NONE', ( #2646, #4391, #5136, #2333 ) ) ;
#1584 = CARTESIAN_POINT ( 'NONE',  ( 0.1119999999999999607, 0.1433333333333333404, -0.1293205080756887337 ) ) ;
#1585 = LENGTH_MEASURE_WITH_UNIT ( LENGTH_MEASURE( 0.02539999999999999897 ), #3540 );
#1586 = CIRCLE ( 'NONE', #2351, 0.01999999999999999001 ) ;
#1587 = MECHANICAL_DESIGN_GEOMETRIC_PRESENTATION_REPRESENTATION (  '', ( #683 ), #4371 ) ;
#1588 = CARTESIAN_POINT ( 'NONE',  ( -0.1120000000000000162, 0.07166666666666667018, 0.1119999999999999885 ) ) ;
#1589 = EDGE_CURVE ( 'NONE', #4170, #4017, #1507, .T. ) ;
#1590 =( GEOMETRIC_REPRESENTATION_CONTEXT ( 3 ) GLOBAL_UNCERTAINTY_ASSIGNED_CONTEXT ( ( #1547 ) ) GLOBAL_UNIT_ASSIGNED_CONTEXT ( ( #3654, #1718, #4079 ) ) REPRESENTATION_CONTEXT ( 'NONE', 'WORKASPACE' ) );
#1591 = AXIS2_PLACEMENT_3D ( 'NONE', #3901, #4307, #4255 ) ;
#1592 = ORIENTED_EDGE ( 'NONE', *, *, #1805, .T. ) ;
#1593 =( LENGTH_UNIT ( ) NAMED_UNIT ( * ) SI_UNIT ( $, .METRE. ) );
#1594 = EDGE_CURVE ( 'NONE', #142, #4790, #450, .T. ) ;
#1595 = CARTESIAN_POINT ( 'NONE',  ( 0.1275788215583597285, 0.01567333688023187302, 0.06100000004565745565 ) ) ;
#1596 = DIRECTION ( 'NONE',  ( -0.0000000000000000000, 1.000000000000000000, -0.0000000000000000000 ) ) ;
#1597 = ORIENTED_EDGE ( 'NONE', *, *, #2073, .F. ) ;
#1598 = VECTOR ( 'NONE', #4682, 39.37007874015748143 ) ;
#1599 =( GEOMETRIC_REPRESENTATION_CONTEXT ( 3 ) GLOBAL_UNCERTAINTY_ASSIGNED_CONTEXT ( ( #3547 ) ) GLOBAL_UNIT_ASSIGNED_CONTEXT ( ( #1736, #1279, #2491 ) ) REPRESENTATION_CONTEXT ( 'NONE', 'WORKASPACE' ) );
#1600 =( LENGTH_UNIT ( ) NAMED_UNIT ( * ) SI_UNIT ( $, .METRE. ) );
#1601 = CARTESIAN_POINT ( 'NONE',  ( 0.1411829972859962035, 0.02126754045964037235, -0.1219999999999999835 ) ) ;
#1602 = EDGE_CURVE ( 'NONE', #903, #4017, #54, .T. ) ;
#1603 = ORIENTED_EDGE ( 'NONE', *, *, #163, .T. ) ;
#1604 = EDGE_LOOP ( 'NONE', ( #2669, #3446 ) ) ;
#1605 = EDGE_LOOP ( 'NONE', ( #1086, #3603, #1855, #847 ) ) ;
#1606 = CARTESIAN_POINT ( 'NONE',  ( 0.06650453896958853639, 0.2049999333333333562, -0.06650453896958856415 ) ) ;
#1607 = CARTESIAN_POINT ( 'NONE',  ( 0.1404987072757753475, 0.004405796420591505218, -0.1219999999999999835 ) ) ;
#1608 = CARTESIAN_POINT ( 'NONE',  ( 0.1411829972859962035, 0.02126754045964037235, -0.1219999999999999835 ) ) ;
#1609 =( GEOMETRIC_REPRESENTATION_CONTEXT ( 3 ) GLOBAL_UNCERTAINTY_ASSIGNED_CONTEXT ( ( #985 ) ) GLOBAL_UNIT_ASSIGNED_CONTEXT ( ( #4694, #1058, #5072 ) ) REPRESENTATION_CONTEXT ( 'NONE', 'WORKASPACE' ) );
#1610 = ORIENTED_EDGE ( 'NONE', *, *, #2295, .T. ) ;
#1611 = CARTESIAN_POINT ( 'NONE',  ( -0.1649970392176944856, 0.0000000000000000000, -0.1219999999999999835 ) ) ;
#1612 = ORIENTED_EDGE ( 'NONE', *, *, #2238, .T. ) ;
#1613 = DIRECTION ( 'NONE',  ( 0.5594203579408524307, 0.8288841071713995978, 0.0000000000000000000 ) ) ;
#1614 = PLANE ( 'NONE',  #1848 ) ;
#1615 = EDGE_CURVE ( 'NONE', #2793, #930, #2097, .T. ) ;
#1616 = AXIS2_PLACEMENT_3D ( 'NONE', #2662, #5118, #1057 ) ;
#1617 = DIRECTION ( 'NONE',  ( -1.000000000000000000, 0.0000000000000000000, 0.0000000000000000000 ) ) ;
#1618 = CARTESIAN_POINT ( 'NONE',  ( -0.1275788215583597285, 0.01567333688023187302, -0.08500000004565745615 ) ) ;
#1619 = CARTESIAN_POINT ( 'NONE',  ( -0.1458140419316977521, 0.01440579642059151150, 0.06100000004565745565 ) ) ;
#1620 = EDGE_CURVE ( 'NONE', #3516, #3740, #2511, .T. ) ;
#1621 = FILL_AREA_STYLE ('',( #4392 ) ) ;
#1622 = DIRECTION ( 'NONE',  ( 1.000000000000000000, 0.0000000000000000000, 0.0000000000000000000 ) ) ;
#1623 = AXIS2_PLACEMENT_3D ( 'NONE', #3611, #4033, #3200 ) ;
#1624 = PLANE ( 'NONE',  #557 ) ;
#1625 = APPLICATION_CONTEXT ( 'automotive_design' ) ;
#1626 = EDGE_CURVE ( 'NONE', #197, #4888, #3646, .T. ) ;
#1627 = DIRECTION ( 'NONE',  ( 0.0000000000000000000, 0.0000000000000000000, 1.000000000000000000 ) ) ;
#1628 = CYLINDRICAL_SURFACE ( 'NONE', #1674, 0.01000000000000000368 ) ;
#1629 = DIRECTION ( 'NONE',  ( -0.5594203579408524307, 0.8288841071713995978, 0.0000000000000000000 ) ) ;
#1630 = ORIENTED_EDGE ( 'NONE', *, *, #2096, .T. ) ;
#1631 = ORIENTED_EDGE ( 'NONE', *, *, #1633, .F. ) ;
#1632 = ORIENTED_EDGE ( 'NONE', *, *, #15, .T. ) ;
#1633 = EDGE_CURVE ( 'NONE', #539, #2458, #2185, .T. ) ;
#1634 = FACE_OUTER_BOUND ( 'NONE', #1605, .T. ) ;
#1635 = DIRECTION ( 'NONE',  ( -1.000000000000000000, -8.537024980200826748E-16, 0.0000000000000000000 ) ) ;
#1636 = DIRECTION ( 'NONE',  ( -1.000000000000000000, -0.0000000000000000000, -0.0000000000000000000 ) ) ;
#1637 = EDGE_CURVE ( 'NONE', #3007, #986, #4522, .T. ) ;
#1638 = VERTEX_POINT ( 'NONE', #140 ) ;
#1639 = SURFACE_STYLE_FILL_AREA ( #3538 ) ;
#1640 = ORIENTED_EDGE ( 'NONE', *, *, #718, .F. ) ;
#1641 = DIRECTION ( 'NONE',  ( -1.115884769084667415E-16, -0.0000000000000000000, -1.000000000000000000 ) ) ;
#1642 = DIRECTION ( 'NONE',  ( -1.000000000000000000, 0.0000000000000000000, 0.0000000000000000000 ) ) ;
#1643 = ADVANCED_FACE ( 'NONE', ( #3352 ), #4958, .F. ) ;
#1644 = ORIENTED_EDGE ( 'NONE', *, *, #3537, .T. ) ;
#1645 = DIMENSIONAL_EXPONENTS ( 1.000000000000000000, 0.0000000000000000000, 0.0000000000000000000, 0.0000000000000000000, 0.0000000000000000000, 0.0000000000000000000, 0.0000000000000000000 ) ;
#1646 = DIRECTION ( 'NONE',  ( 0.0000000000000000000, 0.0000000000000000000, 1.000000000000000000 ) ) ;
#1647 = DIRECTION ( 'NONE',  ( -0.0000000000000000000, 0.0000000000000000000, 1.000000000000000000 ) ) ;
#1648 = DIRECTION ( 'NONE',  ( 0.0000000000000000000, 0.0000000000000000000, -1.000000000000000000 ) ) ;
#1649 = CARTESIAN_POINT ( 'NONE',  ( 0.1119999999999999607, 0.1433333333333333404, 0.1319999999999999785 ) ) ;
#1650 = DIRECTION ( 'NONE',  ( 1.000000000000000000, -0.0000000000000000000, 0.0000000000000000000 ) ) ;
#1651 = PLANE ( 'NONE',  #4805 ) ;
#1652 = CARTESIAN_POINT ( 'NONE',  ( -0.1358676626300737711, 0.01126754045964036693, 0.01200000004565746244 ) ) ;
#1653 = ORIENTED_EDGE ( 'NONE', *, *, #187, .T. ) ;
#1654 = EDGE_CURVE ( 'NONE', #572, #4696, #1922, .T. ) ;
#1655 = AXIS2_PLACEMENT_3D ( 'NONE', #2504, #2947, #3699 ) ;
#1656 = EDGE_LOOP ( 'NONE', ( #1551, #1950, #4899, #2529 ) ) ;
#1657 = ORIENTED_EDGE ( 'NONE', *, *, #2397, .F. ) ;
#1658 = SURFACE_SIDE_STYLE ('',( #1349 ) ) ;
#1659 = DIRECTION ( 'NONE',  ( 0.0000000000000000000, 0.0000000000000000000, 1.000000000000000000 ) ) ;
#1660 = DIRECTION ( 'NONE',  ( 0.0000000000000000000, 0.0000000000000000000, 1.000000000000000000 ) ) ;
#1661 = COLOUR_RGB ( '',0.1019607843137254888, 0.1019607843137254888, 0.1019607843137254888 ) ;
#1662 = EDGE_CURVE ( 'NONE', #142, #3711, #3527, .T. ) ;
#1663 = VERTEX_POINT ( 'NONE', #1871 ) ;
#1664 = VECTOR ( 'NONE', #3272, 39.37007874015748143 ) ;
#1665 = CARTESIAN_POINT ( 'NONE',  ( 0.1119999999999999607, 0.1433333333333333404, 0.1119999999999999885 ) ) ;
#1666 = VERTEX_POINT ( 'NONE', #3081 ) ;
#1667 = CARTESIAN_POINT ( 'NONE',  ( 0.1219999999999995116, 0.02567333688023188190, 0.06100000004565745565 ) ) ;
#1668 = DIRECTION ( 'NONE',  ( 0.0000000000000000000, 0.0000000000000000000, 1.000000000000000000 ) ) ;
#1669 = DIRECTION ( 'NONE',  ( -1.000000000000000000, -0.0000000000000000000, -0.0000000000000000000 ) ) ;
#1670 = VECTOR ( 'NONE', #4870, 39.37007874015748143 ) ;
#1671 =( CONVERSION_BASED_UNIT ( 'INCH', #4494 ) LENGTH_UNIT ( ) NAMED_UNIT ( #1079 ) );
#1672 = CARTESIAN_POINT ( 'NONE',  ( -0.1358676626300737711, 0.01126754045964036693, 0.06100000004565745565 ) ) ;
#1673 = FILL_AREA_STYLE ('',( #861 ) ) ;
#1674 = AXIS2_PLACEMENT_3D ( 'NONE', #5169, #3133, #3238 ) ;
#1675 = LINE ( 'NONE', #5186, #2379 ) ;
#1676 = DIRECTION ( 'NONE',  ( -1.000000000000000000, -1.384382429221754630E-16, 0.0000000000000000000 ) ) ;
#1677 = AXIS2_PLACEMENT_3D ( 'NONE', #1722, #4431, #829 ) ;
#1678 = VECTOR ( 'NONE', #3698, 39.37007874015748143 ) ;
#1679 = CARTESIAN_POINT ( 'NONE',  ( 0.1649970392176944578, 0.0000000000000000000, 0.08500000004565745615 ) ) ;
#1680 = COLOUR_RGB ( '',0.6745098039215686736, 0.6745098039215686736, 0.6745098039215686736 ) ;
#1681 = CIRCLE ( 'NONE', #3288, 0.009999999999999995004 ) ;
#1682 = EDGE_CURVE ( 'NONE', #3270, #3389, #981, .T. ) ;
#1683 = DIRECTION ( 'NONE',  ( 1.000000000000000000, 0.0000000000000000000, -0.0000000000000000000 ) ) ;
#1684 = LENGTH_MEASURE_WITH_UNIT ( LENGTH_MEASURE( 0.02539999999999999897 ), #4524 );
#1685 = ORIENTED_EDGE ( 'NONE', *, *, #3317, .F. ) ;
#1686 = VECTOR ( 'NONE', #2549, 39.37007874015748143 ) ;
#1687 =( GEOMETRIC_REPRESENTATION_CONTEXT ( 3 ) GLOBAL_UNCERTAINTY_ASSIGNED_CONTEXT ( ( #813 ) ) GLOBAL_UNIT_ASSIGNED_CONTEXT ( ( #4934, #2516, #4878 ) ) REPRESENTATION_CONTEXT ( 'NONE', 'WORKASPACE' ) );
#1688 = ORIENTED_EDGE ( 'NONE', *, *, #3207, .T. ) ;
#1689 = CARTESIAN_POINT ( 'NONE',  ( -0.1649970392176944578, 0.01000000000000000021, 0.06100000004565745565 ) ) ;
#1690 = FILL_AREA_STYLE_COLOUR ( '', #1680 ) ;
#1691 = CARTESIAN_POINT ( 'NONE',  ( -0.01666666666666663521, 0.01000000000000000021, -0.1019999999999999657 ) ) ;
#1692 = LINE ( 'NONE', #122, #939 ) ;
#1693 = EDGE_CURVE ( 'NONE', #3242, #2488, #2187, .T. ) ;
#1694 = AXIS2_PLACEMENT_3D ( 'NONE', #1993, #4354, #335 ) ;
#1695 = ORIENTED_EDGE ( 'NONE', *, *, #1483, .T. ) ;
#1696 = COLOUR_RGB ( '',1.000000000000000000, 1.000000000000000000, 1.000000000000000000 ) ;
#1697 = PLANE ( 'NONE',  #2770 ) ;
#1698 = VECTOR ( 'NONE', #4587, 39.37007874015748143 ) ;
#1699 = ORIENTED_EDGE ( 'NONE', *, *, #2041, .T. ) ;
#1700 = CARTESIAN_POINT ( 'NONE',  ( -0.1275788215583597562, 0.005673336880231876281, -0.01200000000000000198 ) ) ;
#1701 = VECTOR ( 'NONE', #3707, 39.37007874015748143 ) ;
#1702 = ORIENTED_EDGE ( 'NONE', *, *, #3537, .F. ) ;
#1703 = FACE_OUTER_BOUND ( 'NONE', #617, .T. ) ;
#1704 = SURFACE_STYLE_FILL_AREA ( #105 ) ;
#1705 = DIRECTION ( 'NONE',  ( -0.2588190451025202399, -0.9659258262890684232, 0.0000000000000000000 ) ) ;
#1706 = EDGE_CURVE ( 'NONE', #4008, #2689, #4672, .T. ) ;
#1707 = DIRECTION ( 'NONE',  ( 1.000000000000000000, 0.0000000000000000000, 0.0000000000000000000 ) ) ;
#1708 = LINE ( 'NONE', #4068, #1544 ) ;
#1709 = VECTOR ( 'NONE', #3294, 39.37007874015748143 ) ;
#1710 = DIRECTION ( 'NONE',  ( 0.0000000000000000000, 0.0000000000000000000, -1.000000000000000000 ) ) ;
#1711 =( CONVERSION_BASED_UNIT ( 'INCH', #1730 ) LENGTH_UNIT ( ) NAMED_UNIT ( #1791 ) );
#1712 = DIRECTION ( 'NONE',  ( 0.5594203579408524307, 0.8288841071713997088, 0.0000000000000000000 ) ) ;
#1713 = LINE ( 'NONE', #4365, #3065 ) ;
#1714 = VERTEX_POINT ( 'NONE', #1081 ) ;
#1715 = ADVANCED_FACE ( 'NONE', ( #4695 ), #1450, .F. ) ;
#1716 = ORIENTED_EDGE ( 'NONE', *, *, #4698, .T. ) ;
#1717 = ORIENTED_EDGE ( 'NONE', *, *, #2816, .T. ) ;
#1718 =( NAMED_UNIT ( * ) PLANE_ANGLE_UNIT ( ) SI_UNIT ( $, .RADIAN. ) );
#1719 = CARTESIAN_POINT ( 'NONE',  ( -0.1219999999999994977, 0.02567333688023188190, -0.08500000004565745615 ) ) ;
#1720 = VERTEX_POINT ( 'NONE', #2589 ) ;
#1721 = CARTESIAN_POINT ( 'NONE',  ( -0.1219999999999995255, 0.01567333688023188343, -0.1219999999999999835 ) ) ;
#1722 = CARTESIAN_POINT ( 'NONE',  ( -0.1119999999999999885, 0.1333333333333332482, -0.1119999999999999885 ) ) ;
#1723 = SURFACE_STYLE_USAGE ( .BOTH. , #2526 ) ;
#1724 = ORIENTED_EDGE ( 'NONE', *, *, #1448, .T. ) ;
#1725 = CYLINDRICAL_SURFACE ( 'NONE', #4537, 0.009999999999999995004 ) ;
#1726 = SURFACE_STYLE_FILL_AREA ( #1783 ) ;
#1727 = DIRECTION ( 'NONE',  ( 0.0000000000000000000, 0.0000000000000000000, -1.000000000000000000 ) ) ;
#1728 = ADVANCED_FACE ( 'NONE', ( #2268 ), #1398, .T. ) ;
#1729 = CARTESIAN_POINT ( 'NONE',  ( 0.05000000000000000278, 0.02000000000000000042, -0.08199999999999998956 ) ) ;
#1730 = LENGTH_MEASURE_WITH_UNIT ( LENGTH_MEASURE( 0.02539999999999999897 ), #4957 );
#1731 = DIRECTION ( 'NONE',  ( 0.0000000000000000000, -0.0000000000000000000, -1.000000000000000000 ) ) ;
#1732 =( LENGTH_UNIT ( ) NAMED_UNIT ( * ) SI_UNIT ( $, .METRE. ) );
#1733 = EDGE_CURVE ( 'NONE', #3088, #119, #2536, .T. ) ;
#1734 = ORIENTED_EDGE ( 'NONE', *, *, #4436, .T. ) ;
#1735 = EDGE_LOOP ( 'NONE', ( #464, #1632, #3967, #2207 ) ) ;
#1736 =( CONVERSION_BASED_UNIT ( 'INCH', #3332 ) LENGTH_UNIT ( ) NAMED_UNIT ( #1253 ) );
#1737 = SURFACE_STYLE_USAGE ( .BOTH. , #1658 ) ;
#1738 = FACE_OUTER_BOUND ( 'NONE', #1203, .T. ) ;
#1739 = CARTESIAN_POINT ( 'NONE',  ( -0.1120000000000000162, 0.1433333333333333404, 0.1119999999999999885 ) ) ;
#1740 = CLOSED_SHELL ( 'NONE', ( #1893, #3744, #4893, #4859, #4683, #204, #660, #564, #3342, #4988, #4442, #4882, #1781, #3132 ) ) ;
#1741 = ORIENTED_EDGE ( 'NONE', *, *, #2737, .F. ) ;
#1742 = DIRECTION ( 'NONE',  ( -1.000000000000000000, 0.0000000000000000000, 0.0000000000000000000 ) ) ;
#1743 = CARTESIAN_POINT ( 'NONE',  ( -0.1649970392176944856, 0.0000000000000000000, -0.01199999999999999678 ) ) ;
#1744 = DIRECTION ( 'NONE',  ( 0.0000000000000000000, 1.000000000000000000, 0.0000000000000000000 ) ) ;
#1745 = AXIS2_PLACEMENT_3D ( 'NONE', #3162, #728, #1531 ) ;
#1746 = FILL_AREA_STYLE_COLOUR ( '', #2729 ) ;
#1747 = VECTOR ( 'NONE', #2302, 39.37007874015748143 ) ;
#1748 = ORIENTED_EDGE ( 'NONE', *, *, #3811, .F. ) ;
#1749 = ORIENTED_EDGE ( 'NONE', *, *, #4345, .T. ) ;
#1750 = CARTESIAN_POINT ( 'NONE',  ( 0.1649970392176944856, 0.0000000000000000000, -0.1219999999999999835 ) ) ;
#1751 = CARTESIAN_POINT ( 'NONE',  ( -0.01833333333333328138, 0.01000000000000000021, -0.1019999999999999934 ) ) ;
#1752 = CARTESIAN_POINT ( 'NONE',  ( -0.1219999999999994839, 0.02567333688023188190, -0.06099999999999999173 ) ) ;
#1753 = DIRECTION ( 'NONE',  ( 0.0000000000000000000, -1.000000000000000000, 0.0000000000000000000 ) ) ;
#1754 = EDGE_CURVE ( 'NONE', #37, #777, #600, .T. ) ;
#1755 = EDGE_CURVE ( 'NONE', #4344, #4319, #3479, .T. ) ;
#1756 = DIRECTION ( 'NONE',  ( -0.0000000000000000000, 1.000000000000000000, -0.0000000000000000000 ) ) ;
#1757 = CARTESIAN_POINT ( 'NONE',  ( -0.1275788215583597562, 0.005673336880231876281, 0.08500000004565745615 ) ) ;
#1758 =( NAMED_UNIT ( * ) SI_UNIT ( $, .STERADIAN. ) SOLID_ANGLE_UNIT ( ) );
#1759 = STYLED_ITEM ( 'NONE', ( #1776 ), #2680 ) ;
#1760 = AXIS2_PLACEMENT_3D ( 'NONE', #3402, #3320, #3752 ) ;
#1761 = VERTEX_POINT ( 'NONE', #5101 ) ;
#1762 = VERTEX_POINT ( 'NONE', #1788 ) ;
#1763 = AXIS2_PLACEMENT_3D ( 'NONE', #2775, #3903, #2726 ) ;
#1764 = VERTEX_POINT ( 'NONE', #3408 ) ;
#1765 = CARTESIAN_POINT ( 'NONE',  ( -0.1458140419316977521, 0.01440579642059151150, -0.01200000000000000198 ) ) ;
#1766 = CARTESIAN_POINT ( 'NONE',  ( -0.05000000000000000278, 0.0000000000000000000, -0.09199999999999997069 ) ) ;
#1767 = DIRECTION ( 'NONE',  ( 1.000000000000000000, 0.0000000000000000000, 0.0000000000000000000 ) ) ;
#1768 = FACE_OUTER_BOUND ( 'NONE', #3840, .T. ) ;
#1769 = ADVANCED_FACE ( 'NONE', ( #5018 ), #4242, .T. ) ;
#1770 = PRESENTATION_LAYER_ASSIGNMENT (  '', '', ( #3947 ) ) ;
#1771 = ORIENTED_EDGE ( 'NONE', *, *, #5108, .F. ) ;
#1772 = EDGE_CURVE ( 'NONE', #7, #3418, #2217, .T. ) ;
#1773 = FACE_OUTER_BOUND ( 'NONE', #483, .T. ) ;
#1774 = AXIS2_PLACEMENT_3D ( 'NONE', #2632, #4231, #994 ) ;
#1775 = FACE_OUTER_BOUND ( 'NONE', #1902, .T. ) ;
#1776 = PRESENTATION_STYLE_ASSIGNMENT (( #3440 ) ) ;
#1777 = FACE_OUTER_BOUND ( 'NONE', #4993, .T. ) ;
#1778 = CARTESIAN_POINT ( 'NONE',  ( 0.1275788215583597562, 0.005673336880231876281, -0.1219999999999999835 ) ) ;
#1779 =( GEOMETRIC_REPRESENTATION_CONTEXT ( 3 ) GLOBAL_UNCERTAINTY_ASSIGNED_CONTEXT ( ( #2011 ) ) GLOBAL_UNIT_ASSIGNED_CONTEXT ( ( #3180, #2723, #1938 ) ) REPRESENTATION_CONTEXT ( 'NONE', 'WORKASPACE' ) );
#1780 = ORIENTED_EDGE ( 'NONE', *, *, #1476, .F. ) ;
#1781 = ADVANCED_FACE ( 'NONE', ( #3026 ), #1037, .T. ) ;
#1782 = ORIENTED_EDGE ( 'NONE', *, *, #187, .F. ) ;
#1783 = FILL_AREA_STYLE ('',( #1313 ) ) ;
#1784 = MECHANICAL_DESIGN_GEOMETRIC_PRESENTATION_REPRESENTATION (  '', ( #4042 ), #2025 ) ;
#1785 = VECTOR ( 'NONE', #1650, 39.37007874015748143 ) ;
#1786 = ADVANCED_FACE ( 'NONE', ( #133 ), #2693, .T. ) ;
#1787 = LENGTH_MEASURE_WITH_UNIT ( LENGTH_MEASURE( 0.02539999999999999897 ), #4990 );
#1788 = CARTESIAN_POINT ( 'NONE',  ( 0.1541028830034118224, 0.01000000000000000021, 0.06100000004565745565 ) ) ;
#1789 = DIRECTION ( 'NONE',  ( 0.0000000000000000000, 1.000000000000000000, 0.0000000000000000000 ) ) ;
#1790 = AXIS2_PLACEMENT_3D ( 'NONE', #4393, #77, #2835 ) ;
#1791 = DIMENSIONAL_EXPONENTS ( 1.000000000000000000, 0.0000000000000000000, 0.0000000000000000000, 0.0000000000000000000, 0.0000000000000000000, 0.0000000000000000000, 0.0000000000000000000 ) ;
#1792 = ORIENTED_EDGE ( 'NONE', *, *, #1238, .T. ) ;
#1793 = EDGE_LOOP ( 'NONE', ( #801, #1905, #4169, #4285 ) ) ;
#1794 = ORIENTED_EDGE ( 'NONE', *, *, #3755, .T. ) ;
#1795 = PRESENTATION_STYLE_ASSIGNMENT (( #1897 ) ) ;
#1796 = LINE ( 'NONE', #3415, #3195 ) ;
#1797 = CARTESIAN_POINT ( 'NONE',  ( 0.1404987072757753475, 0.004405796420591500881, 0.06100000004565745565 ) ) ;
#1798 = CARTESIAN_POINT ( 'NONE',  ( 0.1541028830034118224, 0.01000000000000000021, -0.08500000004565745615 ) ) ;
#1799 = VECTOR ( 'NONE', #3677, 39.37007874015748143 ) ;
#1800 = ORIENTED_EDGE ( 'NONE', *, *, #1366, .T. ) ;
#1801 = EDGE_CURVE ( 'NONE', #4790, #3790, #1391, .T. ) ;
#1802 = MECHANICAL_DESIGN_GEOMETRIC_PRESENTATION_REPRESENTATION (  '', ( #3411 ), #5015 ) ;
#1803 =( LENGTH_UNIT ( ) NAMED_UNIT ( * ) SI_UNIT ( $, .METRE. ) );
#1804 = CARTESIAN_POINT ( 'NONE',  ( -0.1219999999999995116, 0.0000000000000000000, 0.06100000004565745565 ) ) ;
#1805 = EDGE_CURVE ( 'NONE', #2673, #1000, #73, .T. ) ;
#1806 = ORIENTED_EDGE ( 'NONE', *, *, #392, .F. ) ;
#1807 = VERTEX_POINT ( 'NONE', #4549 ) ;
#1808 = CARTESIAN_POINT ( 'NONE',  ( 0.1404987072757753475, 0.004405796420591505218, 0.01200000004565746244 ) ) ;
#1809 = ORIENTED_EDGE ( 'NONE', *, *, #1883, .F. ) ;
#1810 = CARTESIAN_POINT ( 'NONE',  ( 0.01833333333333331955, 0.01000000000000000021, -0.1019999999999999934 ) ) ;
#1811 = EDGE_CURVE ( 'NONE', #1344, #376, #1510, .T. ) ;
#1812 = SURFACE_SIDE_STYLE ('',( #2240 ) ) ;
#1813 = DIRECTION ( 'NONE',  ( -0.0000000000000000000, -0.0000000000000000000, -1.000000000000000000 ) ) ;
#1814 = PLANE ( 'NONE',  #4655 ) ;
#1815 = EDGE_CURVE ( 'NONE', #4019, #3389, #3937, .T. ) ;
#1816 = ORIENTED_EDGE ( 'NONE', *, *, #2295, .F. ) ;
#1817 = ORIENTED_EDGE ( 'NONE', *, *, #4659, .T. ) ;
#1818 = UNCERTAINTY_MEASURE_WITH_UNIT (LENGTH_MEASURE( 1.000000000000000082E-05 ), #553, 'distance_accuracy_value', 'NONE');
#1819 = ORIENTED_EDGE ( 'NONE', *, *, #2875, .T. ) ;
#1820 = CARTESIAN_POINT ( 'NONE',  ( -0.06249999999999999306, 0.01000000000000000021, 0.1219999999999999835 ) ) ;
#1821 = CARTESIAN_POINT ( 'NONE',  ( -0.1319999999999999785, 0.07166666666666667018, 0.1119999999999999885 ) ) ;
#1822 = FACE_OUTER_BOUND ( 'NONE', #4614, .T. ) ;
#1823 = VERTEX_POINT ( 'NONE', #2502 ) ;
#1824 = DIRECTION ( 'NONE',  ( -1.000000000000000000, 0.0000000000000000000, 0.0000000000000000000 ) ) ;
#1825 =( NAMED_UNIT ( * ) SI_UNIT ( $, .STERADIAN. ) SOLID_ANGLE_UNIT ( ) );
#1826 = EDGE_CURVE ( 'NONE', #2874, #4447, #472, .T. ) ;
#1827 = CARTESIAN_POINT ( 'NONE',  ( -0.05000000000000000278, 0.0000000000000000000, -0.1419999999999996543 ) ) ;
#1828 = CIRCLE ( 'NONE', #2678, 0.009999999999999995004 ) ;
#1829 = ADVANCED_FACE ( 'NONE', ( #102 ), #1725, .T. ) ;
#1830 = ORIENTED_EDGE ( 'NONE', *, *, #453, .F. ) ;
#1831 = AXIS2_PLACEMENT_3D ( 'NONE', #4754, #1991, #3570 ) ;
#1832 = DIRECTION ( 'NONE',  ( 0.0000000000000000000, 0.0000000000000000000, 1.000000000000000000 ) ) ;
#1833 = ORIENTED_EDGE ( 'NONE', *, *, #1338, .T. ) ;
#1834 = CARTESIAN_POINT ( 'NONE',  ( 0.1541028830034117947, 0.02000000000000000042, -0.08500000004565745615 ) ) ;
#1835 = DIRECTION ( 'NONE',  ( -0.0000000000000000000, -1.000000000000000000, -0.0000000000000000000 ) ) ;
#1836 = CIRCLE ( 'NONE', #2935, 0.01028968565051215783 ) ;
#1837 = AXIS2_PLACEMENT_3D ( 'NONE', #627, #3380, #1838 ) ;
#1838 = DIRECTION ( 'NONE',  ( 0.0000000000000000000, -0.0000000000000000000, -1.000000000000000000 ) ) ;
#1839 = CARTESIAN_POINT ( 'NONE',  ( -0.1220000000000004969, 0.01000000000000000021, -0.1219999999999999835 ) ) ;
#1840 = DIRECTION ( 'NONE',  ( 0.0000000000000000000, 0.0000000000000000000, 1.000000000000000000 ) ) ;
#1841 = FACE_OUTER_BOUND ( 'NONE', #3531, .T. ) ;
#1842 = AXIS2_PLACEMENT_3D ( 'NONE', #1339, #2509, #1627 ) ;
#1843 = ORIENTED_EDGE ( 'NONE', *, *, #5108, .T. ) ;
#1844 = VERTEX_POINT ( 'NONE', #4981 ) ;
#1845 = ORIENTED_EDGE ( 'NONE', *, *, #4777, .F. ) ;
#1846 = DIRECTION ( 'NONE',  ( 0.0000000000000000000, 0.0000000000000000000, 1.000000000000000000 ) ) ;
#1848 = AXIS2_PLACEMENT_3D ( 'NONE', #2559, #4487, #2498 ) ;
#1847 = FACE_OUTER_BOUND ( 'NONE', #3750, .T. ) ;
#1849 = VECTOR ( 'NONE', #434, 39.37007874015748143 ) ;
#1850 = CARTESIAN_POINT ( 'NONE',  ( 0.05000000000000000278, 0.0000000000000000000, -0.1419999999999996543 ) ) ;
#1851 = DIRECTION ( 'NONE',  ( 0.0000000000000000000, -8.537024980200811957E-16, -1.000000000000000000 ) ) ;
#1852 = CARTESIAN_POINT ( 'NONE',  ( -0.05000000000000000278, 0.0000000000000000000, 0.07866666666666664864 ) ) ;
#1853 = DIMENSIONAL_EXPONENTS ( 1.000000000000000000, 0.0000000000000000000, 0.0000000000000000000, 0.0000000000000000000, 0.0000000000000000000, 0.0000000000000000000, 0.0000000000000000000 ) ;
#1854 = AXIS2_PLACEMENT_3D ( 'NONE', #658, #3434, #4251 ) ;
#1855 = ORIENTED_EDGE ( 'NONE', *, *, #2506, .F. ) ;
#1856 = LINE ( 'NONE', #2202, #179 ) ;
#1857 = EDGE_CURVE ( 'NONE', #763, #2383, #2917, .T. ) ;
#1858 = DIRECTION ( 'NONE',  ( -1.000000000000000000, 0.0000000000000000000, -0.0000000000000000000 ) ) ;
#1859 = DIRECTION ( 'NONE',  ( 0.0000000000000000000, 1.000000000000000000, 0.0000000000000000000 ) ) ;
#1860 = MECHANICAL_DESIGN_GEOMETRIC_PRESENTATION_REPRESENTATION (  '', ( #2360 ), #1027 ) ;
#1861 =( GEOMETRIC_REPRESENTATION_CONTEXT ( 3 ) GLOBAL_UNCERTAINTY_ASSIGNED_CONTEXT ( ( #2393 ) ) GLOBAL_UNIT_ASSIGNED_CONTEXT ( ( #206, #1384, #3014 ) ) REPRESENTATION_CONTEXT ( 'NONE', 'WORKASPACE' ) );
#1862 = AXIS2_PLACEMENT_3D ( 'NONE', #457, #3714, #4077 ) ;
#1863 = ORIENTED_EDGE ( 'NONE', *, *, #4282, .F. ) ;
#1864 = FACE_OUTER_BOUND ( 'NONE', #398, .T. ) ;
#1865 = ORIENTED_EDGE ( 'NONE', *, *, #804, .T. ) ;
#1866 = CARTESIAN_POINT ( 'NONE',  ( -0.1404987072757753475, 0.004405796420591500881, 0.01200000004565746244 ) ) ;
#1867 = CARTESIAN_POINT ( 'NONE',  ( 0.1275788215583597285, 0.01567333688023187302, -0.08500000004565745615 ) ) ;
#1868 = DIRECTION ( 'NONE',  ( -3.414809992080329516E-15, 1.000000000000000000, 0.0000000000000000000 ) ) ;
#1869 = DIRECTION ( 'NONE',  ( -0.0000000000000000000, 0.0000000000000000000, 1.000000000000000000 ) ) ;
#1870 =( LENGTH_UNIT ( ) NAMED_UNIT ( * ) SI_UNIT ( $, .METRE. ) );
#1871 = CARTESIAN_POINT ( 'NONE',  ( 0.1358676626300737711, 0.01126754045964036693, -0.08500000004565745615 ) ) ;
#1872 = STYLED_ITEM ( 'NONE', ( #3426 ), #4090 ) ;
#1873 = ORIENTED_EDGE ( 'NONE', *, *, #3680, .T. ) ;
#1874 = VERTEX_POINT ( 'NONE', #1361 ) ;
#1875 = UNCERTAINTY_MEASURE_WITH_UNIT (LENGTH_MEASURE( 1.000000000000000082E-05 ), #1711, 'distance_accuracy_value', 'NONE');
#1876 = ORIENTED_EDGE ( 'NONE', *, *, #4401, .T. ) ;
#1877 = VECTOR ( 'NONE', #3778, 39.37007874015748143 ) ;
#1878 = VECTOR ( 'NONE', #2951, 39.37007874015748143 ) ;
#1879 = ORIENTED_EDGE ( 'NONE', *, *, #3852, .T. ) ;
#1880 = FACE_OUTER_BOUND ( 'NONE', #646, .T. ) ;
#1881 = CARTESIAN_POINT ( 'NONE',  ( -0.05000000000000000278, 0.01333333333333333419, 0.08200000000000001732 ) ) ;
#1882 = DIRECTION ( 'NONE',  ( 0.0000000000000000000, 1.000000000000000000, 0.0000000000000000000 ) ) ;
#1883 = EDGE_CURVE ( 'NONE', #2, #2844, #498, .T. ) ;
#1884 = ORIENTED_EDGE ( 'NONE', *, *, #4168, .F. ) ;
#1885 = VECTOR ( 'NONE', #757, 39.37007874015748143 ) ;
#1886 = FACE_OUTER_BOUND ( 'NONE', #1389, .T. ) ;
#1887 = ORIENTED_EDGE ( 'NONE', *, *, #2965, .T. ) ;
#1888 = CARTESIAN_POINT ( 'NONE',  ( 0.1319999999999999785, 0.1333333333333332482, -0.1319999999999999785 ) ) ;
#1889 = DIRECTION ( 'NONE',  ( 0.0000000000000000000, 0.0000000000000000000, -1.000000000000000000 ) ) ;
#1890 = CARTESIAN_POINT ( 'NONE',  ( 0.1319999999999999785, 0.1433333333333333404, -0.1319999999999999785 ) ) ;
#1891 = AXIS2_PLACEMENT_3D ( 'NONE', #4811, #4034, #2500 ) ;
#1892 = SURFACE_STYLE_USAGE ( .BOTH. , #302 ) ;
#1893 = ADVANCED_FACE ( 'NONE', ( #4578 ), #2945, .F. ) ;
#1894 = ORIENTED_EDGE ( 'NONE', *, *, #4176, .F. ) ;
#1895 = ORIENTED_EDGE ( 'NONE', *, *, #2342, .F. ) ;
#1896 = CYLINDRICAL_SURFACE ( 'NONE', #5039, 0.009999999999999995004 ) ;
#1897 = SURFACE_STYLE_USAGE ( .BOTH. , #5082 ) ;
#1898 = EDGE_CURVE ( 'NONE', #3483, #2752, #3344, .T. ) ;
#1899 = CARTESIAN_POINT ( 'NONE',  ( 0.1649970392176944578, 0.01000000000000000021, -0.08500000004565745615 ) ) ;
#1900 = CARTESIAN_POINT ( 'NONE',  ( -0.1649970392176944578, 0.01000000000000000021, -0.1219999999999999835 ) ) ;
#1901 = APPLICATION_CONTEXT ( 'automotive_design' ) ;
#1902 = EDGE_LOOP ( 'NONE', ( #791, #1055, #1477, #1306, #3146, #3144, #279, #2372 ) ) ;
#1903 = DIRECTION ( 'NONE',  ( 1.000000000000000000, 0.0000000000000000000, 0.0000000000000000000 ) ) ;
#1904 = CARTESIAN_POINT ( 'NONE',  ( -0.06650453896958856415, 0.2049999333333333562, -0.06650453896958856415 ) ) ;
#1905 = ORIENTED_EDGE ( 'NONE', *, *, #663, .F. ) ;
#1906 = CARTESIAN_POINT ( 'NONE',  ( 0.1649970392176944578, 0.02567333688023188190, 0.08500000004565745615 ) ) ;
#1907 = CARTESIAN_POINT ( 'NONE',  ( -0.1220000000000004969, 0.4884014425523686143, 0.1219999999999999835 ) ) ;
#1908 = AXIS2_PLACEMENT_3D ( 'NONE', #4314, #710, #2311 ) ;
#1909 = VERTEX_POINT ( 'NONE', #295 ) ;
#1910 = LINE ( 'NONE', #3562, #2465 ) ;
#1911 = ADVANCED_FACE ( 'NONE', ( #316 ), #4286, .T. ) ;
#1912 = MECHANICAL_DESIGN_GEOMETRIC_PRESENTATION_REPRESENTATION (  '', ( #4954 ), #3581 ) ;
#1913 = CARTESIAN_POINT ( 'NONE',  ( 0.1411829972859962035, 0.02126754045964037235, 0.01200000004565746244 ) ) ;
#1914 = EDGE_LOOP ( 'NONE', ( #2716, #2344, #3073, #4322 ) ) ;
#1915 = CARTESIAN_POINT ( 'NONE',  ( 0.06650453896958853639, 0.2049999333333333562, -7.421140211116157485E-18 ) ) ;
#1916 = CARTESIAN_POINT ( 'NONE',  ( -0.1649970392176944856, 0.0000000000000000000, -0.1219999999999999835 ) ) ;
#1917 = ORIENTED_EDGE ( 'NONE', *, *, #4491, .F. ) ;
#1918 = ORIENTED_EDGE ( 'NONE', *, *, #1497, .F. ) ;
#1919 = VECTOR ( 'NONE', #3600, 39.37007874015748143 ) ;
#1920 = DIRECTION ( 'NONE',  ( 0.0000000000000000000, 0.0000000000000000000, 1.000000000000000000 ) ) ;
#1921 = PLANE ( 'NONE',  #3356 ) ;
#1922 = CIRCLE ( 'NONE', #3776, 0.009999999999999995004 ) ;
#1923 = ADVANCED_FACE ( 'NONE', ( #1886 ), #3097, .T. ) ;
#1924 = VERTEX_POINT ( 'NONE', #3119 ) ;
#1925 = AXIS2_PLACEMENT_3D ( 'NONE', #1606, #1320, #1281 ) ;
#1926 = LINE ( 'NONE', #1888, #589 ) ;
#1927 = CARTESIAN_POINT ( 'NONE',  ( -0.1219999999999994977, 0.0000000000000000000, 0.01200000004565745897 ) ) ;
#1928 = AXIS2_PLACEMENT_3D ( 'NONE', #5004, #3877, #2994 ) ;
#1929 = CARTESIAN_POINT ( 'NONE',  ( -0.1649970392176944578, 0.01000000000000000021, 0.08500000004565745615 ) ) ;
#1930 = VECTOR ( 'NONE', #3469, 39.37007874015748143 ) ;
#1931 = EDGE_CURVE ( 'NONE', #1823, #3567, #2681, .T. ) ;
#1932 = CIRCLE ( 'NONE', #3874, 0.01732050807568874529 ) ;
#1933 = DIRECTION ( 'NONE',  ( 0.0000000000000000000, 0.0000000000000000000, 1.000000000000000000 ) ) ;
#1934 = ORIENTED_EDGE ( 'NONE', *, *, #5162, .T. ) ;
#1935 = ADVANCED_FACE ( 'NONE', ( #684 ), #5113, .F. ) ;
#1936 = PLANE ( 'NONE',  #2606 ) ;
#1937 = DIRECTION ( 'NONE',  ( 0.0000000000000000000, -1.000000000000000000, 0.0000000000000000000 ) ) ;
#1938 =( NAMED_UNIT ( * ) SI_UNIT ( $, .STERADIAN. ) SOLID_ANGLE_UNIT ( ) );
#1939 = AXIS2_PLACEMENT_3D ( 'NONE', #927, #4444, #2902 ) ;
#1940 = ORIENTED_EDGE ( 'NONE', *, *, #4668, .F. ) ;
#1941 = EDGE_CURVE ( 'NONE', #1844, #9, #2209, .T. ) ;
#1942 = ORIENTED_EDGE ( 'NONE', *, *, #3152, .T. ) ;
#1943 = AXIS2_PLACEMENT_3D ( 'NONE', #5099, #1474, #191 ) ;
#1944 = VERTEX_POINT ( 'NONE', #4204 ) ;
#1945 =( LENGTH_UNIT ( ) NAMED_UNIT ( * ) SI_UNIT ( $, .METRE. ) );
#1946 = LINE ( 'NONE', #4757, #2957 ) ;
#1947 = CIRCLE ( 'NONE', #4743, 0.01000000000000000368 ) ;
#1948 = ORIENTED_EDGE ( 'NONE', *, *, #3993, .T. ) ;
#1949 = CARTESIAN_POINT ( 'NONE',  ( -0.1220000000000004969, 0.07166666666666667018, 0.1219999999999999835 ) ) ;
#1950 = ORIENTED_EDGE ( 'NONE', *, *, #3546, .F. ) ;
#1951 = DIRECTION ( 'NONE',  ( -1.000000000000000000, 0.0000000000000000000, 1.115884769084667415E-16 ) ) ;
#1952 = ADVANCED_FACE ( 'NONE', ( #4312 ), #2309, .T. ) ;
#1953 = SURFACE_STYLE_USAGE ( .BOTH. , #1155 ) ;
#1954 = DIRECTION ( 'NONE',  ( -0.0000000000000000000, 1.000000000000000000, -0.0000000000000000000 ) ) ;
#1955 = CIRCLE ( 'NONE', #1382, 0.01028968565051215783 ) ;
#1956 = DIRECTION ( 'NONE',  ( 0.0000000000000000000, 0.0000000000000000000, 1.000000000000000000 ) ) ;
#1957 = CARTESIAN_POINT ( 'NONE',  ( -0.1404987072757753475, 0.004405796420591505218, -0.08500000004565745615 ) ) ;
#1958 = ORIENTED_EDGE ( 'NONE', *, *, #2725, .F. ) ;
#1959 = UNCERTAINTY_MEASURE_WITH_UNIT (LENGTH_MEASURE( 1.000000000000000082E-05 ), #1105, 'distance_accuracy_value', 'NONE');
#1960 = SURFACE_STYLE_FILL_AREA ( #721 ) ;
#1961 = ADVANCED_FACE ( 'NONE', ( #1864 ), #4450, .T. ) ;
#1962 = DIRECTION ( 'NONE',  ( -1.000000000000000000, 0.0000000000000000000, 0.0000000000000000000 ) ) ;
#1963 = FILL_AREA_STYLE_COLOUR ( '', #1696 ) ;
#1964 = VERTEX_POINT ( 'NONE', #4235 ) ;
#1965 = ORIENTED_EDGE ( 'NONE', *, *, #4294, .F. ) ;
#1966 = ORIENTED_EDGE ( 'NONE', *, *, #1201, .F. ) ;
#1967 = SURFACE_SIDE_STYLE ('',( #2376 ) ) ;
#1968 = FACE_OUTER_BOUND ( 'NONE', #3457, .T. ) ;
#1969 = CARTESIAN_POINT ( 'NONE',  ( -0.1411829972859962035, 0.02126754045964037235, -0.06099999999999999173 ) ) ;
#1970 = CARTESIAN_POINT ( 'NONE',  ( 0.1219999999999994977, 0.02567333688023188190, 0.08500000004565745615 ) ) ;
#1971 = VERTEX_POINT ( 'NONE', #1054 ) ;
#1972 =( NAMED_UNIT ( * ) SI_UNIT ( $, .STERADIAN. ) SOLID_ANGLE_UNIT ( ) );
#1973 = ORIENTED_EDGE ( 'NONE', *, *, #596, .T. ) ;
#1974 = CARTESIAN_POINT ( 'NONE',  ( -0.06249999999999999306, 0.01000000000000000021, 0.07199999999999998068 ) ) ;
#1975 = FACE_OUTER_BOUND ( 'NONE', #3907, .T. ) ;
#1976 = DIRECTION ( 'NONE',  ( -1.000000000000000000, -0.0000000000000000000, -0.0000000000000000000 ) ) ;
#1977 =( LENGTH_UNIT ( ) NAMED_UNIT ( * ) SI_UNIT ( $, .METRE. ) );
#1978 = CARTESIAN_POINT ( 'NONE',  ( -0.1404987072757753475, 0.004405796420591505218, 0.08500000004565745615 ) ) ;
#1979 = SURFACE_STYLE_FILL_AREA ( #367 ) ;
#1980 = LINE ( 'NONE', #1595, #3056 ) ;
#1981 = CARTESIAN_POINT ( 'NONE',  ( -0.1219999999999995116, 0.02567333688023188190, 0.06100000004565745565 ) ) ;
#1982 = AXIS2_PLACEMENT_3D ( 'NONE', #3346, #5035, #592 ) ;
#1983 = ORIENTED_EDGE ( 'NONE', *, *, #1338, .F. ) ;
#1984 = DIRECTION ( 'NONE',  ( 1.000000000000000000, 0.0000000000000000000, -1.115884769084666429E-16 ) ) ;
#1985 = LINE ( 'NONE', #3550, #2941 ) ;
#1986 = FACE_OUTER_BOUND ( 'NONE', #2054, .T. ) ;
#1987 = CARTESIAN_POINT ( 'NONE',  ( 0.0000000000000000000, 0.01000000000000000021, 0.0000000000000000000 ) ) ;
#1988 = EDGE_LOOP ( 'NONE', ( #1488, #2758, #2226, #1012 ) ) ;
#1989 = ORIENTED_EDGE ( 'NONE', *, *, #400, .T. ) ;
#1990 = EDGE_LOOP ( 'NONE', ( #843, #1424, #132, #2136 ) ) ;
#1991 = DIRECTION ( 'NONE',  ( 0.0000000000000000000, -1.000000000000000000, -0.0000000000000000000 ) ) ;
#1992 = PLANE ( 'NONE',  #1430 ) ;
#1993 = CARTESIAN_POINT ( 'NONE',  ( 0.1219999999999994839, 0.02567333688023188190, -0.01199999999999999678 ) ) ;
#1994 = VECTOR ( 'NONE', #1226, 39.37007874015748854 ) ;
#1995 = ORIENTED_EDGE ( 'NONE', *, *, #3029, .F. ) ;
#1996 = EDGE_CURVE ( 'NONE', #4447, #1432, #3906, .T. ) ;
#1997 =( NAMED_UNIT ( * ) PLANE_ANGLE_UNIT ( ) SI_UNIT ( $, .RADIAN. ) );
#1998 = EDGE_LOOP ( 'NONE', ( #965, #4897, #3626, #4830 ) ) ;
#1999 = LINE ( 'NONE', #2384, #495 ) ;
#2000 = CARTESIAN_POINT ( 'NONE',  ( -0.01666666666666666990, 0.02000000000000000042, 0.07199999999999998068 ) ) ;
#2001 = PRESENTATION_LAYER_ASSIGNMENT (  '', '', ( #4728 ) ) ;
#2002 = VECTOR ( 'NONE', #2667, 39.37007874015748143 ) ;
#2003 = LINE ( 'NONE', #4860, #1885 ) ;
#2004 = CARTESIAN_POINT ( 'NONE',  ( -0.1220000000000004969, 0.4884014425523686143, 0.1219999999999999835 ) ) ;
#2005 = VECTOR ( 'NONE', #1067, 39.37007874015748143 ) ;
#2006 = FACE_OUTER_BOUND ( 'NONE', #340, .T. ) ;
#2007 = PLANE ( 'NONE',  #4299 ) ;
#2008 = PLANE ( 'NONE',  #4049 ) ;
#2009 = ORIENTED_EDGE ( 'NONE', *, *, #2293, .T. ) ;
#2010 = EDGE_CURVE ( 'NONE', #3343, #3724, #3421, .T. ) ;
#2011 = UNCERTAINTY_MEASURE_WITH_UNIT (LENGTH_MEASURE( 1.000000000000000082E-05 ), #3180, 'distance_accuracy_value', 'NONE');
#2012 = DIRECTION ( 'NONE',  ( 0.0000000000000000000, 1.000000000000000000, 0.0000000000000000000 ) ) ;
#2013 = FACE_OUTER_BOUND ( 'NONE', #2272, .T. ) ;
#2014 = CARTESIAN_POINT ( 'NONE',  ( 0.1319999999999999785, 0.07166666666666667018, -0.1319999999999999785 ) ) ;
#2015 = EDGE_CURVE ( 'NONE', #2653, #3914, #4259, .T. ) ;
#2016 =( NAMED_UNIT ( * ) SI_UNIT ( $, .STERADIAN. ) SOLID_ANGLE_UNIT ( ) );
#2017 = ORIENTED_EDGE ( 'NONE', *, *, #3612, .F. ) ;
#2018 = ORIENTED_EDGE ( 'NONE', *, *, #4513, .T. ) ;
#2019 = DIRECTION ( 'NONE',  ( 0.0000000000000000000, 0.0000000000000000000, 1.000000000000000000 ) ) ;
#2020 = COLOUR_RGB ( '',0.6745098039215686736, 0.6745098039215686736, 0.6745098039215686736 ) ;
#2021 =( NAMED_UNIT ( * ) PLANE_ANGLE_UNIT ( ) SI_UNIT ( $, .RADIAN. ) );
#2022 = LINE ( 'NONE', #963, #4366 ) ;
#2023 = DIRECTION ( 'NONE',  ( 0.0000000000000000000, 1.000000000000000000, 0.0000000000000000000 ) ) ;
#2024 = ADVANCED_FACE ( 'NONE', ( #3072 ), #1412, .T. ) ;
#2025 =( GEOMETRIC_REPRESENTATION_CONTEXT ( 3 ) GLOBAL_UNCERTAINTY_ASSIGNED_CONTEXT ( ( #2987 ) ) GLOBAL_UNIT_ASSIGNED_CONTEXT ( ( #597, #4069, #3704 ) ) REPRESENTATION_CONTEXT ( 'NONE', 'WORKASPACE' ) );
#2026 = VERTEX_POINT ( 'NONE', #4690 ) ;
#2027 = DIRECTION ( 'NONE',  ( 0.0000000000000000000, 0.0000000000000000000, -1.000000000000000000 ) ) ;
#2028 = ORIENTED_EDGE ( 'NONE', *, *, #2561, .F. ) ;
#2029 = LINE ( 'NONE', #3633, #2169 ) ;
#2030 = CARTESIAN_POINT ( 'NONE',  ( -0.1219999999999995116, 0.02567333688023188190, 0.06100000004565745565 ) ) ;
#2031 = AXIS2_PLACEMENT_3D ( 'NONE', #1890, #5163, #3049 ) ;
#2032 = EDGE_CURVE ( 'NONE', #4319, #234, #839, .T. ) ;
#2033 = CARTESIAN_POINT ( 'NONE',  ( 0.1411829972859962035, 0.02126754045964037235, -0.1219999999999999835 ) ) ;
#2034 = LINE ( 'NONE', #3667, #69 ) ;
#2035 = DIRECTION ( 'NONE',  ( -1.000000000000000000, 0.0000000000000000000, 0.0000000000000000000 ) ) ;
#2036 = CARTESIAN_POINT ( 'NONE',  ( 0.1219999999999995255, 0.02567333688023188190, -0.1219999999999999835 ) ) ;
#2037 = DIRECTION ( 'NONE',  ( -1.384382429221754630E-16, 1.000000000000000000, -0.0000000000000000000 ) ) ;
#2038 = ADVANCED_FACE ( 'NONE', ( #2259 ), #3445, .T. ) ;
#2039 = CARTESIAN_POINT ( 'NONE',  ( -0.01666666666666668378, 0.02000000000000000042, 0.08199999999999998956 ) ) ;
#2040 = CARTESIAN_POINT ( 'NONE',  ( 0.0000000000000000000, 0.1433333333333333404, 0.0000000000000000000 ) ) ;
#2041 = EDGE_CURVE ( 'NONE', #1173, #4704, #3604, .T. ) ;
#2042 = DIRECTION ( 'NONE',  ( 1.000000000000000000, 0.0000000000000000000, 0.0000000000000000000 ) ) ;
#2043 = ORIENTED_EDGE ( 'NONE', *, *, #2506, .T. ) ;
#2044 = VERTEX_POINT ( 'NONE', #2730 ) ;
#2045 = ORIENTED_EDGE ( 'NONE', *, *, #4615, .T. ) ;
#2046 = PLANE ( 'NONE',  #2544 ) ;
#2047 = DIRECTION ( 'NONE',  ( 0.0000000000000000000, 0.0000000000000000000, -1.000000000000000000 ) ) ;
#2048 = CARTESIAN_POINT ( 'NONE',  ( -0.1458140419316977521, 0.01440579642059151150, -0.06099999999999999173 ) ) ;
#2049 = LINE ( 'NONE', #4053, #3771 ) ;
#2050 = CARTESIAN_POINT ( 'NONE',  ( 0.05000000000000000278, 0.07166666666666667018, -0.07199999999999998068 ) ) ;
#2051 = EDGE_CURVE ( 'NONE', #5207, #2572, #1681, .T. ) ;
#2052 = VERTEX_POINT ( 'NONE', #4780 ) ;
#2053 = LINE ( 'NONE', #1721, #3198 ) ;
#2054 = EDGE_LOOP ( 'NONE', ( #3801, #4050, #2563, #4946 ) ) ;
#2055 = LINE ( 'NONE', #4359, #4858 ) ;
#2056 = CARTESIAN_POINT ( 'NONE',  ( -0.1219999999999994977, 0.01567333688023188343, -0.08500000004565745615 ) ) ;
#2057 = LINE ( 'NONE', #4783, #714 ) ;
#2058 = DIRECTION ( 'NONE',  ( 0.0000000000000000000, 0.0000000000000000000, 1.000000000000000000 ) ) ;
#2059 = EDGE_CURVE ( 'NONE', #35, #2936, #438, .T. ) ;
#2060 = SURFACE_STYLE_FILL_AREA ( #590 ) ;
#2061 = ORIENTED_EDGE ( 'NONE', *, *, #5157, .F. ) ;
#2062 = CARTESIAN_POINT ( 'NONE',  ( 0.05000000000000000278, 0.01000000000000000021, -0.08199999999999998956 ) ) ;
#2063 = DIRECTION ( 'NONE',  ( 0.0000000000000000000, 0.0000000000000000000, -1.000000000000000000 ) ) ;
#2064 = DIRECTION ( 'NONE',  ( 0.0000000000000000000, 0.0000000000000000000, 1.000000000000000000 ) ) ;
#2065 = EDGE_CURVE ( 'NONE', #2956, #3552, #4357, .T. ) ;
#2066 = DIRECTION ( 'NONE',  ( -0.5594203579408524307, -0.8288841071713997088, 0.0000000000000000000 ) ) ;
#2067 = VECTOR ( 'NONE', #4729, 39.37007874015748143 ) ;
#2068 = DIRECTION ( 'NONE',  ( 0.8288841071713997088, 0.5594203579408525417, -0.0000000000000000000 ) ) ;
#2069 =( NAMED_UNIT ( * ) PLANE_ANGLE_UNIT ( ) SI_UNIT ( $, .RADIAN. ) );
#2070 = ORIENTED_EDGE ( 'NONE', *, *, #3336, .T. ) ;
#2071 = VECTOR ( 'NONE', #473, 39.37007874015748143 ) ;
#2072 = ORIENTED_EDGE ( 'NONE', *, *, #5003, .F. ) ;
#2073 = EDGE_CURVE ( 'NONE', #1041, #2634, #1172, .T. ) ;
#2074 = VERTEX_POINT ( 'NONE', #1949 ) ;
#2075 = FILL_AREA_STYLE_COLOUR ( '', #8 ) ;
#2076 = LENGTH_MEASURE_WITH_UNIT ( LENGTH_MEASURE( 0.02539999999999999897 ), #4565 );
#2077 = CARTESIAN_POINT ( 'NONE',  ( 0.01666666666666665950, 0.01000000000000000021, -0.1019999999999999796 ) ) ;
#2078 = CARTESIAN_POINT ( 'NONE',  ( -0.06650453896958856415, 0.2049999333333333562, -0.06650453896958855027 ) ) ;
#2079 = VECTOR ( 'NONE', #3367, 39.37007874015748143 ) ;
#2080 = ORIENTED_EDGE ( 'NONE', *, *, #3336, .F. ) ;
#2081 = DIMENSIONAL_EXPONENTS ( 1.000000000000000000, 0.0000000000000000000, 0.0000000000000000000, 0.0000000000000000000, 0.0000000000000000000, 0.0000000000000000000, 0.0000000000000000000 ) ;
#2082 = ADVANCED_FACE ( 'NONE', ( #1151 ), #2184, .F. ) ;
#2083 = VECTOR ( 'NONE', #4451, 39.37007874015748143 ) ;
#2084 = CARTESIAN_POINT ( 'NONE',  ( 0.1487875483474893623, 0.01000000000000000021, 0.06100000004565745565 ) ) ;
#2085 = VERTEX_POINT ( 'NONE', #4056 ) ;
#2086 = DIRECTION ( 'NONE',  ( 0.0000000000000000000, 0.0000000000000000000, 1.000000000000000000 ) ) ;
#2087 = FACE_OUTER_BOUND ( 'NONE', #2607, .T. ) ;
#2088 = ORIENTED_EDGE ( 'NONE', *, *, #2869, .F. ) ;
#2089 = DIRECTION ( 'NONE',  ( 0.0000000000000000000, 0.0000000000000000000, 1.000000000000000000 ) ) ;
#2090 = VECTOR ( 'NONE', #2410, 39.37007874015748143 ) ;
#2091 = CARTESIAN_POINT ( 'NONE',  ( 0.01833333333333329873, 0.01000000000000000021, -0.08200000000000000344 ) ) ;
#2092 = VECTOR ( 'NONE', #121, 39.37007874015748143 ) ;
#2093 = DIRECTION ( 'NONE',  ( 0.0000000000000000000, 0.0000000000000000000, 1.000000000000000000 ) ) ;
#2094 = CARTESIAN_POINT ( 'NONE',  ( -0.1404987072757753475, 0.004405796420591500881, -0.06099999999999999173 ) ) ;
#2095 = CARTESIAN_POINT ( 'NONE',  ( -0.1404987072757753475, 0.004405796420591500881, -0.1219999999999999835 ) ) ;
#2096 = EDGE_CURVE ( 'NONE', #5166, #2190, #3312, .T. ) ;
#2097 = B_SPLINE_CURVE_WITH_KNOTS ( 'NONE', 3,
 ( #2901, #2039, #1302, #898 ),
 .UNSPECIFIED., .F., .F.,
 ( 4, 4 ),
 ( 0.0000000000000000000, 1.000000000000000000 ),
 .UNSPECIFIED. ) ;
#2098 = CIRCLE ( 'NONE', #5064, 0.009999999999999995004 ) ;
#2099 = CARTESIAN_POINT ( 'NONE',  ( 0.1541028830034117947, 0.02000000000000000042, -0.01200000000000000198 ) ) ;
#2100 = AXIS2_PLACEMENT_3D ( 'NONE', #4814, #1064, #416 ) ;
#2101 = COLOUR_RGB ( '',0.6745098039215686736, 0.6745098039215686736, 0.6745098039215686736 ) ;
#2102 = CARTESIAN_POINT ( 'NONE',  ( -0.05000000000000000278, 0.0000000000000000000, 0.0000000000000000000 ) ) ;
#2103 = PLANE ( 'NONE',  #3048 ) ;
#2104 = FACE_OUTER_BOUND ( 'NONE', #3651, .T. ) ;
#2105 = EDGE_CURVE ( 'NONE', #1401, #3968, #615, .T. ) ;
#2106 = ORIENTED_EDGE ( 'NONE', *, *, #301, .T. ) ;
#2107 = VECTOR ( 'NONE', #3971, 39.37007874015748143 ) ;
#2108 = STYLED_ITEM ( 'NONE', ( #485 ), #2289 ) ;
#2109 = ORIENTED_EDGE ( 'NONE', *, *, #2172, .F. ) ;
#2110 = ORIENTED_EDGE ( 'NONE', *, *, #3870, .F. ) ;
#2111 =( CONVERSION_BASED_UNIT ( 'INCH', #2076 ) LENGTH_UNIT ( ) NAMED_UNIT ( #1543 ) );
#2112 = CARTESIAN_POINT ( 'NONE',  ( 0.05000000000000000278, 0.0000000000000000000, -0.1419999999999996543 ) ) ;
#2113 = CARTESIAN_POINT ( 'NONE',  ( -0.1219999999999995116, 0.01567333688023188343, 0.06100000004565745565 ) ) ;
#2114 = CARTESIAN_POINT ( 'NONE',  ( -0.1275788215583597285, 0.01567333688023187302, -0.06099999999999999173 ) ) ;
#2115 = VECTOR ( 'NONE', #4852, 39.37007874015748143 ) ;
#2116 = EDGE_CURVE ( 'NONE', #1714, #2135, #4511, .T. ) ;
#2117 = ORIENTED_EDGE ( 'NONE', *, *, #1135, .T. ) ;
#2118 = LINE ( 'NONE', #4887, #2696 ) ;
#2119 = SURFACE_STYLE_USAGE ( .BOTH. , #4598 ) ;
#2120 = CARTESIAN_POINT ( 'NONE',  ( 0.1219999999999994977, 0.02567333688023188190, 0.08500000004565745615 ) ) ;
#2121 = EDGE_CURVE ( 'NONE', #2595, #3371, #2053, .T. ) ;
#2122 = ORIENTED_EDGE ( 'NONE', *, *, #5014, .F. ) ;
#2123 = VERTEX_POINT ( 'NONE', #4454 ) ;
#2124 = CARTESIAN_POINT ( 'NONE',  ( -0.06250000000000000000, 0.07166666666666667018, -0.07199999999999998068 ) ) ;
#2125 = VECTOR ( 'NONE', #659, 39.37007874015748143 ) ;
#2126 = VERTEX_POINT ( 'NONE', #4484 ) ;
#2127 = EDGE_CURVE ( 'NONE', #1663, #142, #3658, .T. ) ;
#2128 = FACE_OUTER_BOUND ( 'NONE', #1113, .T. ) ;
#2129 = CARTESIAN_POINT ( 'NONE',  ( 0.1219999999999994977, 0.02567333688023188190, 0.01200000004565745897 ) ) ;
#2130 = PLANE ( 'NONE',  #4546 ) ;
#2131 = VECTOR ( 'NONE', #4295, 39.37007874015748143 ) ;
#2132 = LINE ( 'NONE', #2538, #750 ) ;
#2133 = CARTESIAN_POINT ( 'NONE',  ( 0.05000000000000000278, 0.01000000000000000021, 0.1020000000000000351 ) ) ;
#2134 = CARTESIAN_POINT ( 'NONE',  ( 0.1541028830034118224, 0.01000000000000000021, -0.1219999999999999835 ) ) ;
#2135 = VERTEX_POINT ( 'NONE', #551 ) ;
#2136 = ORIENTED_EDGE ( 'NONE', *, *, #15, .F. ) ;
#2137 = VERTEX_POINT ( 'NONE', #2883 ) ;
#2138 = EDGE_CURVE ( 'NONE', #3045, #4982, #3737, .T. ) ;
#2139 = SURFACE_STYLE_FILL_AREA ( #1224 ) ;
#2140 = LINE ( 'NONE', #2248, #4114 ) ;
#2141 = DIRECTION ( 'NONE',  ( -0.2588190451025202399, 0.9659258262890684232, 0.0000000000000000000 ) ) ;
#2142 = CARTESIAN_POINT ( 'NONE',  ( 0.1319999999999999785, 0.07166666666666667018, 0.1319999999999999785 ) ) ;
#2143 = VERTEX_POINT ( 'NONE', #65 ) ;
#2144 = FACE_OUTER_BOUND ( 'NONE', #2399, .T. ) ;
#2145 = EDGE_CURVE ( 'NONE', #4453, #4734, #1271, .T. ) ;
#2146 = CARTESIAN_POINT ( 'NONE',  ( -0.1649970392176944578, 0.01000000000000000021, -0.08500000004565745615 ) ) ;
#2147 = EDGE_CURVE ( 'NONE', #3418, #1764, #2967, .T. ) ;
#2148 = EDGE_LOOP ( 'NONE', ( #484, #4185, #2437, #4367 ) ) ;
#2149 = EDGE_LOOP ( 'NONE', ( #4514, #4589, #958, #87 ) ) ;
#2150 = DIRECTION ( 'NONE',  ( 1.000000000000000000, 1.384382429221754630E-16, -0.0000000000000000000 ) ) ;
#2151 = EDGE_LOOP ( 'NONE', ( #5010, #4407, #3721, #743 ) ) ;
#2152 = DIRECTION ( 'NONE',  ( -0.0000000000000000000, 0.0000000000000000000, -1.000000000000000000 ) ) ;
#2153 = DIRECTION ( 'NONE',  ( -1.000000000000000000, 0.0000000000000000000, 0.0000000000000000000 ) ) ;
#2154 = CARTESIAN_POINT ( 'NONE',  ( -0.07650453896958854527, 0.1433333333333333404, 0.06650453896958853639 ) ) ;
#2155 = EDGE_CURVE ( 'NONE', #1344, #763, #2118, .T. ) ;
#2156 = LINE ( 'NONE', #3705, #1670 ) ;
#2157 = CARTESIAN_POINT ( 'NONE',  ( 0.1487875483474893623, 0.0000000000000000000, 0.06100000004565745565 ) ) ;
#2158 = ORIENTED_EDGE ( 'NONE', *, *, #3673, .F. ) ;
#2159 = ORIENTED_EDGE ( 'NONE', *, *, #4838, .F. ) ;
#2160 = ORIENTED_EDGE ( 'NONE', *, *, #4705, .T. ) ;
#2161 = FACE_BOUND ( 'NONE', #166, .T. ) ;
#2162 = CARTESIAN_POINT ( 'NONE',  ( 0.1275788215583597285, 0.01567333688023187649, -0.1219999999999999835 ) ) ;
#2163 = CARTESIAN_POINT ( 'NONE',  ( -0.1220000000000004969, 0.4884014425523686143, -0.1219999999999999835 ) ) ;
#2164 = CLOSED_SHELL ( 'NONE', ( #879, #1911, #141, #1769, #4150, #5055, #2038, #3706, #2282, #1728, #2914, #134, #3803, #2345 ) ) ;
#2165 = EDGE_CURVE ( 'NONE', #703, #4781, #938, .T. ) ;
#2166 = ORIENTED_EDGE ( 'NONE', *, *, #3532, .F. ) ;
#2167 = CARTESIAN_POINT ( 'NONE',  ( -0.1649970392176944856, 0.0000000000000000000, -0.1219999999999999835 ) ) ;
#2168 = CARTESIAN_POINT ( 'NONE',  ( -0.05000000000000000278, 0.0000000000000000000, -0.1419999999999996543 ) ) ;
#2169 = VECTOR ( 'NONE', #5205, 39.37007874015748143 ) ;
#2170 = PLANE ( 'NONE',  #2539 ) ;
#2171 = FACE_OUTER_BOUND ( 'NONE', #917, .T. ) ;
#2172 = EDGE_CURVE ( 'NONE', #1666, #3516, #933, .T. ) ;
#2173 = ADVANCED_FACE ( 'NONE', ( #3338 ), #4539, .T. ) ;
#2174 = CIRCLE ( 'NONE', #2423, 0.009999999999999995004 ) ;
#2175 = ORIENTED_EDGE ( 'NONE', *, *, #4028, .F. ) ;
#2176 = ORIENTED_EDGE ( 'NONE', *, *, #3587, .T. ) ;
#2177 =( NAMED_UNIT ( * ) SI_UNIT ( $, .STERADIAN. ) SOLID_ANGLE_UNIT ( ) );
#2178 = EDGE_LOOP ( 'NONE', ( #4237, #4765, #1528, #2960, #1404, #5094, #1995, #3404, #1529, #736, #3938, #3912 ) ) ;
#2179 = CYLINDRICAL_SURFACE ( 'NONE', #4178, 0.009999999999999995004 ) ;
#2180 = FILL_AREA_STYLE ('',( #2212 ) ) ;
#2181 = CARTESIAN_POINT ( 'NONE',  ( 0.1328941562142821886, 0.02567333688023188190, 0.08500000004565745615 ) ) ;
#2182 = AXIS2_PLACEMENT_3D ( 'NONE', #448, #4471, #537 ) ;
#2183 = DIRECTION ( 'NONE',  ( -3.414809992080329516E-15, 1.000000000000000000, 0.0000000000000000000 ) ) ;
#2184 = B_SPLINE_SURFACE_WITH_KNOTS ( 'NONE', 2, 3, ( 
 ( #2381, #2326, #1204, #17 ),
 ( #4832, #2435, #5158, #3925 ),
 ( #339, #2853, #523, #95 ) ),
 .UNSPECIFIED., .F., .F., .F.,
 ( 3, 3 ),
 ( 4, 4 ),
 ( 0.0000000000000000000, 1.000000000000000000 ),
 ( -0.0001270000000000000241, 0.002667000000000000100 ),
 .UNSPECIFIED. ) ;
#2185 = CIRCLE ( 'NONE', #5137, 0.01028968565051215783 ) ;
#2186 = DIRECTION ( 'NONE',  ( -1.000000000000000000, 0.0000000000000000000, 0.0000000000000000000 ) ) ;
#2187 = LINE ( 'NONE', #673, #1431 ) ;
#2188 = AXIS2_PLACEMENT_3D ( 'NONE', #3471, #620, #3804 ) ;
#2189 = ADVANCED_FACE ( 'NONE', ( #2144 ), #3746, .T. ) ;
#2190 = VERTEX_POINT ( 'NONE', #4974 ) ;
#2191 = UNCERTAINTY_MEASURE_WITH_UNIT (LENGTH_MEASURE( 1.000000000000000082E-05 ), #388, 'distance_accuracy_value', 'NONE');
#2192 = AXIS2_PLACEMENT_3D ( 'NONE', #3187, #2801, #1903 ) ;
#2193 = STYLED_ITEM ( 'NONE', ( #4196 ), #2216 ) ;
#2194 = ORIENTED_EDGE ( 'NONE', *, *, #2736, .F. ) ;
#2195 = CARTESIAN_POINT ( 'NONE',  ( 0.1649970392176944856, 0.0000000000000000000, 0.06100000004565745565 ) ) ;
#2196 = ADVANCED_FACE ( 'NONE', ( #966 ), #2580, .T. ) ;
#2197 = DIRECTION ( 'NONE',  ( 0.0000000000000000000, -0.0000000000000000000, -1.000000000000000000 ) ) ;
#2198 = DIRECTION ( 'NONE',  ( -1.000000000000000000, -0.0000000000000000000, -0.0000000000000000000 ) ) ;
#2199 = AXIS2_PLACEMENT_3D ( 'NONE', #3669, #2977, #534 ) ;
#2200 = MECHANICAL_DESIGN_GEOMETRIC_PRESENTATION_REPRESENTATION (  '', ( #1519 ), #98 ) ;
#2201 = ORIENTED_EDGE ( 'NONE', *, *, #4182, .F. ) ;
#2202 = CARTESIAN_POINT ( 'NONE',  ( -0.1358676626300737711, 0.01126754045964036693, -0.1219999999999999835 ) ) ;
#2203 = VECTOR ( 'NONE', #3573, 39.37007874015748143 ) ;
#2204 = CARTESIAN_POINT ( 'NONE',  ( -0.06650453896958855027, 0.1433333333333333404, 0.07650453896958853139 ) ) ;
#2205 = ADVANCED_FACE ( 'NONE', ( #1773 ), #4656, .T. ) ;
#2206 = DIRECTION ( 'NONE',  ( 0.0000000000000000000, 0.0000000000000000000, 1.000000000000000000 ) ) ;
#2207 = ORIENTED_EDGE ( 'NONE', *, *, #4067, .T. ) ;
#2208 = ORIENTED_EDGE ( 'NONE', *, *, #4764, .T. ) ;
#2209 = LINE ( 'NONE', #5135, #4720 ) ;
#2210 = ORIENTED_EDGE ( 'NONE', *, *, #1941, .T. ) ;
#2211 = CARTESIAN_POINT ( 'NONE',  ( -0.1541028830034117947, 0.02000000000000000042, -0.1219999999999999835 ) ) ;
#2212 = FILL_AREA_STYLE_COLOUR ( '', #1107 ) ;
#2213 = CARTESIAN_POINT ( 'NONE',  ( 0.1119999999999999607, 0.1433333333333333404, -0.1319999999999999785 ) ) ;
#2214 = VECTOR ( 'NONE', #3913, 39.37007874015748143 ) ;
#2215 = CARTESIAN_POINT ( 'NONE',  ( 0.1275788215583597562, 0.005673336880231876281, 0.01200000004565746244 ) ) ;
#2216 = ADVANCED_FACE ( 'NONE', ( #2675 ), #256, .T. ) ;
#2217 = LINE ( 'NONE', #3815, #3455 ) ;
#2218 = FILL_AREA_STYLE_COLOUR ( '', #702 ) ;
#2219 = VECTOR ( 'NONE', #3500, 39.37007874015748143 ) ;
#2220 = ORIENTED_EDGE ( 'NONE', *, *, #4659, .F. ) ;
#2221 = VERTEX_POINT ( 'NONE', #4597 ) ;
#2222 = ORIENTED_EDGE ( 'NONE', *, *, #4469, .T. ) ;
#2223 = EDGE_CURVE ( 'NONE', #2780, #4624, #2602, .T. ) ;
#2224 = CARTESIAN_POINT ( 'NONE',  ( 0.0000000000000000000, 0.2149999333333333373, 0.0000000000000000000 ) ) ;
#2225 = CARTESIAN_POINT ( 'NONE',  ( -0.05000000000000000278, 0.02000000000000000042, 0.07199999999999998068 ) ) ;
#2226 = ORIENTED_EDGE ( 'NONE', *, *, #1196, .F. ) ;
#2227 = PLANE ( 'NONE',  #1438 ) ;
#2228 = VECTOR ( 'NONE', #1186, 39.37007874015748854 ) ;
#2229 = CARTESIAN_POINT ( 'NONE',  ( 0.1275788215583597562, 0.005673336880231876281, -0.08500000004565745615 ) ) ;
#2230 = FACE_OUTER_BOUND ( 'NONE', #3566, .T. ) ;
#2231 = LINE ( 'NONE', #3442, #768 ) ;
#2232 = ORIENTED_EDGE ( 'NONE', *, *, #1801, .F. ) ;
#2233 = DIRECTION ( 'NONE',  ( -0.0000000000000000000, 0.0000000000000000000, 1.000000000000000000 ) ) ;
#2234 = VERTEX_POINT ( 'NONE', #288 ) ;
#2235 = LINE ( 'NONE', #4288, #3998 ) ;
#2236 = DIMENSIONAL_EXPONENTS ( 1.000000000000000000, 0.0000000000000000000, 0.0000000000000000000, 0.0000000000000000000, 0.0000000000000000000, 0.0000000000000000000, 0.0000000000000000000 ) ;
#2237 = DIRECTION ( 'NONE',  ( 1.000000000000000000, 0.0000000000000000000, 0.0000000000000000000 ) ) ;
#2238 = EDGE_CURVE ( 'NONE', #2673, #2807, #4685, .T. ) ;
#2239 =( CONVERSION_BASED_UNIT ( 'INCH', #651 ) LENGTH_UNIT ( ) NAMED_UNIT ( #188 ) );
#2240 = SURFACE_STYLE_FILL_AREA ( #693 ) ;
#2241 =( CONVERSION_BASED_UNIT ( 'INCH', #569 ) LENGTH_UNIT ( ) NAMED_UNIT ( #5167 ) );
#2242 = VERTEX_POINT ( 'NONE', #1021 ) ;
#2243 = EDGE_CURVE ( 'NONE', #3919, #4172, #1856, .T. ) ;
#2244 = ORIENTED_EDGE ( 'NONE', *, *, #571, .T. ) ;
#2245 = UNCERTAINTY_MEASURE_WITH_UNIT (LENGTH_MEASURE( 1.000000000000000082E-05 ), #1671, 'distance_accuracy_value', 'NONE');
#2246 = EDGE_LOOP ( 'NONE', ( #1277, #1734, #3364, #144 ) ) ;
#2247 = DIRECTION ( 'NONE',  ( 0.0000000000000000000, 1.000000000000000000, 0.0000000000000000000 ) ) ;
#2248 = CARTESIAN_POINT ( 'NONE',  ( -0.05000000000000000278, 0.07166666666666667018, -0.07199999999999998068 ) ) ;
#2249 = CARTESIAN_POINT ( 'NONE',  ( -0.07650453896958855915, 0.1433333333333333404, -0.07650453896958855915 ) ) ;
#2250 = ADVANCED_FACE ( 'NONE', ( #1880 ), #5027, .T. ) ;
#2251 = ORIENTED_EDGE ( 'NONE', *, *, #2685, .F. ) ;
#2252 = SURFACE_STYLE_USAGE ( .BOTH. , #2654 ) ;
#2253 =( CONVERSION_BASED_UNIT ( 'INCH', #4165 ) LENGTH_UNIT ( ) NAMED_UNIT ( #4886 ) );
#2254 = DIRECTION ( 'NONE',  ( 0.0000000000000000000, 0.0000000000000000000, -1.000000000000000000 ) ) ;
#2255 = VECTOR ( 'NONE', #3884, 39.37007874015748143 ) ;
#2256 = DIMENSIONAL_EXPONENTS ( 1.000000000000000000, 0.0000000000000000000, 0.0000000000000000000, 0.0000000000000000000, 0.0000000000000000000, 0.0000000000000000000, 0.0000000000000000000 ) ;
#2257 = ORIENTED_EDGE ( 'NONE', *, *, #1452, .F. ) ;
#2258 = VECTOR ( 'NONE', #440, 39.37007874015748143 ) ;
#2259 = FACE_OUTER_BOUND ( 'NONE', #1656, .T. ) ;
#2260 = ORIENTED_EDGE ( 'NONE', *, *, #1564, .T. ) ;
#2261 = DIRECTION ( 'NONE',  ( 0.0000000000000000000, 0.0000000000000000000, -1.000000000000000000 ) ) ;
#2262 = CARTESIAN_POINT ( 'NONE',  ( -0.1649970392176944578, 0.0000000000000000000, 0.08500000004565745615 ) ) ;
#2263 = CARTESIAN_POINT ( 'NONE',  ( 0.07650453896958854527, 0.2149999333333333373, 0.06650453896958853639 ) ) ;
#2264 = STYLED_ITEM ( 'NONE', ( #3915 ), #879 ) ;
#2265 = DIRECTION ( 'NONE',  ( 3.414809992080329516E-15, -1.000000000000000000, 0.0000000000000000000 ) ) ;
#2266 = AXIS2_PLACEMENT_3D ( 'NONE', #3701, #1727, #1707 ) ;
#2267 = ADVANCED_FACE ( 'NONE', ( #639 ), #2227, .F. ) ;
#2268 = FACE_OUTER_BOUND ( 'NONE', #4515, .T. ) ;
#2269 = CIRCLE ( 'NONE', #3592, 0.009999999999999995004 ) ;
#2270 = EDGE_LOOP ( 'NONE', ( #4122, #254, #1082, #2080, #1581, #3697, #3017, #3217, #915, #573, #666, #2623 ) ) ;
#2271 = ORIENTED_EDGE ( 'NONE', *, *, #4414, .F. ) ;
#2272 = EDGE_LOOP ( 'NONE', ( #5171, #2636, #4399, #4117 ) ) ;
#2273 = PLANE ( 'NONE',  #3441 ) ;
#2275 = AXIS2_PLACEMENT_3D ( 'NONE', #1834, #1889, #4665 ) ;
#2274 = SURFACE_SIDE_STYLE ('',( #835 ) ) ;
#2276 = DIRECTION ( 'NONE',  ( 1.530255967303269802E-15, -1.000000000000000000, 0.0000000000000000000 ) ) ;
#2277 = EDGE_CURVE ( 'NONE', #725, #601, #2428, .T. ) ;
#2278 = MANIFOLD_SOLID_BREP ( 'Fillet3', #5038 ) ;
#2279 = VECTOR ( 'NONE', #125, 39.37007874015748854 ) ;
#2280 = VERTEX_POINT ( 'NONE', #3161 ) ;
#2281 = LINE ( 'NONE', #3769, #3464 ) ;
#2282 = ADVANCED_FACE ( 'NONE', ( #1167 ), #772, .F. ) ;
#2283 = VECTOR ( 'NONE', #2447, 39.37007874015748143 ) ;
#2284 = ORIENTED_EDGE ( 'NONE', *, *, #5202, .T. ) ;
#2285 = VECTOR ( 'NONE', #3873, 39.37007874015748143 ) ;
#2286 = EDGE_CURVE ( 'NONE', #4172, #5019, #3875, .T. ) ;
#2287 = AXIS2_PLACEMENT_3D ( 'NONE', #3042, #4599, #1406 ) ;
#2288 = DIRECTION ( 'NONE',  ( 0.0000000000000000000, 0.0000000000000000000, 1.000000000000000000 ) ) ;
#2289 = MANIFOLD_SOLID_BREP ( 'Cut-Extrude4', #2922 ) ;
#2290 = VERTEX_POINT ( 'NONE', #960 ) ;
#2291 = LINE ( 'NONE', #5065, #2255 ) ;
#2292 =( NAMED_UNIT ( * ) PLANE_ANGLE_UNIT ( ) SI_UNIT ( $, .RADIAN. ) );
#2293 = EDGE_CURVE ( 'NONE', #3182, #853, #4979, .T. ) ;
#2294 = DIRECTION ( 'NONE',  ( 0.0000000000000000000, 0.0000000000000000000, 1.000000000000000000 ) ) ;
#2295 = EDGE_CURVE ( 'NONE', #3482, #1195, #4891, .T. ) ;
#2296 = LINE ( 'NONE', #2616, #3886 ) ;
#2297 = MANIFOLD_SOLID_BREP ( 'Cut-Extrude2[1]', #4432 ) ;
#2298 = ORIENTED_EDGE ( 'NONE', *, *, #724, .T. ) ;
#2299 = EDGE_LOOP ( 'NONE', ( #1100, #4770, #2122, #4548 ) ) ;
#2300 = UNCERTAINTY_MEASURE_WITH_UNIT (LENGTH_MEASURE( 1.000000000000000082E-05 ), #273, 'distance_accuracy_value', 'NONE');
#2301 = DIRECTION ( 'NONE',  ( -1.000000000000000000, -1.530255967303269802E-15, 0.0000000000000000000 ) ) ;
#2302 = DIRECTION ( 'NONE',  ( 1.000000000000000000, 0.0000000000000000000, 0.0000000000000000000 ) ) ;
#2303 = CARTESIAN_POINT ( 'NONE',  ( -0.01833333333333328138, 0.02000000000000000042, 0.08200000000000000344 ) ) ;
#2304 = ORIENTED_EDGE ( 'NONE', *, *, #2925, .T. ) ;
#2305 = CARTESIAN_POINT ( 'NONE',  ( -0.1219999999999994977, 0.01567333688023188343, 0.08500000004565745615 ) ) ;
#2306 = VERTEX_POINT ( 'NONE', #1248 ) ;
#2307 = EDGE_CURVE ( 'NONE', #9, #3400, #2846, .T. ) ;
#2308 = VECTOR ( 'NONE', #469, 39.37007874015748143 ) ;
#2309 = CYLINDRICAL_SURFACE ( 'NONE', #2188, 0.01000000000000000368 ) ;
#2310 = ORIENTED_EDGE ( 'NONE', *, *, #1754, .F. ) ;
#2311 = DIRECTION ( 'NONE',  ( 1.000000000000000000, -1.530255967303269802E-15, 0.0000000000000000000 ) ) ;
#2312 = CARTESIAN_POINT ( 'NONE',  ( 0.01666666666666666990, 0.02000000000000000042, 0.07199999999999998068 ) ) ;
#2313 = CARTESIAN_POINT ( 'NONE',  ( 0.1293205080756887337, 0.1433333333333333404, 0.1119999999999999885 ) ) ;
#2314 = EDGE_CURVE ( 'NONE', #4781, #5173, #1028, .T. ) ;
#2315 = LINE ( 'NONE', #2365, #1125 ) ;
#2316 = VERTEX_POINT ( 'NONE', #1689 ) ;
#2317 = CARTESIAN_POINT ( 'NONE',  ( 0.06650453896958853639, 0.2049999333333333562, -0.06650453896958856415 ) ) ;
#2318 = SURFACE_SIDE_STYLE ('',( #1960 ) ) ;
#2319 = CARTESIAN_POINT ( 'NONE',  ( 0.1649970392176944578, 0.01000000000000000021, -0.1219999999999999835 ) ) ;
#2320 = DIRECTION ( 'NONE',  ( 0.0000000000000000000, 0.0000000000000000000, 1.000000000000000000 ) ) ;
#2321 = ORIENTED_EDGE ( 'NONE', *, *, #4028, .T. ) ;
#2322 = ORIENTED_EDGE ( 'NONE', *, *, #5006, .F. ) ;
#2323 = CARTESIAN_POINT ( 'NONE',  ( 0.05000000000000000278, 0.07166666666666665630, -0.08199999999999998956 ) ) ;
#2324 = EDGE_CURVE ( 'NONE', #4478, #676, #4127, .T. ) ;
#2325 = ORIENTED_EDGE ( 'NONE', *, *, #4705, .F. ) ;
#2326 = CARTESIAN_POINT ( 'NONE',  ( 0.01833333333333332302, 0.02000000000000000042, -0.07199999999999996680 ) ) ;
#2327 = ORIENTED_EDGE ( 'NONE', *, *, #1602, .T. ) ;
#2328 = PLANE ( 'NONE',  #397 ) ;
#2329 = DIRECTION ( 'NONE',  ( 1.000000000000000000, 0.0000000000000000000, 0.0000000000000000000 ) ) ;
#2330 = ADVANCED_FACE ( 'NONE', ( #2930 ), #2046, .T. ) ;
#2331 = PLANE ( 'NONE',  #2578 ) ;
#2332 = VECTOR ( 'NONE', #1613, 39.37007874015748854 ) ;
#2333 = ORIENTED_EDGE ( 'NONE', *, *, #2561, .T. ) ;
#2334 = LINE ( 'NONE', #3932, #3399 ) ;
#2335 = VECTOR ( 'NONE', #1049, 39.37007874015748143 ) ;
#2336 = CARTESIAN_POINT ( 'NONE',  ( 0.1649970392176944856, 0.0000000000000000000, -0.06099999999999999173 ) ) ;
#2337 = ADVANCED_FACE ( 'NONE', ( #3700 ), #4037, .T. ) ;
#2338 = ORIENTED_EDGE ( 'NONE', *, *, #3029, .T. ) ;
#2339 = VECTOR ( 'NONE', #850, 39.37007874015748143 ) ;
#2340 = EDGE_CURVE ( 'NONE', #4661, #4704, #3256, .T. ) ;
#2341 = LINE ( 'NONE', #1916, #5154 ) ;
#2342 = EDGE_CURVE ( 'NONE', #3331, #1029, #4064, .T. ) ;
#2343 = ORIENTED_EDGE ( 'NONE', *, *, #3201, .F. ) ;
#2344 = ORIENTED_EDGE ( 'NONE', *, *, #5102, .F. ) ;
#2345 = ADVANCED_FACE ( 'NONE', ( #3729 ), #4984, .T. ) ;
#2346 = ORIENTED_EDGE ( 'NONE', *, *, #1216, .T. ) ;
#2347 = VECTOR ( 'NONE', #1659, 39.37007874015748143 ) ;
#2348 = DIRECTION ( 'NONE',  ( 1.000000000000000000, -0.0000000000000000000, 0.0000000000000000000 ) ) ;
#2349 = DIRECTION ( 'NONE',  ( 0.0000000000000000000, 0.0000000000000000000, 1.000000000000000000 ) ) ;
#2350 = LINE ( 'NONE', #1970, #2203 ) ;
#2351 = AXIS2_PLACEMENT_3D ( 'NONE', #3997, #1154, #1103 ) ;
#2352 = VECTOR ( 'NONE', #4517, 39.37007874015748143 ) ;
#2353 = ORIENTED_EDGE ( 'NONE', *, *, #4853, .T. ) ;
#2354 = ORIENTED_EDGE ( 'NONE', *, *, #1243, .F. ) ;
#2355 = PRESENTATION_LAYER_ASSIGNMENT (  '', '', ( #4637 ) ) ;
#2356 = CARTESIAN_POINT ( 'NONE',  ( 0.05018797385280763385, 0.2139999333333333364, 0.06047765950332030516 ) ) ;
#2357 = LINE ( 'NONE', #3928, #3184 ) ;
#2358 = MECHANICAL_DESIGN_GEOMETRIC_PRESENTATION_REPRESENTATION (  '', ( #2193 ), #1861 ) ;
#2359 = PRODUCT_DEFINITION_SHAPE ( 'NONE', 'NONE',  #4271 ) ;
#2360 = STYLED_ITEM ( 'NONE', ( #5012 ), #3132 ) ;
#2361 = COLOUR_RGB ( '',0.6745098039215686736, 0.6745098039215686736, 0.6745098039215686736 ) ;
#2362 = ORIENTED_EDGE ( 'NONE', *, *, #992, .F. ) ;
#2363 = CARTESIAN_POINT ( 'NONE',  ( -0.1220000000000004969, 0.01000000000000000021, 0.1219999999999999835 ) ) ;
#2364 = VECTOR ( 'NONE', #4829, 39.37007874015748143 ) ;
#2365 = CARTESIAN_POINT ( 'NONE',  ( -0.06250000000000000000, 0.07166666666666667018, 0.1219999999999999835 ) ) ;
#2366 = VERTEX_POINT ( 'NONE', #3754 ) ;
#2367 = EDGE_CURVE ( 'NONE', #1256, #973, #3375, .T. ) ;
#2368 = FACE_OUTER_BOUND ( 'NONE', #1345, .T. ) ;
#2369 = DIRECTION ( 'NONE',  ( -1.000000000000000000, 0.0000000000000000000, 0.0000000000000000000 ) ) ;
#2370 = DIRECTION ( 'NONE',  ( -1.000000000000000000, 3.414809992080329516E-15, 0.0000000000000000000 ) ) ;
#2371 = VECTOR ( 'NONE', #4181, 39.37007874015748143 ) ;
#2372 = ORIENTED_EDGE ( 'NONE', *, *, #1815, .T. ) ;
#2373 = ORIENTED_EDGE ( 'NONE', *, *, #3243, .F. ) ;
#2374 = EDGE_CURVE ( 'NONE', #3437, #1944, #1363, .T. ) ;
#2375 = STYLED_ITEM ( 'NONE', ( #220 ), #4108 ) ;
#2376 = SURFACE_STYLE_FILL_AREA ( #4800 ) ;
#2377 = CARTESIAN_POINT ( 'NONE',  ( 0.05000000000000000278, 0.02000000000000000042, -0.07199999999999998068 ) ) ;
#2378 = DIRECTION ( 'NONE',  ( 0.0000000000000000000, 0.9659258262890684232, -0.2588190451025202399 ) ) ;
#2379 = VECTOR ( 'NONE', #3258, 39.37007874015748143 ) ;
#2380 = VERTEX_POINT ( 'NONE', #49 ) ;
#2381 = CARTESIAN_POINT ( 'NONE',  ( 0.05500000000000000028, 0.02000000000000000042, -0.07199999999999996680 ) ) ;
#2382 = MANIFOLD_SOLID_BREP ( 'Cut-Extrude2[3]', #3579 ) ;
#2383 = VERTEX_POINT ( 'NONE', #5066 ) ;
#2384 = CARTESIAN_POINT ( 'NONE',  ( -0.1219999999999994839, 0.02567333688023188190, -0.06099999999999999173 ) ) ;
#2385 = LINE ( 'NONE', #3980, #3631 ) ;
#2386 = CARTESIAN_POINT ( 'NONE',  ( -0.1328941562142821331, 0.02567333688023188190, -0.1219999999999999835 ) ) ;
#2387 = AXIS2_PLACEMENT_3D ( 'NONE', #3710, #428, #115 ) ;
#2388 = PRESENTATION_STYLE_ASSIGNMENT (( #346 ) ) ;
#2389 = CARTESIAN_POINT ( 'NONE',  ( 0.07650453896958854527, 0.2049999333333333562, 0.07650453896958853139 ) ) ;
#2390 = MANIFOLD_SOLID_BREP ( 'Chamfer1', #3672 ) ;
#2391 = EDGE_CURVE ( 'NONE', #1559, #903, #1264, .T. ) ;
#2392 = ORIENTED_EDGE ( 'NONE', *, *, #587, .T. ) ;
#2393 = UNCERTAINTY_MEASURE_WITH_UNIT (LENGTH_MEASURE( 1.000000000000000082E-05 ), #206, 'distance_accuracy_value', 'NONE');
#2394 = DIRECTION ( 'NONE',  ( -0.0000000000000000000, 1.000000000000000000, -0.0000000000000000000 ) ) ;
#2395 = DIRECTION ( 'NONE',  ( -1.000000000000000000, -8.537024980200826748E-16, 0.0000000000000000000 ) ) ;
#2396 = CARTESIAN_POINT ( 'NONE',  ( -0.06650453896958856415, 0.1433333333333333404, -0.07650453896958855915 ) ) ;
#2397 = EDGE_CURVE ( 'NONE', #3681, #1559, #2440, .T. ) ;
#2398 = ORIENTED_EDGE ( 'NONE', *, *, #1388, .F. ) ;
#2399 = EDGE_LOOP ( 'NONE', ( #5145, #2408, #282, #366 ) ) ;
#2400 = EDGE_LOOP ( 'NONE', ( #3113, #2244, #1688, #3942, #2628, #3044, #4205, #1491, #3867, #5002, #1454, #987 ) ) ;
#2401 = CARTESIAN_POINT ( 'NONE',  ( -0.1275788215583597562, 0.005673336880231876281, -0.06099999999999999173 ) ) ;
#2402 = DIRECTION ( 'NONE',  ( 0.0000000000000000000, 0.0000000000000000000, -1.000000000000000000 ) ) ;
#2403 = FACE_OUTER_BOUND ( 'NONE', #629, .T. ) ;
#2404 = CARTESIAN_POINT ( 'NONE',  ( 0.05000000000000000278, 0.02000000000000000042, -0.07199999999999998068 ) ) ;
#2405 = CARTESIAN_POINT ( 'NONE',  ( -0.1219999999999994839, 0.01567333688023188343, -0.06099999999999999173 ) ) ;
#2406 = ORIENTED_EDGE ( 'NONE', *, *, #708, .F. ) ;
#2407 =( CONVERSION_BASED_UNIT ( 'INCH', #752 ) LENGTH_UNIT ( ) NAMED_UNIT ( #3898 ) );
#2408 = ORIENTED_EDGE ( 'NONE', *, *, #2307, .F. ) ;
#2409 = CARTESIAN_POINT ( 'NONE',  ( 0.1487875483474893623, 0.01000000000000000021, -0.1219999999999999835 ) ) ;
#2410 = DIRECTION ( 'NONE',  ( 0.0000000000000000000, 0.0000000000000000000, 1.000000000000000000 ) ) ;
#2411 = CARTESIAN_POINT ( 'NONE',  ( -0.1319999999999999785, 0.07166666666666667018, -0.1119999999999999885 ) ) ;
#2412 = EDGE_CURVE ( 'NONE', #455, #2771, #2661, .T. ) ;
#2413 = CARTESIAN_POINT ( 'NONE',  ( -0.05000000000000000278, 0.01000000000000000021, 0.08199999999999998956 ) ) ;
#2414 = DIRECTION ( 'NONE',  ( 0.0000000000000000000, 0.0000000000000000000, 1.000000000000000000 ) ) ;
#2415 =( CONVERSION_BASED_UNIT ( 'INCH', #3233 ) LENGTH_UNIT ( ) NAMED_UNIT ( #1356 ) );
#2416 = LINE ( 'NONE', #3586, #4816 ) ;
#2417 = CARTESIAN_POINT ( 'NONE',  ( -0.06250000000000000000, 0.07166666666666667018, 0.07199999999999998068 ) ) ;
#2418 = VECTOR ( 'NONE', #3908, 39.37007874015748143 ) ;
#2419 = CIRCLE ( 'NONE', #4776, 0.009999999999999995004 ) ;
#2420 = EDGE_CURVE ( 'NONE', #2956, #1520, #345, .T. ) ;
#2421 = DIRECTION ( 'NONE',  ( -1.000000000000000000, 0.0000000000000000000, -0.0000000000000000000 ) ) ;
#2422 = CARTESIAN_POINT ( 'NONE',  ( 0.1358676626300737711, 0.01126754045964036693, -0.01200000000000000198 ) ) ;
#2423 = AXIS2_PLACEMENT_3D ( 'NONE', #4997, #2247, #3484 ) ;
#2424 = ORIENTED_EDGE ( 'NONE', *, *, #1221, .T. ) ;
#2425 = ORIENTED_EDGE ( 'NONE', *, *, #103, .F. ) ;
#2426 = ORIENTED_EDGE ( 'NONE', *, *, #3787, .F. ) ;
#2427 = EDGE_CURVE ( 'NONE', #2306, #4696, #3856, .T. ) ;
#2428 = LINE ( 'NONE', #727, #4374 ) ;
#2429 = EDGE_CURVE ( 'NONE', #2221, #1909, #4208, .T. ) ;
#2430 =( LENGTH_UNIT ( ) NAMED_UNIT ( * ) SI_UNIT ( $, .METRE. ) );
#2431 = LINE ( 'NONE', #4024, #1849 ) ;
#2432 = CARTESIAN_POINT ( 'NONE',  ( 0.05000000000000000278, 0.07166666666666667018, 0.07199999999999998068 ) ) ;
#2433 = VECTOR ( 'NONE', #1712, 39.37007874015748143 ) ;
#2434 = EDGE_LOOP ( 'NONE', ( #1376, #1716, #931, #378 ) ) ;
#2435 = CARTESIAN_POINT ( 'NONE',  ( 0.01833333333333329873, 0.0000000000000000000, -0.07199999999999996680 ) ) ;
#2436 = EDGE_CURVE ( 'NONE', #853, #180, #3197, .T. ) ;
#2437 = ORIENTED_EDGE ( 'NONE', *, *, #623, .T. ) ;
#2438 = CARTESIAN_POINT ( 'NONE',  ( 0.1328941562142821886, 0.01567333688023188343, 0.01200000004565746244 ) ) ;
#2439 = LINE ( 'NONE', #2146, #86 ) ;
#2440 = CIRCLE ( 'NONE', #2275, 0.009999999999999995004 ) ;
#2441 = DIRECTION ( 'NONE',  ( 0.8288841071713998199, -0.5594203579408525417, 0.0000000000000000000 ) ) ;
#2442 = CIRCLE ( 'NONE', #3780, 0.009999999999999995004 ) ;
#2443 = VECTOR ( 'NONE', #2468, 39.37007874015748143 ) ;
#2444 = EDGE_CURVE ( 'NONE', #4676, #3045, #4761, .T. ) ;
#2445 = CARTESIAN_POINT ( 'NONE',  ( -0.05000000000000000278, 0.01000000000000000021, -0.1019999999999999934 ) ) ;
#2446 = LENGTH_MEASURE_WITH_UNIT ( LENGTH_MEASURE( 0.02539999999999999897 ), #947 );
#2447 = DIRECTION ( 'NONE',  ( 1.000000000000000000, -0.0000000000000000000, -0.0000000000000000000 ) ) ;
#2448 = CARTESIAN_POINT ( 'NONE',  ( 0.1328941562142821331, 0.02567333688023188190, -0.1219999999999999835 ) ) ;
#2449 = VECTOR ( 'NONE', #3662, 39.37007874015748143 ) ;
#2450 = CARTESIAN_POINT ( 'NONE',  ( 0.0000000000000000000, 0.1433333333333333404, 0.1293205080756887337 ) ) ;
#2451 = VECTOR ( 'NONE', #2948, 39.37007874015748143 ) ;
#2452 = EDGE_CURVE ( 'NONE', #4982, #2724, #3792, .T. ) ;
#2453 = EDGE_CURVE ( 'NONE', #1762, #84, #20, .T. ) ;
#2454 = VECTOR ( 'NONE', #5177, 39.37007874015748143 ) ;
#2455 = CARTESIAN_POINT ( 'NONE',  ( -0.1220000000000004969, 0.01000000000000000021, 0.1219999999999999835 ) ) ;
#2456 = DIRECTION ( 'NONE',  ( 0.0000000000000000000, -1.000000000000000000, 0.0000000000000000000 ) ) ;
#2457 = ORIENTED_EDGE ( 'NONE', *, *, #4331, .T. ) ;
#2458 = VERTEX_POINT ( 'NONE', #3121 ) ;
#2459 = ORIENTED_EDGE ( 'NONE', *, *, #1238, .F. ) ;
#2460 = CARTESIAN_POINT ( 'NONE',  ( 0.1219999999999994839, 0.02567333688023188190, -0.06099999999999999173 ) ) ;
#2461 = LINE ( 'NONE', #875, #1664 ) ;
#2462 = DIRECTION ( 'NONE',  ( 0.0000000000000000000, 8.537024980200811957E-16, 1.000000000000000000 ) ) ;
#2463 = LINE ( 'NONE', #4756, #3104 ) ;
#2464 = LINE ( 'NONE', #1719, #4305 ) ;
#2465 = VECTOR ( 'NONE', #3520, 39.37007874015748143 ) ;
#2466 = ORIENTED_EDGE ( 'NONE', *, *, #510, .F. ) ;
#2467 = DIMENSIONAL_EXPONENTS ( 1.000000000000000000, 0.0000000000000000000, 0.0000000000000000000, 0.0000000000000000000, 0.0000000000000000000, 0.0000000000000000000, 0.0000000000000000000 ) ;
#2468 = DIRECTION ( 'NONE',  ( 0.5594203579408524307, -0.8288841071713997088, 0.0000000000000000000 ) ) ;
#2469 = ORIENTED_EDGE ( 'NONE', *, *, #198, .T. ) ;
#2470 = CARTESIAN_POINT ( 'NONE',  ( -0.1541028830034118224, 0.01000000000000000021, 0.06100000004565745565 ) ) ;
#2471 = CARTESIAN_POINT ( 'NONE',  ( 0.05000000000000000278, 0.07166666666666667018, -0.07199999999999998068 ) ) ;
#2472 = VECTOR ( 'NONE', #1369, 39.37007874015748143 ) ;
#2473 = DIRECTION ( 'NONE',  ( -1.000000000000000000, 0.0000000000000000000, -0.0000000000000000000 ) ) ;
#2474 = CARTESIAN_POINT ( 'NONE',  ( -0.1411829972859962035, 0.02126754045964037235, -0.1219999999999999835 ) ) ;
#2475 = EDGE_CURVE ( 'NONE', #3278, #1048, #342, .T. ) ;
#2476 = ORIENTED_EDGE ( 'NONE', *, *, #2756, .F. ) ;
#2477 = CARTESIAN_POINT ( 'NONE',  ( -0.1411829972859962035, 0.02126754045964037235, -0.01200000000000000198 ) ) ;
#2478 = CARTESIAN_POINT ( 'NONE',  ( 0.1458140419316977521, 0.01440579642059151150, -0.1219999999999999835 ) ) ;
#2479 = CARTESIAN_POINT ( 'NONE',  ( -0.06249999999999999306, 0.01000000000000000021, -0.1219999999999999835 ) ) ;
#2480 = AXIS2_PLACEMENT_3D ( 'NONE', #1778, #3507, #2042 ) ;
#2481 = FACE_OUTER_BOUND ( 'NONE', #4616, .T. ) ;
#2482 = LINE ( 'NONE', #1337, #776 ) ;
#2483 = LINE ( 'NONE', #4844, #336 ) ;
#2484 = DIRECTION ( 'NONE',  ( 1.000000000000000000, 0.0000000000000000000, 0.0000000000000000000 ) ) ;
#2485 = DIRECTION ( 'NONE',  ( 0.0000000000000000000, 0.0000000000000000000, 1.000000000000000000 ) ) ;
#2486 = DIRECTION ( 'NONE',  ( 0.0000000000000000000, 0.0000000000000000000, -1.000000000000000000 ) ) ;
#2487 = EDGE_CURVE ( 'NONE', #3242, #2137, #1175, .T. ) ;
#2488 = VERTEX_POINT ( 'NONE', #1129 ) ;
#2489 = ORIENTED_EDGE ( 'NONE', *, *, #718, .T. ) ;
#2490 = ORIENTED_EDGE ( 'NONE', *, *, #2147, .F. ) ;
#2491 =( NAMED_UNIT ( * ) SI_UNIT ( $, .STERADIAN. ) SOLID_ANGLE_UNIT ( ) );
#2492 = CARTESIAN_POINT ( 'NONE',  ( 0.1275788215583597285, 0.01567333688023187302, 0.08500000004565745615 ) ) ;
#2493 = DIRECTION ( 'NONE',  ( 0.0000000000000000000, -1.000000000000000000, 0.0000000000000000000 ) ) ;
#2494 = ORIENTED_EDGE ( 'NONE', *, *, #2065, .F. ) ;
#2495 = DIRECTION ( 'NONE',  ( 0.0000000000000000000, 0.0000000000000000000, 1.000000000000000000 ) ) ;
#2496 = ORIENTED_EDGE ( 'NONE', *, *, #4943, .F. ) ;
#2497 = FACE_OUTER_BOUND ( 'NONE', #4120, .T. ) ;
#2498 = DIRECTION ( 'NONE',  ( 0.0000000000000000000, 0.0000000000000000000, 1.000000000000000000 ) ) ;
#2499 = EDGE_CURVE ( 'NONE', #1360, #180, #4809, .T. ) ;
#2500 = DIRECTION ( 'NONE',  ( -1.000000000000000000, 0.0000000000000000000, 0.0000000000000000000 ) ) ;
#2501 = EDGE_LOOP ( 'NONE', ( #124, #3357, #5193, #2845 ) ) ;
#2502 = CARTESIAN_POINT ( 'NONE',  ( 0.1404987072757753475, 0.004405796420591500881, 0.01200000004565746244 ) ) ;
#2503 = EDGE_LOOP ( 'NONE', ( #1303, #2072, #2633, #1806 ) ) ;
#2504 = CARTESIAN_POINT ( 'NONE',  ( -0.1275788215583597562, 0.005673336880231876281, -0.1219999999999999835 ) ) ;
#2505 = SURFACE_SIDE_STYLE ('',( #1704 ) ) ;
#2506 = EDGE_CURVE ( 'NONE', #2143, #731, #2357, .T. ) ;
#2507 = DIRECTION ( 'NONE',  ( 1.000000000000000000, 0.0000000000000000000, 0.0000000000000000000 ) ) ;
#2508 = CARTESIAN_POINT ( 'NONE',  ( -0.1220000000000004969, 0.01000000000000000021, -0.1219999999999999835 ) ) ;
#2509 = DIRECTION ( 'NONE',  ( 1.000000000000000000, 0.0000000000000000000, -0.0000000000000000000 ) ) ;
#2510 = CLOSED_SHELL ( 'NONE', ( #2881, #2680, #2267, #2831, #3079, #1045, #4090, #4060, #137, #2082 ) ) ;
#2511 = LINE ( 'NONE', #2923, #1092 ) ;
#2512 = DIRECTION ( 'NONE',  ( 0.0000000000000000000, 0.0000000000000000000, 1.000000000000000000 ) ) ;
#2513 = ORIENTED_EDGE ( 'NONE', *, *, #2010, .T. ) ;
#2514 = EDGE_CURVE ( 'NONE', #778, #753, #1586, .T. ) ;
#2515 = ORIENTED_EDGE ( 'NONE', *, *, #2570, .T. ) ;
#2516 =( NAMED_UNIT ( * ) PLANE_ANGLE_UNIT ( ) SI_UNIT ( $, .RADIAN. ) );
#2517 = ADVANCED_FACE ( 'NONE', ( #1975 ), #3578, .T. ) ;
#2518 = CARTESIAN_POINT ( 'NONE',  ( 0.1487875483474893623, 0.01000000000000000021, 0.08500000004565745615 ) ) ;
#2519 = VECTOR ( 'NONE', #1115, 39.37007874015748143 ) ;
#2520 = EDGE_CURVE ( 'NONE', #1761, #1720, #2532, .T. ) ;
#2521 = ORIENTED_EDGE ( 'NONE', *, *, #4055, .F. ) ;
#2522 = CARTESIAN_POINT ( 'NONE',  ( 0.05000000000000000278, 0.0000000000000000000, 0.07866666666666663477 ) ) ;
#2523 = CARTESIAN_POINT ( 'NONE',  ( 0.0000000000000000000, 0.07166666666666667018, 0.0000000000000000000 ) ) ;
#2524 = DIRECTION ( 'NONE',  ( -1.000000000000000000, 0.0000000000000000000, 0.0000000000000000000 ) ) ;
#2525 = CARTESIAN_POINT ( 'NONE',  ( -0.05500000000000000028, 0.02000000000000000042, 0.07199999999999996680 ) ) ;
#2526 = SURFACE_SIDE_STYLE ('',( #129 ) ) ;
#2527 = VECTOR ( 'NONE', #2141, 39.37007874015748143 ) ;
#2528 = EDGE_LOOP ( 'NONE', ( #664, #4296, #4270, #2271 ) ) ;
#2529 = ORIENTED_EDGE ( 'NONE', *, *, #3090, .T. ) ;
#2530 = CARTESIAN_POINT ( 'NONE',  ( -0.1220000000000004969, 0.4884014425523686143, -0.1219999999999999835 ) ) ;
#2531 = ORIENTED_EDGE ( 'NONE', *, *, #3291, .T. ) ;
#2532 = CIRCLE ( 'NONE', #14, 0.009999999999999995004 ) ;
#2533 =( LENGTH_UNIT ( ) NAMED_UNIT ( * ) SI_UNIT ( $, .METRE. ) );
#2534 = VECTOR ( 'NONE', #2493, 39.37007874015748143 ) ;
#2535 = CARTESIAN_POINT ( 'NONE',  ( -0.06249999999999999306, 0.01000000000000000021, 0.07199999999999998068 ) ) ;
#2536 = CIRCLE ( 'NONE', #4972, 0.009999999999999995004 ) ;
#2537 = LINE ( 'NONE', #4129, #110 ) ;
#2538 = CARTESIAN_POINT ( 'NONE',  ( -0.06650453896958855027, 0.2149999333333333373, 0.07650453896958853139 ) ) ;
#2539 = AXIS2_PLACEMENT_3D ( 'NONE', #1051, #4256, #5029 ) ;
#2540 = DIRECTION ( 'NONE',  ( 0.0000000000000000000, 0.0000000000000000000, 1.000000000000000000 ) ) ;
#2541 = EDGE_LOOP ( 'NONE', ( #116, #2322, #685, #3883 ) ) ;
#2542 = ADVANCED_FACE ( 'NONE', ( #4942 ), #1697, .F. ) ;
#2543 = CIRCLE ( 'NONE', #524, 0.009999999999999995004 ) ;
#2544 = AXIS2_PLACEMENT_3D ( 'NONE', #60, #3271, #4519 ) ;
#2545 = ORIENTED_EDGE ( 'NONE', *, *, #724, .F. ) ;
#2546 = ORIENTED_EDGE ( 'NONE', *, *, #4789, .T. ) ;
#2547 = DIRECTION ( 'NONE',  ( 0.0000000000000000000, 0.0000000000000000000, -1.000000000000000000 ) ) ;
#2548 =( NAMED_UNIT ( * ) PLANE_ANGLE_UNIT ( ) SI_UNIT ( $, .RADIAN. ) );
#2549 = DIRECTION ( 'NONE',  ( -1.000000000000000000, 1.530255967303269802E-15, -0.0000000000000000000 ) ) ;
#2550 = CARTESIAN_POINT ( 'NONE',  ( -0.1219999999999994977, 0.02567333688023188190, -0.08500000004565745615 ) ) ;
#2551 = CARTESIAN_POINT ( 'NONE',  ( 0.1358676626300737711, 0.01126754045964036693, 0.01200000004565746244 ) ) ;
#2552 = VECTOR ( 'NONE', #4501, 39.37007874015748143 ) ;
#2553 = ADVANCED_FACE ( 'NONE', ( #3228 ), #2856, .T. ) ;
#2554 = ADVANCED_FACE ( 'NONE', ( #4512 ), #4113, .T. ) ;
#2555 = EDGE_LOOP ( 'NONE', ( #3988, #1873, #3519, #117, #1884, #1717, #4415, #4313 ) ) ;
#2556 = AXIS2_PLACEMENT_3D ( 'NONE', #427, #3620, #1629 ) ;
#2557 = CARTESIAN_POINT ( 'NONE',  ( 0.1275788215583597285, 0.01567333688023187302, -0.1219999999999999835 ) ) ;
#2558 = CYLINDRICAL_SURFACE ( 'NONE', #595, 0.01999999999999999001 ) ;
#2559 = CARTESIAN_POINT ( 'NONE',  ( 0.1219999999999995255, 0.01567333688023188343, -0.1219999999999999835 ) ) ;
#2560 = CARTESIAN_POINT ( 'NONE',  ( 0.05500000000000000028, 0.0000000000000000000, 0.09199999999999997069 ) ) ;
#2561 = EDGE_CURVE ( 'NONE', #1924, #1062, #1176, .T. ) ;
#2562 = EDGE_LOOP ( 'NONE', ( #1597, #1063, #3268, #1316 ) ) ;
#2563 = ORIENTED_EDGE ( 'NONE', *, *, #1693, .F. ) ;
#2564 = AXIS2_PLACEMENT_3D ( 'NONE', #5121, #1137, #1499 ) ;
#2565 =( NAMED_UNIT ( * ) PLANE_ANGLE_UNIT ( ) SI_UNIT ( $, .RADIAN. ) );
#2566 = DIRECTION ( 'NONE',  ( 0.0000000000000000000, 0.0000000000000000000, 1.000000000000000000 ) ) ;
#2567 =( NAMED_UNIT ( * ) SI_UNIT ( $, .STERADIAN. ) SOLID_ANGLE_UNIT ( ) );
#2568 = DIRECTION ( 'NONE',  ( -0.0000000000000000000, -1.000000000000000000, -0.0000000000000000000 ) ) ;
#2569 = DIRECTION ( 'NONE',  ( 0.0000000000000000000, 0.0000000000000000000, 1.000000000000000000 ) ) ;
#2570 = EDGE_CURVE ( 'NONE', #2998, #3576, #4835, .T. ) ;
#2571 = DIRECTION ( 'NONE',  ( -1.000000000000000000, 0.0000000000000000000, 0.0000000000000000000 ) ) ;
#2572 = VERTEX_POINT ( 'NONE', #857 ) ;
#2573 = ORIENTED_EDGE ( 'NONE', *, *, #2429, .F. ) ;
#2574 = LINE ( 'NONE', #2908, #3518 ) ;
#2575 = CARTESIAN_POINT ( 'NONE',  ( 0.01666666666666665950, 0.0000000000000000000, -0.09199999999999997069 ) ) ;
#2576 = DIRECTION ( 'NONE',  ( -1.000000000000000000, 0.0000000000000000000, 0.0000000000000000000 ) ) ;
#2577 = DIRECTION ( 'NONE',  ( 0.9659258262890684232, -0.2588190451025202399, 0.0000000000000000000 ) ) ;
#2578 = AXIS2_PLACEMENT_3D ( 'NONE', #3151, #4669, #4265 ) ;
#2579 = ORIENTED_EDGE ( 'NONE', *, *, #1156, .F. ) ;
#2580 = PLANE ( 'NONE',  #3865 ) ;
#2581 = CARTESIAN_POINT ( 'NONE',  ( -0.1541028830034118224, 0.01000000000000000021, 0.08500000004565745615 ) ) ;
#2582 = DIRECTION ( 'NONE',  ( -1.000000000000000000, 0.0000000000000000000, 0.0000000000000000000 ) ) ;
#2583 = CARTESIAN_POINT ( 'NONE',  ( -0.06650453896958855027, 0.2049999333333333562, 0.06650453896958853639 ) ) ;
#2584 = CARTESIAN_POINT ( 'NONE',  ( -0.01833333333333326057, 0.0000000000000000000, 0.07199999999999996680 ) ) ;
#2585 = EDGE_LOOP ( 'NONE', ( #996, #2466, #2986, #1816 ) ) ;
#2586 = ORIENTED_EDGE ( 'NONE', *, *, #4182, .T. ) ;
#2587 = ORIENTED_EDGE ( 'NONE', *, *, #329, .T. ) ;
#2588 = DIRECTION ( 'NONE',  ( 0.0000000000000000000, 0.0000000000000000000, -1.000000000000000000 ) ) ;
#2589 = CARTESIAN_POINT ( 'NONE',  ( 0.1328941562142821886, 0.02567333688023188190, 0.06100000004565745565 ) ) ;
#2590 = CARTESIAN_POINT ( 'NONE',  ( 0.1649970392176944578, 0.01000000000000000021, -0.1219999999999999835 ) ) ;
#2591 = ORIENTED_EDGE ( 'NONE', *, *, #1177, .T. ) ;
#2592 = EDGE_CURVE ( 'NONE', #1173, #2316, #525, .T. ) ;
#2593 = VERTEX_POINT ( 'NONE', #2471 ) ;
#2594 = ORIENTED_EDGE ( 'NONE', *, *, #3618, .F. ) ;
#2595 = VERTEX_POINT ( 'NONE', #2056 ) ;
#2596 = DIRECTION ( 'NONE',  ( 1.000000000000000000, 0.0000000000000000000, -1.115884769084667415E-16 ) ) ;
#2597 = CARTESIAN_POINT ( 'NONE',  ( -0.06250000000000000000, 0.07166666666666667018, 0.07199999999999998068 ) ) ;
#2598 = CARTESIAN_POINT ( 'NONE',  ( 0.06650453896958853639, 0.2149999333333333373, -0.07650453896958855915 ) ) ;
#2599 = DIRECTION ( 'NONE',  ( 0.0000000000000000000, 0.0000000000000000000, 1.000000000000000000 ) ) ;
#2600 = LINE ( 'NONE', #2249, #436 ) ;
#2601 = ORIENTED_EDGE ( 'NONE', *, *, #3985, .T. ) ;
#2602 = LINE ( 'NONE', #3040, #4543 ) ;
#2603 = FILL_AREA_STYLE_COLOUR ( '', #1661 ) ;
#2604 = FILL_AREA_STYLE ('',( #3827 ) ) ;
#2605 = LINE ( 'NONE', #1804, #3946 ) ;
#2606 = AXIS2_PLACEMENT_3D ( 'NONE', #1503, #4325, #422 ) ;
#2607 = EDGE_LOOP ( 'NONE', ( #18, #4016, #4202, #4503, #305, #1484, #3951, #1546, #871, #2769, #817, #3995 ) ) ;
#2608 = ORIENTED_EDGE ( 'NONE', *, *, #1472, .T. ) ;
#2609 = ORIENTED_EDGE ( 'NONE', *, *, #3582, .T. ) ;
#2610 = CARTESIAN_POINT ( 'NONE',  ( 0.05500000000000001416, 0.01000000000000000021, -0.1019999999999999934 ) ) ;
#2611 = AXIS2_PLACEMENT_3D ( 'NONE', #953, #503, #4956 ) ;
#2612 = CARTESIAN_POINT ( 'NONE',  ( 0.1275788215583597285, 0.01567333688023187302, -0.01200000000000000198 ) ) ;
#2613 = EDGE_CURVE ( 'NONE', #800, #731, #4971, .T. ) ;
#2614 = ADVANCED_FACE ( 'NONE', ( #3661 ), #1614, .T. ) ;
#2615 = AXIS2_PLACEMENT_3D ( 'NONE', #2319, #4275, #228 ) ;
#2616 = CARTESIAN_POINT ( 'NONE',  ( 0.07650453896958854527, 0.2149999333333333373, 0.06650453896958853639 ) ) ;
#2617 = DIRECTION ( 'NONE',  ( -0.0000000000000000000, -0.0000000000000000000, 1.000000000000000000 ) ) ;
#2618 = SURFACE_STYLE_FILL_AREA ( #1060 ) ;
#2619 =( GEOMETRIC_REPRESENTATION_CONTEXT ( 3 ) GLOBAL_UNCERTAINTY_ASSIGNED_CONTEXT ( ( #2818 ) ) GLOBAL_UNIT_ASSIGNED_CONTEXT ( ( #1469, #2292, #3405 ) ) REPRESENTATION_CONTEXT ( 'NONE', 'WORKASPACE' ) );
#2620 = ORIENTED_EDGE ( 'NONE', *, *, #4218, .F. ) ;
#2621 = PRESENTATION_LAYER_ASSIGNMENT (  '', '', ( #2695 ) ) ;
#2622 = AXIS2_PLACEMENT_3D ( 'NONE', #3825, #2629, #662 ) ;
#2623 = ORIENTED_EDGE ( 'NONE', *, *, #2105, .F. ) ;
#2624 =( NAMED_UNIT ( * ) PLANE_ANGLE_UNIT ( ) SI_UNIT ( $, .RADIAN. ) );
#2625 = CARTESIAN_POINT ( 'NONE',  ( -0.1411829972859962035, 0.02126754045964037235, -0.01200000000000000198 ) ) ;
#2626 = LINE ( 'NONE', #1046, #1598 ) ;
#2627 = VECTOR ( 'NONE', #168, 39.37007874015748143 ) ;
#2628 = ORIENTED_EDGE ( 'NONE', *, *, #332, .T. ) ;
#2629 = DIRECTION ( 'NONE',  ( 0.0000000000000000000, 0.0000000000000000000, 1.000000000000000000 ) ) ;
#2630 = VECTOR ( 'NONE', #1579, 39.37007874015748143 ) ;
#2631 = CARTESIAN_POINT ( 'NONE',  ( -0.07650453896958854527, 0.2149999333333333373, 0.07650453896958853139 ) ) ;
#2632 = CARTESIAN_POINT ( 'NONE',  ( -0.1541028830034117947, 0.02000000000000000042, -0.06099999999999999173 ) ) ;
#2633 = ORIENTED_EDGE ( 'NONE', *, *, #3354, .F. ) ;
#2634 = VERTEX_POINT ( 'NONE', #4086 ) ;
#2635 = CARTESIAN_POINT ( 'NONE',  ( 0.1541028830034117947, 0.02000000000000000042, 0.01200000004565746244 ) ) ;
#2636 = ORIENTED_EDGE ( 'NONE', *, *, #4067, .F. ) ;
#2637 = CARTESIAN_POINT ( 'NONE',  ( 0.1219999999999994839, 0.0000000000000000000, -0.01199999999999999678 ) ) ;
#2638 = PRESENTATION_LAYER_ASSIGNMENT (  '', '', ( #4902 ) ) ;
#2639 = CARTESIAN_POINT ( 'NONE',  ( -0.1120000000000000162, 0.1433333333333333404, 0.1119999999999999885 ) ) ;
#2640 = ADVANCED_FACE ( 'NONE', ( #2087 ), #3693, .T. ) ;
#2641 = PRESENTATION_LAYER_ASSIGNMENT (  '', '', ( #1872 ) ) ;
#2642 = FILL_AREA_STYLE_COLOUR ( '', #3365 ) ;
#2643 = FILL_AREA_STYLE_COLOUR ( '', #3596 ) ;
#2644 = EDGE_CURVE ( 'NONE', #492, #3745, #2439, .T. ) ;
#2645 = ORIENTED_EDGE ( 'NONE', *, *, #1291, .F. ) ;
#2646 = ORIENTED_EDGE ( 'NONE', *, *, #1534, .T. ) ;
#2647 = ORIENTED_EDGE ( 'NONE', *, *, #2644, .T. ) ;
#2648 = CARTESIAN_POINT ( 'NONE',  ( 0.05000000000000000278, 0.0000000000000000000, -0.1419999999999996543 ) ) ;
#2649 = CYLINDRICAL_SURFACE ( 'NONE', #1181, 0.009999999999999995004 ) ;
#2650 = CARTESIAN_POINT ( 'NONE',  ( 0.1487875483474893623, 0.0000000000000000000, 0.01200000004565745897 ) ) ;
#2651 = LINE ( 'NONE', #3362, #2285 ) ;
#2652 =( GEOMETRIC_REPRESENTATION_CONTEXT ( 3 ) GLOBAL_UNCERTAINTY_ASSIGNED_CONTEXT ( ( #3129 ) ) GLOBAL_UNIT_ASSIGNED_CONTEXT ( ( #4419, #2069, #2016 ) ) REPRESENTATION_CONTEXT ( 'NONE', 'WORKASPACE' ) );
#2653 = VERTEX_POINT ( 'NONE', #911 ) ;
#2654 = SURFACE_SIDE_STYLE ('',( #1433 ) ) ;
#2655 = LINE ( 'NONE', #613, #3287 ) ;
#2656 = CYLINDRICAL_SURFACE ( 'NONE', #4201, 0.009999999999999995004 ) ;
#2657 = SPHERICAL_SURFACE ( 'NONE', #521, 0.01000000000000000021 ) ;
#2658 = ORIENTED_EDGE ( 'NONE', *, *, #1706, .F. ) ;
#2659 = CARTESIAN_POINT ( 'NONE',  ( 0.1219999999999994977, 0.0000000000000000000, 0.01200000004565745897 ) ) ;
#2660 = ORIENTED_EDGE ( 'NONE', *, *, #4240, .T. ) ;
#2661 = LINE ( 'NONE', #4262, #171 ) ;
#2662 = CARTESIAN_POINT ( 'NONE',  ( 0.06650453896958853639, 0.2049999333333333562, -0.06650453896958856415 ) ) ;
#2663 = EDGE_CURVE ( 'NONE', #4104, #2904, #3723, .T. ) ;
#2664 = PRODUCT_RELATED_PRODUCT_CATEGORY ( 'part', '', ( #2868 ) ) ;
#2665 = FILL_AREA_STYLE ('',( #1007 ) ) ;
#2666 = PLANE ( 'NONE',  #1837 ) ;
#2667 = DIRECTION ( 'NONE',  ( 0.0000000000000000000, -1.000000000000000000, 0.0000000000000000000 ) ) ;
#2668 = EDGE_LOOP ( 'NONE', ( #3983, #793, #1501, #1830 ) ) ;
#2669 = ORIENTED_EDGE ( 'NONE', *, *, #650, .T. ) ;
#2670 = UNCERTAINTY_MEASURE_WITH_UNIT (LENGTH_MEASURE( 1.000000000000000082E-05 ), #1327, 'distance_accuracy_value', 'NONE');
#2671 = ORIENTED_EDGE ( 'NONE', *, *, #1005, .T. ) ;
#2672 = FACE_OUTER_BOUND ( 'NONE', #16, .T. ) ;
#2673 = VERTEX_POINT ( 'NONE', #128 ) ;
#2674 = EDGE_CURVE ( 'NONE', #3018, #1807, #4109, .T. ) ;
#2675 = FACE_OUTER_BOUND ( 'NONE', #1604, .T. ) ;
#2676 = DIRECTION ( 'NONE',  ( 0.0000000000000000000, 0.0000000000000000000, -1.000000000000000000 ) ) ;
#2677 = CARTESIAN_POINT ( 'NONE',  ( 0.1649970392176944578, 0.01000000000000000021, -0.01200000000000000198 ) ) ;
#2678 = AXIS2_PLACEMENT_3D ( 'NONE', #2810, #2833, #4437 ) ;
#2679 = ADVANCED_FACE ( 'NONE', ( #1231 ), #2830, .T. ) ;
#2680 = ADVANCED_FACE ( 'NONE', ( #1463 ), #208, .F. ) ;
#2681 = LINE ( 'NONE', #1808, #4793 ) ;
#2682 = LINE ( 'NONE', #4263, #4031 ) ;
#2683 = DIRECTION ( 'NONE',  ( 1.000000000000000000, -0.0000000000000000000, -0.0000000000000000000 ) ) ;
#2684 = DIRECTION ( 'NONE',  ( -1.000000000000000000, 0.0000000000000000000, 0.0000000000000000000 ) ) ;
#2685 = EDGE_CURVE ( 'NONE', #3033, #1344, #2655, .T. ) ;
#2686 = VECTOR ( 'NONE', #2485, 39.37007874015748143 ) ;
#2687 = ORIENTED_EDGE ( 'NONE', *, *, #2429, .T. ) ;
#2688 = ORIENTED_EDGE ( 'NONE', *, *, #4097, .T. ) ;
#2689 = VERTEX_POINT ( 'NONE', #2204 ) ;
#2690 = LINE ( 'NONE', #1087, #1747 ) ;
#2692 = VECTOR ( 'NONE', #387, 39.37007874015748143 ) ;
#2691 = DIRECTION ( 'NONE',  ( 0.0000000000000000000, -1.000000000000000000, 0.0000000000000000000 ) ) ;
#2693 = CONICAL_SURFACE ( 'NONE', #1760, 0.01732050807568876263, 0.2617993877991480756 ) ;
#2694 = ADVANCED_FACE ( 'NONE', ( #1050 ), #5056, .F. ) ;
#2695 = STYLED_ITEM ( 'NONE', ( #1169 ), #2831 ) ;
#2696 = VECTOR ( 'NONE', #2495, 39.37007874015748143 ) ;
#2697 = VERTEX_POINT ( 'NONE', #4975 ) ;
#2698 = LINE ( 'NONE', #1434, #2335 ) ;
#2699 = CARTESIAN_POINT ( 'NONE',  ( -0.05000000000000000278, 0.0000000000000000000, 0.09199999999999997069 ) ) ;
#2700 = CARTESIAN_POINT ( 'NONE',  ( 0.01666666666666665950, 0.02000000000000000042, -0.07199999999999996680 ) ) ;
#2701 = VECTOR ( 'NONE', #3323, 39.37007874015748143 ) ;
#2702 = EDGE_CURVE ( 'NONE', #1552, #2290, #3398, .T. ) ;
#2703 = VECTOR ( 'NONE', #3655, 39.37007874015748143 ) ;
#2704 = DIRECTION ( 'NONE',  ( 0.0000000000000000000, 1.000000000000000000, 0.0000000000000000000 ) ) ;
#2705 = ORIENTED_EDGE ( 'NONE', *, *, #2452, .T. ) ;
#2706 = EDGE_CURVE ( 'NONE', #7, #1944, #4883, .T. ) ;
#2707 = PLANE ( 'NONE',  #1908 ) ;
#2708 = CARTESIAN_POINT ( 'NONE',  ( -0.1404987072757753475, 0.004405796420591500881, -0.01200000000000000198 ) ) ;
#2709 = FACE_OUTER_BOUND ( 'NONE', #4699, .T. ) ;
#2710 = ADVANCED_FACE ( 'NONE', ( #2230 ), #3467, .T. ) ;
#2711 = ORIENTED_EDGE ( 'NONE', *, *, #2059, .F. ) ;
#2712 = CIRCLE ( 'NONE', #4560, 0.009999999999999995004 ) ;
#2713 = LINE ( 'NONE', #3498, #1202 ) ;
#2714 = VECTOR ( 'NONE', #737, 39.37007874015748143 ) ;
#2715 = ORIENTED_EDGE ( 'NONE', *, *, #4698, .F. ) ;
#2716 = ORIENTED_EDGE ( 'NONE', *, *, #4041, .T. ) ;
#2717 = UNCERTAINTY_MEASURE_WITH_UNIT (LENGTH_MEASURE( 1.000000000000000082E-05 ), #2241, 'distance_accuracy_value', 'NONE');
#2718 = CARTESIAN_POINT ( 'NONE',  ( -0.1487875483474893623, 0.01000000000000000021, -0.1219999999999999835 ) ) ;
#2719 = ADVANCED_FACE ( 'NONE', ( #1359 ), #3768, .T. ) ;
#2720 = CIRCLE ( 'NONE', #3316, 0.009999999999999995004 ) ;
#2721 = CARTESIAN_POINT ( 'NONE',  ( -0.06650453896958856415, 0.2149999333333333373, -0.07650453896958855915 ) ) ;
#2722 = PLANE ( 'NONE',  #2615 ) ;
#2723 =( NAMED_UNIT ( * ) PLANE_ANGLE_UNIT ( ) SI_UNIT ( $, .RADIAN. ) );
#2724 = VERTEX_POINT ( 'NONE', #4573 ) ;
#2725 = EDGE_CURVE ( 'NONE', #2844, #3278, #968, .T. ) ;
#2726 = DIRECTION ( 'NONE',  ( 0.0000000000000000000, 0.0000000000000000000, -1.000000000000000000 ) ) ;
#2727 = AXIS2_PLACEMENT_3D ( 'NONE', #830, #1668, #1617 ) ;
#2728 = ORIENTED_EDGE ( 'NONE', *, *, #1811, .F. ) ;
#2729 = COLOUR_RGB ( '',0.7529411764705882248, 0.7529411764705882248, 0.7529411764705882248 ) ;
#2730 = CARTESIAN_POINT ( 'NONE',  ( 0.07650453896958854527, 0.1433333333333333404, 0.06650453896958853639 ) ) ;
#2731 = EDGE_CURVE ( 'NONE', #3319, #3343, #178, .T. ) ;
#2732 = ORIENTED_EDGE ( 'NONE', *, *, #2324, .T. ) ;
#2733 = CARTESIAN_POINT ( 'NONE',  ( -0.1487875483474893623, 0.0000000000000000000, 0.01200000004565745897 ) ) ;
#2734 = DIRECTION ( 'NONE',  ( -0.0000000000000000000, 1.000000000000000000, 0.0000000000000000000 ) ) ;
#2735 = CARTESIAN_POINT ( 'NONE',  ( 0.1649970392176944578, 0.01000000000000000021, -0.1219999999999999835 ) ) ;
#2736 = EDGE_CURVE ( 'NONE', #4260, #2383, #5197, .T. ) ;
#2737 = EDGE_CURVE ( 'NONE', #2593, #1256, #380, .T. ) ;
#2738 = LINE ( 'NONE', #3522, #542 ) ;
#2739 = EDGE_CURVE ( 'NONE', #601, #1146, #470, .T. ) ;
#2740 = VERTEX_POINT ( 'NONE', #4380 ) ;
#2741 =( NAMED_UNIT ( * ) SI_UNIT ( $, .STERADIAN. ) SOLID_ANGLE_UNIT ( ) );
#2742 = CARTESIAN_POINT ( 'NONE',  ( -0.06250000000000000000, 0.07166666666666667018, 0.07199999999999998068 ) ) ;
#2743 = ADVANCED_FACE ( 'NONE', ( #773 ), #5111, .F. ) ;
#2744 = ORIENTED_EDGE ( 'NONE', *, *, #2499, .F. ) ;
#2745 = VERTEX_POINT ( 'NONE', #1198 ) ;
#2746 = ORIENTED_EDGE ( 'NONE', *, *, #195, .T. ) ;
#2747 =( NAMED_UNIT ( * ) PLANE_ANGLE_UNIT ( ) SI_UNIT ( $, .RADIAN. ) );
#2748 = LINE ( 'NONE', #3653, #5051 ) ;
#2749 = PLANE ( 'NONE',  #1694 ) ;
#2750 = B_SPLINE_CURVE_WITH_KNOTS ( 'NONE', 2,
 ( #3329, #3240, #870 ),
 .UNSPECIFIED., .F., .F.,
 ( 3, 3 ),
 ( 0.0000000000000000000, 1.000000000000000000 ),
 .UNSPECIFIED. ) ;
#2751 = DIRECTION ( 'NONE',  ( 0.0000000000000000000, 0.0000000000000000000, 1.000000000000000000 ) ) ;
#2752 = VERTEX_POINT ( 'NONE', #4333 ) ;
#2753 = CARTESIAN_POINT ( 'NONE',  ( -0.1649970392176944578, 0.01000000000000000021, 0.01200000004565746244 ) ) ;
#2754 = SURFACE_STYLE_USAGE ( .BOTH. , #734 ) ;
#2755 = VECTOR ( 'NONE', #3640, 39.37007874015748143 ) ;
#2756 = EDGE_CURVE ( 'NONE', #1401, #3761, #1577, .T. ) ;
#2757 = CIRCLE ( 'NONE', #3760, 0.009999999999999995004 ) ;
#2758 = ORIENTED_EDGE ( 'NONE', *, *, #476, .F. ) ;
#2759 = DIRECTION ( 'NONE',  ( -1.000000000000000000, -0.0000000000000000000, -0.0000000000000000000 ) ) ;
#2760 = DIMENSIONAL_EXPONENTS ( 1.000000000000000000, 0.0000000000000000000, 0.0000000000000000000, 0.0000000000000000000, 0.0000000000000000000, 0.0000000000000000000, 0.0000000000000000000 ) ;
#2761 = CIRCLE ( 'NONE', #497, 0.01000000000000000368 ) ;
#2762 = LINE ( 'NONE', #4722, #2804 ) ;
#2763 = MECHANICAL_DESIGN_GEOMETRIC_PRESENTATION_REPRESENTATION (  '', ( #1083 ), #1500 ) ;
#2764 = UNCERTAINTY_MEASURE_WITH_UNIT (LENGTH_MEASURE( 1.000000000000000082E-05 ), #2894, 'distance_accuracy_value', 'NONE');
#2765 = LINE ( 'NONE', #766, #3443 ) ;
#2766 = CYLINDRICAL_SURFACE ( 'NONE', #942, 0.01028968565051215783 ) ;
#2767 = ADVANCED_FACE ( 'NONE', ( #1968 ), #3139, .F. ) ;
#2768 = ORIENTED_EDGE ( 'NONE', *, *, #3126, .F. ) ;
#2769 = ORIENTED_EDGE ( 'NONE', *, *, #555, .F. ) ;
#2770 = AXIS2_PLACEMENT_3D ( 'NONE', #68, #1312, #4857 ) ;
#2771 = VERTEX_POINT ( 'NONE', #2699 ) ;
#2772 = VECTOR ( 'NONE', #4326, 39.37007874015748143 ) ;
#2773 = SURFACE_STYLE_USAGE ( .BOTH. , #4772 ) ;
#2774 = FACE_OUTER_BOUND ( 'NONE', #4273, .T. ) ;
#2775 = CARTESIAN_POINT ( 'NONE',  ( -0.1319999999999999785, 0.1433333333333333404, -0.1319999999999999785 ) ) ;
#2776 = CARTESIAN_POINT ( 'NONE',  ( 0.1649970392176944578, 0.01000000000000000021, -0.1219999999999999835 ) ) ;
#2777 = VECTOR ( 'NONE', #1813, 39.37007874015748143 ) ;
#2778 = EDGE_LOOP ( 'NONE', ( #2591, #5059, #2579, #3254 ) ) ;
#2779 = FILL_AREA_STYLE_COLOUR ( '', #2101 ) ;
#2780 = VERTEX_POINT ( 'NONE', #3509 ) ;
#2781 = AXIS2_PLACEMENT_3D ( 'NONE', #4488, #885, #496 ) ;
#2782 = LINE ( 'NONE', #44, #406 ) ;
#2783 = AXIS2_PLACEMENT_3D ( 'NONE', #2635, #2233, #236 ) ;
#2784 = FACE_OUTER_BOUND ( 'NONE', #245, .T. ) ;
#2785 = DIRECTION ( 'NONE',  ( -0.0000000000000000000, -1.000000000000000000, -0.0000000000000000000 ) ) ;
#2786 = VECTOR ( 'NONE', #3686, 39.37007874015748143 ) ;
#2787 = MECHANICAL_DESIGN_GEOMETRIC_PRESENTATION_REPRESENTATION (  '', ( #4300 ), #1599 ) ;
#2788 = VERTEX_POINT ( 'NONE', #5156 ) ;
#2789 = DIRECTION ( 'NONE',  ( -3.414809992080329516E-15, -1.000000000000000000, 0.0000000000000000000 ) ) ;
#2790 = CARTESIAN_POINT ( 'NONE',  ( 0.1219999999999994839, 0.02567333688023188190, -0.01199999999999999678 ) ) ;
#2791 = PLANE ( 'NONE',  #1790 ) ;
#2792 = CARTESIAN_POINT ( 'NONE',  ( 0.1411829972859962035, 0.02126754045964037235, 0.06100000004565745565 ) ) ;
#2793 = VERTEX_POINT ( 'NONE', #5131 ) ;
#2794 = PLANE ( 'NONE',  #164 ) ;
#2795 =( LENGTH_UNIT ( ) NAMED_UNIT ( * ) SI_UNIT ( $, .METRE. ) );
#2796 = ORIENTED_EDGE ( 'NONE', *, *, #1755, .T. ) ;
#2797 = ORIENTED_EDGE ( 'NONE', *, *, #4928, .T. ) ;
#2798 =( GEOMETRIC_REPRESENTATION_CONTEXT ( 3 ) GLOBAL_UNCERTAINTY_ASSIGNED_CONTEXT ( ( #1140 ) ) GLOBAL_UNIT_ASSIGNED_CONTEXT ( ( #2239, #1565, #3171 ) ) REPRESENTATION_CONTEXT ( 'NONE', 'WORKASPACE' ) );
#2799 = ORIENTED_EDGE ( 'NONE', *, *, #555, .T. ) ;
#2800 = EDGE_CURVE ( 'NONE', #10, #2052, #2442, .T. ) ;
#2801 = DIRECTION ( 'NONE',  ( -0.0000000000000000000, 0.0000000000000000000, 1.000000000000000000 ) ) ;
#2802 = CARTESIAN_POINT ( 'NONE',  ( 0.1119999999999999607, 0.1333333333333332482, 0.1319999999999999785 ) ) ;
#2803 = LINE ( 'NONE', #4775, #4555 ) ;
#2804 = VECTOR ( 'NONE', #3545, 39.37007874015748143 ) ;
#2805 = ORIENTED_EDGE ( 'NONE', *, *, #1654, .F. ) ;
#2806 = DIRECTION ( 'NONE',  ( 0.0000000000000000000, 0.0000000000000000000, 1.000000000000000000 ) ) ;
#2807 = VERTEX_POINT ( 'NONE', #4755 ) ;
#2808 = DIRECTION ( 'NONE',  ( 0.0000000000000000000, -0.9659258262890684232, -0.2588190451025202399 ) ) ;
#2809 = CARTESIAN_POINT ( 'NONE',  ( -0.1219999999999995116, 0.02567333688023188190, 0.06100000004565745565 ) ) ;
#2810 = CARTESIAN_POINT ( 'NONE',  ( -0.1541028830034117947, 0.02000000000000000042, -0.08500000004565745615 ) ) ;
#2811 =( NAMED_UNIT ( * ) PLANE_ANGLE_UNIT ( ) SI_UNIT ( $, .RADIAN. ) );
#2812 = DIRECTION ( 'NONE',  ( 1.000000000000000000, 0.0000000000000000000, 0.0000000000000000000 ) ) ;
#2813 = AXIS2_PLACEMENT_3D ( 'NONE', #2898, #1648, #811 ) ;
#2814 = DIRECTION ( 'NONE',  ( 0.0000000000000000000, -1.000000000000000000, 0.0000000000000000000 ) ) ;
#2815 = PLANE ( 'NONE',  #2813 ) ;
#2816 = EDGE_CURVE ( 'NONE', #2026, #2793, #1158, .T. ) ;
#2817 = ORIENTED_EDGE ( 'NONE', *, *, #1483, .F. ) ;
#2818 = UNCERTAINTY_MEASURE_WITH_UNIT (LENGTH_MEASURE( 1.000000000000000082E-05 ), #1469, 'distance_accuracy_value', 'NONE');
#2819 = CARTESIAN_POINT ( 'NONE',  ( -0.1328941562142821886, 0.01567333688023188343, 0.08500000004565745615 ) ) ;
#2820 = PLANE ( 'NONE',  #2387 ) ;
#2821 = ORIENTED_EDGE ( 'NONE', *, *, #2971, .F. ) ;
#2822 = ORIENTED_EDGE ( 'NONE', *, *, #1620, .T. ) ;
#2823 = CARTESIAN_POINT ( 'NONE',  ( 0.05000000000000000278, 0.07166666666666665630, -0.08199999999999998956 ) ) ;
#2824 = CARTESIAN_POINT ( 'NONE',  ( 0.0000000000000000000, 0.1433333333333333404, -0.1293205080756887337 ) ) ;
#2825 = EDGE_CURVE ( 'NONE', #234, #2488, #1486, .T. ) ;
#2826 = ORIENTED_EDGE ( 'NONE', *, *, #520, .F. ) ;
#2827 = PRESENTATION_STYLE_ASSIGNMENT (( #408 ) ) ;
#2828 = ORIENTED_EDGE ( 'NONE', *, *, #225, .T. ) ;
#2829 = CARTESIAN_POINT ( 'NONE',  ( -0.1404987072757753475, 0.004405796420591505218, -0.06099999999999999173 ) ) ;
#2830 = PLANE ( 'NONE',  #2287 ) ;
#2831 = ADVANCED_FACE ( 'NONE', ( #3571 ), #3944, .F. ) ;
#2832 = LINE ( 'NONE', #4861, #4328 ) ;
#2833 = DIRECTION ( 'NONE',  ( -0.0000000000000000000, -0.0000000000000000000, 1.000000000000000000 ) ) ;
#2834 = FACE_OUTER_BOUND ( 'NONE', #3759, .T. ) ;
#2835 = DIRECTION ( 'NONE',  ( 1.000000000000000000, 0.0000000000000000000, 0.0000000000000000000 ) ) ;
#2836 = FACE_OUTER_BOUND ( 'NONE', #1329, .T. ) ;
#2837 = STYLED_ITEM ( 'NONE', ( #135 ), #137 ) ;
#2838 = DIRECTION ( 'NONE',  ( 0.0000000000000000000, 0.0000000000000000000, -1.000000000000000000 ) ) ;
#2839 = CARTESIAN_POINT ( 'NONE',  ( 0.1119999999999999607, 0.1433333333333333404, -0.1119999999999999885 ) ) ;
#2840 = CYLINDRICAL_SURFACE ( 'NONE', #949, 0.009999999999999995004 ) ;
#2841 = PLANE ( 'NONE',  #1052 ) ;
#2842 = AXIS2_PLACEMENT_3D ( 'NONE', #1915, #1217, #1984 ) ;
#2843 = ORIENTED_EDGE ( 'NONE', *, *, #1472, .F. ) ;
#2844 = VERTEX_POINT ( 'NONE', #1225 ) ;
#2845 = ORIENTED_EDGE ( 'NONE', *, *, #2286, .F. ) ;
#2846 = LINE ( 'NONE', #2460, #4556 ) ;
#2847 = DIRECTION ( 'NONE',  ( -0.8288841071713997088, 0.5594203579408525417, 0.0000000000000000000 ) ) ;
#2848 = VECTOR ( 'NONE', #4308, 39.37007874015748143 ) ;
#2849 = DIRECTION ( 'NONE',  ( 1.000000000000000000, 0.0000000000000000000, 0.0000000000000000000 ) ) ;
#2850 = EDGE_CURVE ( 'NONE', #3084, #2052, #3027, .T. ) ;
#2851 = AXIS2_PLACEMENT_3D ( 'NONE', #3795, #3717, #4880 ) ;
#2852 = ORIENTED_EDGE ( 'NONE', *, *, #4134, .F. ) ;
#2853 = CARTESIAN_POINT ( 'NONE',  ( 0.01833333333333332302, 0.0000000000000000000, -0.09199999999999997069 ) ) ;
#2854 = EDGE_LOOP ( 'NONE', ( #1126, #2796, #34, #2208 ) ) ;
#2855 = DIRECTION ( 'NONE',  ( 0.0000000000000000000, -0.0000000000000000000, -1.000000000000000000 ) ) ;
#2856 = PLANE ( 'NONE',  #3595 ) ;
#2857 = VECTOR ( 'NONE', #1515, 39.37007874015748143 ) ;
#2858 = AXIS2_PLACEMENT_3D ( 'NONE', #4662, #665, #3882 ) ;
#2859 = DIRECTION ( 'NONE',  ( 0.5594203579408524307, 0.8288841071713995978, 0.0000000000000000000 ) ) ;
#2860 = DIRECTION ( 'NONE',  ( -0.0000000000000000000, -1.000000000000000000, -0.0000000000000000000 ) ) ;
#2861 = AXIS2_PLACEMENT_3D ( 'NONE', #2112, #906, #4106 ) ;
#2862 = ORIENTED_EDGE ( 'NONE', *, *, #3158, .T. ) ;
#2863 = CARTESIAN_POINT ( 'NONE',  ( 0.06650453896958853639, 0.2049999333333333562, -0.07650453896958855915 ) ) ;
#2864 = DIMENSIONAL_EXPONENTS ( 1.000000000000000000, 0.0000000000000000000, 0.0000000000000000000, 0.0000000000000000000, 0.0000000000000000000, 0.0000000000000000000, 0.0000000000000000000 ) ;
#2865 = FACE_OUTER_BOUND ( 'NONE', #2778, .T. ) ;
#2866 =( GEOMETRIC_REPRESENTATION_CONTEXT ( 3 ) GLOBAL_UNCERTAINTY_ASSIGNED_CONTEXT ( ( #2764 ) ) GLOBAL_UNIT_ASSIGNED_CONTEXT ( ( #2894, #3377, #2567 ) ) REPRESENTATION_CONTEXT ( 'NONE', 'WORKASPACE' ) );
#2867 = AXIS2_PLACEMENT_3D ( 'NONE', #4479, #2019, #4849 ) ;
#2868 = PRODUCT ( '4490FB7E-0BD2-40B7-AA48-13DE14620EA8', '4490FB7E-0BD2-40B7-AA48-13DE14620EA8', '', ( #3341 ) ) ;
#2869 = EDGE_CURVE ( 'NONE', #3386, #1558, #3991, .T. ) ;
#2870 = VECTOR ( 'NONE', #147, 39.37007874015748143 ) ;
#2871 = DIRECTION ( 'NONE',  ( 1.000000000000000000, -0.0000000000000000000, -0.0000000000000000000 ) ) ;
#2872 = DIRECTION ( 'NONE',  ( -1.000000000000000000, -0.0000000000000000000, -0.0000000000000000000 ) ) ;
#2873 = CARTESIAN_POINT ( 'NONE',  ( -0.07650453896958855915, 0.2149999333333333373, -0.07650453896958855915 ) ) ;
#2874 = VERTEX_POINT ( 'NONE', #876 ) ;
#2875 = EDGE_CURVE ( 'NONE', #3183, #4575, #3245, .T. ) ;
#2876 = ORIENTED_EDGE ( 'NONE', *, *, #4536, .T. ) ;
#2877 = CARTESIAN_POINT ( 'NONE',  ( 0.05000000000000000278, 0.0000000000000000000, 0.1419999999999996543 ) ) ;
#2878 = LENGTH_MEASURE_WITH_UNIT ( LENGTH_MEASURE( 0.02539999999999999897 ), #1945 );
#2879 = DIRECTION ( 'NONE',  ( 0.0000000000000000000, 0.0000000000000000000, 1.000000000000000000 ) ) ;
#2880 = AXIS2_PLACEMENT_3D ( 'NONE', #4592, #962, #4161 ) ;
#2881 = ADVANCED_FACE ( 'NONE', ( #2403 ), #1992, .F. ) ;
#2882 = EDGE_LOOP ( 'NONE', ( #2426, #1069, #1879, #3918 ) ) ;
#2883 = CARTESIAN_POINT ( 'NONE',  ( 0.1541028830034118224, 0.01000000000000000021, -0.01200000000000000198 ) ) ;
#2884 = EDGE_LOOP ( 'NONE', ( #1205, #362, #806, #1894 ) ) ;
#2885 = FILL_AREA_STYLE ('',( #2603 ) ) ;
#2886 = DIRECTION ( 'NONE',  ( 0.0000000000000000000, 0.0000000000000000000, -1.000000000000000000 ) ) ;
#2887 = VECTOR ( 'NONE', #2683, 39.37007874015748143 ) ;
#2888 = CARTESIAN_POINT ( 'NONE',  ( 0.01833333333333332302, 0.02000000000000000042, 0.07199999999999996680 ) ) ;
#2889 = LINE ( 'NONE', #2033, #4921 ) ;
#2890 = ORIENTED_EDGE ( 'NONE', *, *, #2520, .T. ) ;
#2891 = CARTESIAN_POINT ( 'NONE',  ( -0.06250000000000000000, 0.07166666666666667018, -0.07199999999999998068 ) ) ;
#2892 = CARTESIAN_POINT ( 'NONE',  ( 0.1404987072757753475, 0.004405796420591500881, -0.08500000004565745615 ) ) ;
#2893 = SURFACE_SIDE_STYLE ('',( #1294 ) ) ;
#2894 =( CONVERSION_BASED_UNIT ( 'INCH', #159 ) LENGTH_UNIT ( ) NAMED_UNIT ( #5036 ) );
#2895 = CARTESIAN_POINT ( 'NONE',  ( 0.05000000000000000278, 0.0000000000000000000, 0.1419999999999996543 ) ) ;
#2896 = CIRCLE ( 'NONE', #1623, 0.009999999999999995004 ) ;
#2897 = ADVANCED_FACE ( 'NONE', ( #4425 ), #3684, .T. ) ;
#2898 = CARTESIAN_POINT ( 'NONE',  ( 0.05000000000000000278, 0.01000000000000000021, 0.08199999999999998956 ) ) ;
#2899 = VECTOR ( 'NONE', #4841, 39.37007874015748143 ) ;
#2900 = CARTESIAN_POINT ( 'NONE',  ( 0.1219999999999994977, 0.02567333688023188190, 0.08500000004565745615 ) ) ;
#2901 = CARTESIAN_POINT ( 'NONE',  ( -0.05000000000000000278, 0.02000000000000000042, 0.08199999999999998956 ) ) ;
#2902 = DIRECTION ( 'NONE',  ( 0.0000000000000000000, 0.0000000000000000000, 1.000000000000000000 ) ) ;
#2903 = EDGE_CURVE ( 'NONE', #296, #3418, #2098, .T. ) ;
#2904 = VERTEX_POINT ( 'NONE', #2048 ) ;
#2905 = ORIENTED_EDGE ( 'NONE', *, *, #2663, .T. ) ;
#2906 = EDGE_LOOP ( 'NONE', ( #4495, #1800, #3820, #5042 ) ) ;
#2907 =( LENGTH_UNIT ( ) NAMED_UNIT ( * ) SI_UNIT ( $, .METRE. ) );
#2908 = CARTESIAN_POINT ( 'NONE',  ( -0.1649970392176944578, 0.01000000000000000021, -0.1219999999999999835 ) ) ;
#2909 = DIRECTION ( 'NONE',  ( 0.0000000000000000000, 0.0000000000000000000, 1.000000000000000000 ) ) ;
#2910 = VERTEX_POINT ( 'NONE', #1821 ) ;
#2911 = CARTESIAN_POINT ( 'NONE',  ( -0.1411829972859962035, 0.02126754045964037235, 0.01200000004565746244 ) ) ;
#2912 = DIRECTION ( 'NONE',  ( -1.530255967303269802E-15, -1.000000000000000000, 0.0000000000000000000 ) ) ;
#2913 = CARTESIAN_POINT ( 'NONE',  ( 0.1328941562142821886, 0.01567333688023188343, 0.06100000004565745565 ) ) ;
#2914 = ADVANCED_FACE ( 'NONE', ( #251 ), #2649, .T. ) ;
#2915 = ORIENTED_EDGE ( 'NONE', *, *, #320, .T. ) ;
#2916 = VERTEX_POINT ( 'NONE', #5023 ) ;
#2917 = LINE ( 'NONE', #184, #3109 ) ;
#2918 = CARTESIAN_POINT ( 'NONE',  ( -0.1219999999999994839, 0.02567333688023188190, -0.01199999999999999678 ) ) ;
#2919 = LINE ( 'NONE', #3425, #1878 ) ;
#2920 = EDGE_CURVE ( 'NONE', #1048, #601, #4230, .T. ) ;
#2921 = ADVANCED_FACE ( 'NONE', ( #5048 ), #1378, .T. ) ;
#2922 = CLOSED_SHELL ( 'NONE', ( #3796, #294, #3829, #716, #2694, #2953, #3899, #1109, #1952, #306, #760, #4636, #1923, #2337, #823, #1554, #3211, #969, #3758, #4310, #2216 ) ) ;
#2923 = CARTESIAN_POINT ( 'NONE',  ( -0.1293205080756887337, 0.1433333333333333404, 0.0000000000000000000 ) ) ;
#2924 = DIRECTION ( 'NONE',  ( -1.000000000000000000, 0.0000000000000000000, 0.0000000000000000000 ) ) ;
#2925 = EDGE_CURVE ( 'NONE', #3711, #1964, #4160, .T. ) ;
#2926 = FILL_AREA_STYLE ('',( #816 ) ) ;
#2927 = EDGE_LOOP ( 'NONE', ( #3689, #4400, #5104, #4912 ) ) ;
#2928 = PRESENTATION_LAYER_ASSIGNMENT (  '', '', ( #4954 ) ) ;
#2929 = EDGE_LOOP ( 'NONE', ( #4221, #4386, #3159, #2045 ) ) ;
#2930 = FACE_OUTER_BOUND ( 'NONE', #2178, .T. ) ;
#2931 = LINE ( 'NONE', #4530, #2083 ) ;
#2932 = SURFACE_STYLE_USAGE ( .BOTH. , #4915 ) ;
#2933 = CARTESIAN_POINT ( 'NONE',  ( -0.06650453896958856415, 0.1433333333333333404, -0.06650453896958856415 ) ) ;
#2934 = EDGE_CURVE ( 'NONE', #709, #4799, #2140, .T. ) ;
#2935 = AXIS2_PLACEMENT_3D ( 'NONE', #3683, #1280, #4507 ) ;
#2936 = VERTEX_POINT ( 'NONE', #935 ) ;
#2937 = AXIS2_PLACEMENT_3D ( 'NONE', #5073, #3813, #1449 ) ;
#2938 = CARTESIAN_POINT ( 'NONE',  ( -0.1411829972859962035, 0.02126754045964037235, 0.08500000004565745615 ) ) ;
#2939 = DIRECTION ( 'NONE',  ( 1.000000000000000000, -0.0000000000000000000, -0.0000000000000000000 ) ) ;
#2940 = CARTESIAN_POINT ( 'NONE',  ( 0.06650453896958855027, 0.2049999333333333562, 0.06650453896958853639 ) ) ;
#2941 = VECTOR ( 'NONE', #1240, 39.37007874015748143 ) ;
#2942 = ORIENTED_EDGE ( 'NONE', *, *, #2121, .T. ) ;
#2943 = VERTEX_POINT ( 'NONE', #3843 ) ;
#2944 = EDGE_CURVE ( 'NONE', #676, #7, #1402, .T. ) ;
#2945 = PLANE ( 'NONE',  #5067 ) ;
#2946 = ORIENTED_EDGE ( 'NONE', *, *, #3891, .T. ) ;
#2947 = DIRECTION ( 'NONE',  ( 0.0000000000000000000, 0.0000000000000000000, 1.000000000000000000 ) ) ;
#2948 = DIRECTION ( 'NONE',  ( -1.000000000000000000, -0.0000000000000000000, -0.0000000000000000000 ) ) ;
#2949 = AXIS2_PLACEMENT_3D ( 'NONE', #3429, #2617, #4269 ) ;
#2950 = FACE_OUTER_BOUND ( 'NONE', #1031, .T. ) ;
#2951 = DIRECTION ( 'NONE',  ( -1.000000000000000000, 0.0000000000000000000, 0.0000000000000000000 ) ) ;
#2952 = MECHANICAL_DESIGN_GEOMETRIC_PRESENTATION_REPRESENTATION (  '', ( #4723 ), #3378 ) ;
#2953 = ADVANCED_FACE ( 'NONE', ( #2161, #1847 ), #635, .T. ) ;
#2954 = DIRECTION ( 'NONE',  ( 1.000000000000000000, 0.0000000000000000000, 0.0000000000000000000 ) ) ;
#2955 = DIRECTION ( 'NONE',  ( -0.0000000000000000000, -8.537024980200811957E-16, 1.000000000000000000 ) ) ;
#2956 = VERTEX_POINT ( 'NONE', #146 ) ;
#2957 = VECTOR ( 'NONE', #2378, 39.37007874015748143 ) ;
#2958 = COLOUR_RGB ( '',0.6745098039215686736, 0.6745098039215686736, 0.6745098039215686736 ) ;
#2959 = ORIENTED_EDGE ( 'NONE', *, *, #3231, .T. ) ;
#2960 = ORIENTED_EDGE ( 'NONE', *, *, #1654, .T. ) ;
#2961 = CARTESIAN_POINT ( 'NONE',  ( -0.1220000000000004969, 0.4884014425523686143, -0.1219999999999999835 ) ) ;
#2962 = LINE ( 'NONE', #518, #2092 ) ;
#2963 = CARTESIAN_POINT ( 'NONE',  ( 0.1358676626300737711, 0.01126754045964036693, 0.08500000004565745615 ) ) ;
#2964 = EDGE_LOOP ( 'NONE', ( #377, #3220, #4111, #2975 ) ) ;
#2965 = EDGE_CURVE ( 'NONE', #4538, #3400, #1458, .T. ) ;
#2966 = CIRCLE ( 'NONE', #4228, 0.009999999999999995004 ) ;
#2967 = LINE ( 'NONE', #2911, #2279 ) ;
#2968 = DIRECTION ( 'NONE',  ( 0.0000000000000000000, 0.0000000000000000000, -1.000000000000000000 ) ) ;
#2969 = DIRECTION ( 'NONE',  ( 0.0000000000000000000, -0.0000000000000000000, -1.000000000000000000 ) ) ;
#2970 = VECTOR ( 'NONE', #2484, 39.37007874015748143 ) ;
#2971 = EDGE_CURVE ( 'NONE', #973, #2697, #24, .T. ) ;
#2972 = ORIENTED_EDGE ( 'NONE', *, *, #329, .F. ) ;
#2973 = EDGE_LOOP ( 'NONE', ( #4807, #697, #2546, #247, #1794, #85, #3431, #2392 ) ) ;
#2974 = CARTESIAN_POINT ( 'NONE',  ( -0.05000000000000000278, 0.01000000000000000021, -0.1419999999999996543 ) ) ;
#2975 = ORIENTED_EDGE ( 'NONE', *, *, #4953, .T. ) ;
#2976 = CARTESIAN_POINT ( 'NONE',  ( -0.01833333333333328138, 0.02000000000000000042, -0.08200000000000000344 ) ) ;
#2977 = DIRECTION ( 'NONE',  ( -1.000000000000000000, 0.0000000000000000000, -0.0000000000000000000 ) ) ;
#2978 = FACE_OUTER_BOUND ( 'NONE', #4697, .T. ) ;
#2979 = EDGE_CURVE ( 'NONE', #4747, #194, #4966, .T. ) ;
#2980 = AXIS2_PLACEMENT_3D ( 'NONE', #365, #4810, #2473 ) ;
#2981 = CARTESIAN_POINT ( 'NONE',  ( 0.1219999999999995116, 0.07166666666666667018, 0.1219999999999999835 ) ) ;
#2982 = CARTESIAN_POINT ( 'NONE',  ( 0.1458140419316977521, 0.01440579642059151150, 0.01200000004565746244 ) ) ;
#2983 = CARTESIAN_POINT ( 'NONE',  ( -0.1541028830034118224, 0.01000000000000000021, 0.01200000004565746244 ) ) ;
#2984 = EDGE_CURVE ( 'NONE', #3552, #2943, #4566, .T. ) ;
#2985 = ORIENTED_EDGE ( 'NONE', *, *, #4931, .F. ) ;
#2986 = ORIENTED_EDGE ( 'NONE', *, *, #5157, .T. ) ;
#2987 = UNCERTAINTY_MEASURE_WITH_UNIT (LENGTH_MEASURE( 1.000000000000000082E-05 ), #597, 'distance_accuracy_value', 'NONE');
#2988 = ORIENTED_EDGE ( 'NONE', *, *, #1620, .F. ) ;
#2989 = CARTESIAN_POINT ( 'NONE',  ( 0.05000000000000000278, 0.0000000000000000000, 0.1419999999999996543 ) ) ;
#2990 = CARTESIAN_POINT ( 'NONE',  ( 0.1541028830034118224, 0.01000000000000000021, -0.1219999999999999835 ) ) ;
#2991 = DIRECTION ( 'NONE',  ( -1.000000000000000000, 0.0000000000000000000, 0.0000000000000000000 ) ) ;
#2992 = ADVANCED_FACE ( 'NONE', ( #3392 ), #604, .F. ) ;
#2993 = ORIENTED_EDGE ( 'NONE', *, *, #1931, .T. ) ;
#2994 = DIRECTION ( 'NONE',  ( 0.0000000000000000000, -0.0000000000000000000, 1.000000000000000000 ) ) ;
#2995 = CARTESIAN_POINT ( 'NONE',  ( 0.1275788215583597562, 0.005673336880231876281, 0.06100000004565745565 ) ) ;
#2996 = EDGE_CURVE ( 'NONE', #2380, #370, #988, .T. ) ;
#2997 = CARTESIAN_POINT ( 'NONE',  ( 0.1319999999999999785, 0.07166666666666667018, 0.1119999999999999885 ) ) ;
#2998 = VERTEX_POINT ( 'NONE', #2195 ) ;
#2999 = ORIENTED_EDGE ( 'NONE', *, *, #3321, .F. ) ;
#3000 = FACE_OUTER_BOUND ( 'NONE', #3330, .T. ) ;
#3001 = DIRECTION ( 'NONE',  ( 0.0000000000000000000, 0.0000000000000000000, 1.000000000000000000 ) ) ;
#3002 = LINE ( 'NONE', #2612, #3888 ) ;
#3003 = FACE_OUTER_BOUND ( 'NONE', #5080, .T. ) ;
#3004 = CARTESIAN_POINT ( 'NONE',  ( -0.1411829972859962035, 0.02126754045964037235, -0.1219999999999999835 ) ) ;
#3005 = ORIENTED_EDGE ( 'NONE', *, *, #2736, .T. ) ;
#3006 = EDGE_LOOP ( 'NONE', ( #2106, #1422, #4463, #2070 ) ) ;
#3007 = VERTEX_POINT ( 'NONE', #3794 ) ;
#3008 = EDGE_CURVE ( 'NONE', #3745, #2740, #1796, .T. ) ;
#3009 = DIRECTION ( 'NONE',  ( -0.5594203579408524307, -0.8288841071713997088, 0.0000000000000000000 ) ) ;
#3010 = DIRECTION ( 'NONE',  ( 0.0000000000000000000, -0.0000000000000000000, 1.000000000000000000 ) ) ;
#3011 = DIRECTION ( 'NONE',  ( 3.414809992080329516E-15, 1.000000000000000000, 0.0000000000000000000 ) ) ;
#3012 = CARTESIAN_POINT ( 'NONE',  ( 0.1649970392176944856, 0.0000000000000000000, -0.1219999999999999835 ) ) ;
#3013 = ORIENTED_EDGE ( 'NONE', *, *, #1193, .T. ) ;
#3014 =( NAMED_UNIT ( * ) SI_UNIT ( $, .STERADIAN. ) SOLID_ANGLE_UNIT ( ) );
#3015 = CIRCLE ( 'NONE', #1004, 0.009999999999999995004 ) ;
#3016 = LINE ( 'NONE', #4600, #4383 ) ;
#3017 = ORIENTED_EDGE ( 'NONE', *, *, #4953, .F. ) ;
#3018 = VERTEX_POINT ( 'NONE', #3563 ) ;
#3019 = DIRECTION ( 'NONE',  ( -1.000000000000000000, -0.0000000000000000000, -0.0000000000000000000 ) ) ;
#3020 = ORIENTED_EDGE ( 'NONE', *, *, #2314, .F. ) ;
#3021 = DIRECTION ( 'NONE',  ( 1.000000000000000000, 0.0000000000000000000, 0.0000000000000000000 ) ) ;
#3022 = STYLED_ITEM ( 'NONE', ( #980 ), #1045 ) ;
#3023 = DIRECTION ( 'NONE',  ( -0.0000000000000000000, 0.0000000000000000000, 1.000000000000000000 ) ) ;
#3024 = VECTOR ( 'NONE', #3179, 39.37007874015748143 ) ;
#3025 = EDGE_CURVE ( 'NONE', #1432, #1823, #3535, .T. ) ;
#3026 = FACE_OUTER_BOUND ( 'NONE', #4395, .T. ) ;
#3027 = CIRCLE ( 'NONE', #1925, 0.009999999999999995004 ) ;
#3028 = AXIS2_PLACEMENT_3D ( 'NONE', #5061, #2704, #645 ) ;
#3029 = EDGE_CURVE ( 'NONE', #3501, #698, #5210, .T. ) ;
#3030 = ORIENTED_EDGE ( 'NONE', *, *, #4609, .F. ) ;
#3031 = ORIENTED_EDGE ( 'NONE', *, *, #1124, .T. ) ;
#3032 = PRESENTATION_LAYER_ASSIGNMENT (  '', '', ( #93 ) ) ;
#3033 = VERTEX_POINT ( 'NONE', #4680 ) ;
#3034 = LINE ( 'NONE', #250, #500 ) ;
#3035 = DIRECTION ( 'NONE',  ( 0.0000000000000000000, 0.0000000000000000000, 1.000000000000000000 ) ) ;
#3036 = CARTESIAN_POINT ( 'NONE',  ( -0.05000000000000000278, 0.07166666666666665630, -0.08199999999999998956 ) ) ;
#3037 = CARTESIAN_POINT ( 'NONE',  ( 0.05000000000000000278, 0.01000000000000000021, 0.08199999999999998956 ) ) ;
#3038 = VECTOR ( 'NONE', #1056, 39.37007874015748143 ) ;
#3039 = ORIENTED_EDGE ( 'NONE', *, *, #369, .T. ) ;
#3040 = CARTESIAN_POINT ( 'NONE',  ( 0.06250000000000000000, 0.07166666666666667018, -0.07199999999999998068 ) ) ;
#3041 = AXIS2_PLACEMENT_3D ( 'NONE', #1023, #177, #3851 ) ;
#3042 = CARTESIAN_POINT ( 'NONE',  ( -0.1275788215583597285, 0.01567333688023187302, -0.1219999999999999835 ) ) ;
#3043 = DIRECTION ( 'NONE',  ( 0.0000000000000000000, 0.0000000000000000000, 1.000000000000000000 ) ) ;
#3044 = ORIENTED_EDGE ( 'NONE', *, *, #3569, .T. ) ;
#3045 = VERTEX_POINT ( 'NONE', #807 ) ;
#3046 = LENGTH_MEASURE_WITH_UNIT ( LENGTH_MEASURE( 0.02539999999999999897 ), #1073 );
#3047 = DIRECTION ( 'NONE',  ( 1.000000000000000000, 0.0000000000000000000, 0.0000000000000000000 ) ) ;
#3048 = AXIS2_PLACEMENT_3D ( 'NONE', #2040, #481, #3647 ) ;
#3049 = DIRECTION ( 'NONE',  ( 0.0000000000000000000, 0.0000000000000000000, 1.000000000000000000 ) ) ;
#3050 = ADVANCED_FACE ( 'NONE', ( #3205 ), #4839, .T. ) ;
#3051 = MECHANICAL_DESIGN_GEOMETRIC_PRESENTATION_REPRESENTATION (  '', ( #287 ), #4394 ) ;
#3052 = DIRECTION ( 'NONE',  ( 0.0000000000000000000, 0.0000000000000000000, -1.000000000000000000 ) ) ;
#3053 = DIRECTION ( 'NONE',  ( 0.0000000000000000000, 0.0000000000000000000, 1.000000000000000000 ) ) ;
#3054 = DIRECTION ( 'NONE',  ( -0.0000000000000000000, -0.0000000000000000000, -1.000000000000000000 ) ) ;
#3055 = PLANE ( 'NONE',  #23 ) ;
#3056 = VECTOR ( 'NONE', #4868, 39.37007874015748143 ) ;
#3057 = EDGE_CURVE ( 'NONE', #4747, #3226, #1212, .T. ) ;
#3058 = VERTEX_POINT ( 'NONE', #2790 ) ;
#3059 = ORIENTED_EDGE ( 'NONE', *, *, #3628, .T. ) ;
#3060 = ORIENTED_EDGE ( 'NONE', *, *, #2903, .T. ) ;
#3061 = CARTESIAN_POINT ( 'NONE',  ( 0.1275788215583597285, 0.01567333688023187302, -0.06099999999999999173 ) ) ;
#3062 = EDGE_CURVE ( 'NONE', #1844, #2221, #1088, .T. ) ;
#3063 = DIRECTION ( 'NONE',  ( -0.5594203579408524307, 0.8288841071713997088, -0.0000000000000000000 ) ) ;
#3064 = PLANE ( 'NONE',  #13 ) ;
#3065 = VECTOR ( 'NONE', #762, 39.37007874015748143 ) ;
#3066 = ORIENTED_EDGE ( 'NONE', *, *, #2412, .T. ) ;
#3067 =( LENGTH_UNIT ( ) NAMED_UNIT ( * ) SI_UNIT ( $, .METRE. ) );
#3068 = AXIS2_PLACEMENT_3D ( 'NONE', #3636, #2441, #3560 ) ;
#3069 = DIRECTION ( 'NONE',  ( 0.0000000000000000000, 0.0000000000000000000, -1.000000000000000000 ) ) ;
#3070 = DIRECTION ( 'NONE',  ( 0.0000000000000000000, -1.000000000000000000, 0.0000000000000000000 ) ) ;
#3071 = ORIENTED_EDGE ( 'NONE', *, *, #2996, .F. ) ;
#3072 = FACE_OUTER_BOUND ( 'NONE', #873, .T. ) ;
#3073 = ORIENTED_EDGE ( 'NONE', *, *, #587, .F. ) ;
#3074 = DIRECTION ( 'NONE',  ( -0.0000000000000000000, -0.0000000000000000000, -1.000000000000000000 ) ) ;
#3075 =( NAMED_UNIT ( * ) PLANE_ANGLE_UNIT ( ) SI_UNIT ( $, .RADIAN. ) );
#3076 = SURFACE_STYLE_USAGE ( .BOTH. , #3475 ) ;
#3077 = FACE_OUTER_BOUND ( 'NONE', #4824, .T. ) ;
#3078 = CARTESIAN_POINT ( 'NONE',  ( -0.1275788215583597285, 0.01567333688023187302, -0.08500000004565745615 ) ) ;
#3079 = ADVANCED_FACE ( 'NONE', ( #5185 ), #2007, .F. ) ;
#3080 = DIRECTION ( 'NONE',  ( 0.5594203579408524307, -0.8288841071713997088, 0.0000000000000000000 ) ) ;
#3081 = CARTESIAN_POINT ( 'NONE',  ( -0.1120000000000000162, 0.1433333333333333404, -0.1293205080756887337 ) ) ;
#3082 = EDGE_CURVE ( 'NONE', #1924, #1823, #4175, .T. ) ;
#3083 = EDGE_LOOP ( 'NONE', ( #3304, #1091, #1865, #4973 ) ) ;
#3084 = VERTEX_POINT ( 'NONE', #594 ) ;
#3085 = CARTESIAN_POINT ( 'NONE',  ( -0.1219999999999995255, 0.01567333688023188343, -0.1219999999999999835 ) ) ;
#3086 = CARTESIAN_POINT ( 'NONE',  ( -0.1541028830034117947, 0.02000000000000000042, -0.1219999999999999835 ) ) ;
#3087 = EDGE_CURVE ( 'NONE', #1559, #2126, #978, .T. ) ;
#3088 = VERTEX_POINT ( 'NONE', #2181 ) ;
#3089 = FILL_AREA_STYLE ('',( #1485 ) ) ;
#3090 = EDGE_CURVE ( 'NONE', #3914, #3371, #106, .T. ) ;
#3091 = CARTESIAN_POINT ( 'NONE',  ( -0.1328941562142821886, 0.01567333688023188343, -0.08500000004565745615 ) ) ;
#3092 = CARTESIAN_POINT ( 'NONE',  ( 0.05000000000000000278, 0.0000000000000000000, -0.09199999999999995681 ) ) ;
#3093 = CARTESIAN_POINT ( 'NONE',  ( 0.1275788215583597285, 0.01567333688023187302, 0.08500000004565745615 ) ) ;
#3094 = CARTESIAN_POINT ( 'NONE',  ( 0.1219999999999995116, 0.02567333688023188190, 0.06100000004565745565 ) ) ;
#3095 = ORIENTED_EDGE ( 'NONE', *, *, #1883, .T. ) ;
#3096 = VECTOR ( 'NONE', #4808, 39.37007874015748143 ) ;
#3097 = CYLINDRICAL_SURFACE ( 'NONE', #4020, 0.01000000000000000368 ) ;
#3098 = ORIENTED_EDGE ( 'NONE', *, *, #4520, .T. ) ;
#3099 = FILL_AREA_STYLE ('',( #3608 ) ) ;
#3100 = CARTESIAN_POINT ( 'NONE',  ( -0.1649970392176944578, 0.01000000000000000021, -0.01200000000000000198 ) ) ;
#3101 = CARTESIAN_POINT ( 'NONE',  ( -0.05000000000000000278, 0.02000000000000000042, -0.08199999999999998956 ) ) ;
#3102 = EDGE_CURVE ( 'NONE', #3516, #800, #4151, .T. ) ;
#3103 = VECTOR ( 'NONE', #2954, 39.37007874015748143 ) ;
#3104 = VECTOR ( 'NONE', #3140, 39.37007874015748143 ) ;
#3105 = ORIENTED_EDGE ( 'NONE', *, *, #704, .T. ) ;
#3106 = PLANE ( 'NONE',  #1411 ) ;
#3107 = CARTESIAN_POINT ( 'NONE',  ( 0.1275788215583597285, 0.01567333688023187649, -0.1219999999999999835 ) ) ;
#3108 = STYLED_ITEM ( 'NONE', ( #4388 ), #2517 ) ;
#3109 = VECTOR ( 'NONE', #4091, 39.37007874015748143 ) ;
#3110 = CARTESIAN_POINT ( 'NONE',  ( -0.01833333333333328138, 0.01000000000000000021, 0.1019999999999999934 ) ) ;
#3111 = AXIS2_PLACEMENT_3D ( 'NONE', #2995, #3879, #3969 ) ;
#3112 = AXIS2_PLACEMENT_3D ( 'NONE', #2557, #881, #4143 ) ;
#3113 = ORIENTED_EDGE ( 'NONE', *, *, #2059, .T. ) ;
#3114 = B_SPLINE_CURVE_WITH_KNOTS ( 'NONE', 3,
 ( #936, #2077, #1691, #4681 ),
 .UNSPECIFIED., .F., .F.,
 ( 4, 4 ),
 ( 0.0000000000000000000, 1.000000000000000000 ),
 .UNSPECIFIED. ) ;
#3115 = LINE ( 'NONE', #2142, #2364 ) ;
#3116 = PRESENTATION_LAYER_ASSIGNMENT (  '', '', ( #2360 ) ) ;
#3117 = ADVANCED_FACE ( 'NONE', ( #475 ), #4124, .F. ) ;
#3118 = VECTOR ( 'NONE', #2879, 39.37007874015748143 ) ;
#3119 = CARTESIAN_POINT ( 'NONE',  ( 0.1404987072757753475, 0.004405796420591500881, -0.01200000000000000198 ) ) ;
#3120 = ORIENTED_EDGE ( 'NONE', *, *, #4931, .T. ) ;
#3121 = CARTESIAN_POINT ( 'NONE',  ( 0.05018797385280763385, 0.2149999333333333373, 0.03989828820229598949 ) ) ;
#3122 = ADVANCED_FACE ( 'NONE', ( #75 ), #2130, .T. ) ;
#3123 = FACE_OUTER_BOUND ( 'NONE', #3303, .T. ) ;
#3124 = ORIENTED_EDGE ( 'NONE', *, *, #1156, .T. ) ;
#3125 = CYLINDRICAL_SURFACE ( 'NONE', #4232, 0.009999999999999995004 ) ;
#3126 = EDGE_CURVE ( 'NONE', #709, #1048, #4026, .T. ) ;
#3127 = VECTOR ( 'NONE', #547, 39.37007874015748143 ) ;
#3128 = ORIENTED_EDGE ( 'NONE', *, *, #2155, .F. ) ;
#3129 = UNCERTAINTY_MEASURE_WITH_UNIT (LENGTH_MEASURE( 1.000000000000000082E-05 ), #4419, 'distance_accuracy_value', 'NONE');
#3130 = VECTOR ( 'NONE', #1933, 39.37007874015748143 ) ;
#3131 = CARTESIAN_POINT ( 'NONE',  ( -0.1219999999999994977, 0.02567333688023188190, -0.08500000004565745615 ) ) ;
#3132 = ADVANCED_FACE ( 'NONE', ( #2950 ), #4581, .T. ) ;
#3133 = DIRECTION ( 'NONE',  ( 0.0000000000000000000, -1.000000000000000000, 0.0000000000000000000 ) ) ;
#3134 = DIRECTION ( 'NONE',  ( -1.000000000000000000, 0.0000000000000000000, 0.0000000000000000000 ) ) ;
#3135 = ORIENTED_EDGE ( 'NONE', *, *, #1594, .T. ) ;
#3136 = ORIENTED_EDGE ( 'NONE', *, *, #2243, .T. ) ;
#3137 = EDGE_LOOP ( 'NONE', ( #1215, #3318, #1152, #4527 ) ) ;
#3138 = DIRECTION ( 'NONE',  ( 0.5594203579408524307, 0.8288841071713995978, 0.0000000000000000000 ) ) ;
#3139 = PLANE ( 'NONE',  #2192 ) ;
#3140 = DIRECTION ( 'NONE',  ( -0.0000000000000000000, 1.000000000000000000, -0.0000000000000000000 ) ) ;
#3141 = DIRECTION ( 'NONE',  ( -1.000000000000000000, 0.0000000000000000000, 0.0000000000000000000 ) ) ;
#3142 = EDGE_CURVE ( 'NONE', #5105, #5019, #3495, .T. ) ;
#3143 = PRESENTATION_LAYER_ASSIGNMENT (  '', '', ( #212 ) ) ;
#3144 = ORIENTED_EDGE ( 'NONE', *, *, #1150, .T. ) ;
#3145 = EDGE_CURVE ( 'NONE', #3483, #2780, #216, .T. ) ;
#3146 = ORIENTED_EDGE ( 'NONE', *, *, #22, .F. ) ;
#3147 = CARTESIAN_POINT ( 'NONE',  ( -0.1411829972859962035, 0.02126754045964037235, 0.06100000004565745565 ) ) ;
#3148 = CARTESIAN_POINT ( 'NONE',  ( 0.05000000000000000278, 0.0000000000000000000, 0.1419999999999996543 ) ) ;
#3149 = EDGE_CURVE ( 'NONE', #1062, #2874, #4666, .T. ) ;
#3150 = CARTESIAN_POINT ( 'NONE',  ( -0.01666666666666663521, 0.02000000000000000042, -0.08200000000000000344 ) ) ;
#3151 = CARTESIAN_POINT ( 'NONE',  ( -0.1219999999999995255, 0.02567333688023188190, -0.1219999999999999835 ) ) ;
#3152 = EDGE_CURVE ( 'NONE', #2771, #3045, #218, .T. ) ;
#3153 = CARTESIAN_POINT ( 'NONE',  ( -0.1220000000000004969, 0.07166666666666667018, -0.1219999999999999835 ) ) ;
#3154 = DIRECTION ( 'NONE',  ( -0.8288841071713998199, -0.5594203579408525417, 0.0000000000000000000 ) ) ;
#3155 = EDGE_LOOP ( 'NONE', ( #3066, #1942, #5021, #3738 ) ) ;
#3156 = DIRECTION ( 'NONE',  ( 0.0000000000000000000, 0.0000000000000000000, 1.000000000000000000 ) ) ;
#3157 = ORIENTED_EDGE ( 'NONE', *, *, #5003, .T. ) ;
#3158 = EDGE_CURVE ( 'NONE', #5105, #3919, #5070, .T. ) ;
#3159 = ORIENTED_EDGE ( 'NONE', *, *, #1036, .F. ) ;
#3160 = EDGE_LOOP ( 'NONE', ( #4183, #4922, #196, #3832, #3649, #1112, #235, #2746, #3244, #1466, #454, #4247 ) ) ;
#3161 = CARTESIAN_POINT ( 'NONE',  ( -0.1319999999999999785, 0.1333333333333332482, 0.1119999999999999885 ) ) ;
#3162 = CARTESIAN_POINT ( 'NONE',  ( -0.1487875483474893623, 0.01000000000000000021, 0.06100000004565745565 ) ) ;
#3163 = LINE ( 'NONE', #2776, #4110 ) ;
#3164 = CARTESIAN_POINT ( 'NONE',  ( -0.05000000000000000278, 0.02000000000000000042, -0.07199999999999998068 ) ) ;
#3165 = ORIENTED_EDGE ( 'NONE', *, *, #1594, .F. ) ;
#3166 = EDGE_CURVE ( 'NONE', #5020, #703, #2682, .T. ) ;
#3167 = ORIENTED_EDGE ( 'NONE', *, *, #900, .T. ) ;
#3168 = CARTESIAN_POINT ( 'NONE',  ( 0.1541028830034118224, 0.01000000000000000021, 0.08500000004565745615 ) ) ;
#3169 = LINE ( 'NONE', #4062, #2308 ) ;
#3170 = VECTOR ( 'NONE', #856, 39.37007874015748854 ) ;
#3171 =( NAMED_UNIT ( * ) SI_UNIT ( $, .STERADIAN. ) SOLID_ANGLE_UNIT ( ) );
#3172 = VECTOR ( 'NONE', #2394, 39.37007874015748143 ) ;
#3173 = FACE_OUTER_BOUND ( 'NONE', #2434, .T. ) ;
#3174 = EDGE_LOOP ( 'NONE', ( #880, #2711, #2346, #2425 ) ) ;
#3175 = EDGE_CURVE ( 'NONE', #421, #643, #1494, .T. ) ;
#3176 = UNCERTAINTY_MEASURE_WITH_UNIT (LENGTH_MEASURE( 1.000000000000000082E-05 ), #1539, 'distance_accuracy_value', 'NONE');
#3177 = DIRECTION ( 'NONE',  ( 0.0000000000000000000, 0.0000000000000000000, 1.000000000000000000 ) ) ;
#3178 = CARTESIAN_POINT ( 'NONE',  ( 0.1219999999999995116, 0.02567333688023188190, 0.06100000004565745565 ) ) ;
#3179 = DIRECTION ( 'NONE',  ( -1.000000000000000000, 0.0000000000000000000, 0.0000000000000000000 ) ) ;
#3180 =( CONVERSION_BASED_UNIT ( 'INCH', #5190 ) LENGTH_UNIT ( ) NAMED_UNIT ( #4353 ) );
#3181 = VECTOR ( 'NONE', #1851, 39.37007874015748143 ) ;
#3182 = VERTEX_POINT ( 'NONE', #2708 ) ;
#3183 = VERTEX_POINT ( 'NONE', #803 ) ;
#3184 = VECTOR ( 'NONE', #2734, 39.37007874015748143 ) ;
#3185 = ORIENTED_EDGE ( 'NONE', *, *, #869, .F. ) ;
#3186 = FILL_AREA_STYLE_COLOUR ( '', #4547 ) ;
#3187 = CARTESIAN_POINT ( 'NONE',  ( 0.05000000000000000278, 0.07166666666666667018, 0.07199999999999998068 ) ) ;
#3188 = DIRECTION ( 'NONE',  ( 0.0000000000000000000, 0.0000000000000000000, 1.000000000000000000 ) ) ;
#3189 = CARTESIAN_POINT ( 'NONE',  ( 0.1541028830034118224, 0.01000000000000000021, -0.1219999999999999835 ) ) ;
#3190 = EDGE_CURVE ( 'NONE', #286, #1360, #468, .T. ) ;
#3191 = VECTOR ( 'NONE', #120, 39.37007874015748143 ) ;
#3192 = AXIS2_PLACEMENT_3D ( 'NONE', #2891, #2150, #945 ) ;
#3193 = ORIENTED_EDGE ( 'NONE', *, *, #2293, .F. ) ;
#3194 = ORIENTED_EDGE ( 'NONE', *, *, #4218, .T. ) ;
#3195 = VECTOR ( 'NONE', #3584, 39.37007874015748143 ) ;
#3196 = CARTESIAN_POINT ( 'NONE',  ( 0.07650453896958853139, 0.2149999333333333373, -0.07650453896958855915 ) ) ;
#3197 = LINE ( 'NONE', #3978, #2090 ) ;
#3198 = VECTOR ( 'NONE', #173, 39.37007874015748143 ) ;
#3199 = ADVANCED_FACE ( 'NONE', ( #3283 ), #4892, .T. ) ;
#3200 = DIRECTION ( 'NONE',  ( 1.000000000000000000, 0.0000000000000000000, 0.0000000000000000000 ) ) ;
#3201 = EDGE_CURVE ( 'NONE', #3226, #3682, #3315, .T. ) ;
#3202 = LENGTH_MEASURE_WITH_UNIT ( LENGTH_MEASURE( 0.02539999999999999897 ), #1977 );
#3203 = CONICAL_SURFACE ( 'NONE', #4462, 0.01732050807568874529, 0.2617993877991496854 ) ;
#3204 = AXIS2_PLACEMENT_3D ( 'NONE', #919, #4123, #3293 ) ;
#3205 = FACE_OUTER_BOUND ( 'NONE', #3630, .T. ) ;
#3206 = LINE ( 'NONE', #2036, #1535 ) ;
#3207 = EDGE_CURVE ( 'NONE', #5166, #1173, #2605, .T. ) ;
#3208 = DIRECTION ( 'NONE',  ( 0.0000000000000000000, -1.000000000000000000, 0.0000000000000000000 ) ) ;
#3209 = ORIENTED_EDGE ( 'NONE', *, *, #1826, .F. ) ;
#3210 = PRESENTATION_LAYER_ASSIGNMENT (  '', '', ( #4042 ) ) ;
#3211 = ADVANCED_FACE ( 'NONE', ( #1777 ), #2657, .T. ) ;
#3212 = LINE ( 'NONE', #2742, #4290 ) ;
#3213 = ADVANCED_FACE ( 'NONE', ( #4687 ), #2170, .T. ) ;
#3214 = VECTOR ( 'NONE', #2789, 39.37007874015748143 ) ;
#3215 = DIRECTION ( 'NONE',  ( -1.000000000000000000, -1.384382429221754630E-16, 0.0000000000000000000 ) ) ;
#3216 = ORIENTED_EDGE ( 'NONE', *, *, #1397, .F. ) ;
#3217 = ORIENTED_EDGE ( 'NONE', *, *, #4246, .F. ) ;
#3218 = VECTOR ( 'NONE', #2568, 39.37007874015748143 ) ;
#3219 = ADVANCED_FACE ( 'NONE', ( #3828 ), #3203, .T. ) ;
#3220 = ORIENTED_EDGE ( 'NONE', *, *, #78, .T. ) ;
#3221 = SURFACE_STYLE_FILL_AREA ( #4531 ) ;
#3222 = DIRECTION ( 'NONE',  ( -0.8288841071713998199, -0.5594203579408525417, 0.0000000000000000000 ) ) ;
#3223 = CARTESIAN_POINT ( 'NONE',  ( 0.06250000000000001388, 0.01000000000000000021, -0.07199999999999998068 ) ) ;
#3224 = ORIENTED_EDGE ( 'NONE', *, *, #195, .F. ) ;
#3225 = CARTESIAN_POINT ( 'NONE',  ( 0.1219999999999994977, 0.07166666666666667018, -0.1219999999999999835 ) ) ;
#3226 = VERTEX_POINT ( 'NONE', #1387 ) ;
#3227 = FACE_OUTER_BOUND ( 'NONE', #1990, .T. ) ;
#3228 = FACE_OUTER_BOUND ( 'NONE', #2400, .T. ) ;
#3229 =( NAMED_UNIT ( * ) SI_UNIT ( $, .STERADIAN. ) SOLID_ANGLE_UNIT ( ) );
#3230 = CARTESIAN_POINT ( 'NONE',  ( -0.05000000000000000278, 0.07166666666666667018, 0.07199999999999998068 ) ) ;
#3231 = EDGE_CURVE ( 'NONE', #3968, #2998, #2281, .T. ) ;
#3232 = CARTESIAN_POINT ( 'NONE',  ( 0.1411829972859962035, 0.02126754045964037235, 0.08500000004565745615 ) ) ;
#3233 = LENGTH_MEASURE_WITH_UNIT ( LENGTH_MEASURE( 0.02539999999999999897 ), #1593 );
#3234 = CARTESIAN_POINT ( 'NONE',  ( -0.05000000000000000278, 0.0000000000000000000, -0.09199999999999997069 ) ) ;
#3235 = CARTESIAN_POINT ( 'NONE',  ( -0.1404987072757753475, 0.004405796420591500881, 0.08500000004565745615 ) ) ;
#3236 = CARTESIAN_POINT ( 'NONE',  ( -0.1411829972859962035, 0.02126754045964037235, -0.1219999999999999835 ) ) ;
#3237 = PLANE ( 'NONE',  #1842 ) ;
#3238 = DIRECTION ( 'NONE',  ( 0.0000000000000000000, 0.0000000000000000000, -1.000000000000000000 ) ) ;
#3239 = CARTESIAN_POINT ( 'NONE',  ( -0.1358676626300737711, 0.01126754045964036693, -0.08500000004565745615 ) ) ;
#3240 = CARTESIAN_POINT ( 'NONE',  ( -0.04999999999999999584, 0.01000000000000000021, -0.08200000000000000344 ) ) ;
#3241 = ORIENTED_EDGE ( 'NONE', *, *, #2238, .F. ) ;
#3242 = VERTEX_POINT ( 'NONE', #2677 ) ;
#3243 = EDGE_CURVE ( 'NONE', #4590, #4341, #4896, .T. ) ;
#3244 = ORIENTED_EDGE ( 'NONE', *, *, #2984, .F. ) ;
#3245 = LINE ( 'NONE', #517, #3191 ) ;
#3246 = LINE ( 'NONE', #435, #4987 ) ;
#3247 = ORIENTED_EDGE ( 'NONE', *, *, #2374, .T. ) ;
#3248 = EDGE_CURVE ( 'NONE', #2190, #4402, #100, .T. ) ;
#3249 = ORIENTED_EDGE ( 'NONE', *, *, #3739, .F. ) ;
#3250 = CARTESIAN_POINT ( 'NONE',  ( -0.1411829972859962035, 0.02126754045964037235, -0.06099999999999999173 ) ) ;
#3251 = CARTESIAN_POINT ( 'NONE',  ( 0.1487875483474893623, 0.01000000000000000021, -0.01200000000000000198 ) ) ;
#3252 = CARTESIAN_POINT ( 'NONE',  ( 0.1411829972859962035, 0.02126754045964037235, -0.01200000000000000198 ) ) ;
#3253 = CARTESIAN_POINT ( 'NONE',  ( 0.05000000000000000278, 0.01000000000000000021, -0.1419999999999996543 ) ) ;
#3254 = ORIENTED_EDGE ( 'NONE', *, *, #1452, .T. ) ;
#3255 = CYLINDRICAL_SURFACE ( 'NONE', #1245, 0.009999999999999995004 ) ;
#3256 = LINE ( 'NONE', #533, #275 ) ;
#3257 = DIRECTION ( 'NONE',  ( 1.000000000000000000, 0.0000000000000000000, 0.0000000000000000000 ) ) ;
#3258 = DIRECTION ( 'NONE',  ( 1.115884769084667169E-16, 0.0000000000000000000, 1.000000000000000000 ) ) ;
#3259 = AXIS2_PLACEMENT_3D ( 'NONE', #3473, #686, #5098 ) ;
#3260 = EDGE_CURVE ( 'NONE', #1146, #2593, #259, .T. ) ;
#3261 =( LENGTH_UNIT ( ) NAMED_UNIT ( * ) SI_UNIT ( $, .METRE. ) );
#3262 = CIRCLE ( 'NONE', #4863, 0.01732050807568874529 ) ;
#3263 = LINE ( 'NONE', #896, #3103 ) ;
#3264 = CARTESIAN_POINT ( 'NONE',  ( 0.1541028830034118224, 0.01000000000000000021, -0.06099999999999999173 ) ) ;
#3265 = CARTESIAN_POINT ( 'NONE',  ( 0.1487875483474893623, 0.01000000000000000021, -0.1219999999999999835 ) ) ;
#3266 = LINE ( 'NONE', #4046, #1799 ) ;
#3267 = DIMENSIONAL_EXPONENTS ( 1.000000000000000000, 0.0000000000000000000, 0.0000000000000000000, 0.0000000000000000000, 0.0000000000000000000, 0.0000000000000000000, 0.0000000000000000000 ) ;
#3268 = ORIENTED_EDGE ( 'NONE', *, *, #3201, .T. ) ;
#3269 = ORIENTED_EDGE ( 'NONE', *, *, #3062, .F. ) ;
#3270 = VERTEX_POINT ( 'NONE', #2997 ) ;
#3271 = DIRECTION ( 'NONE',  ( 0.0000000000000000000, 0.0000000000000000000, 1.000000000000000000 ) ) ;
#3272 = DIRECTION ( 'NONE',  ( 0.0000000000000000000, -0.9659258262890684232, -0.2588190451025202399 ) ) ;
#3273 =( CONVERSION_BASED_UNIT ( 'INCH', #4851 ) LENGTH_UNIT ( ) NAMED_UNIT ( #2081 ) );
#3274 = PRESENTATION_LAYER_ASSIGNMENT (  '', '', ( #4195 ) ) ;
#3275 = CARTESIAN_POINT ( 'NONE',  ( -0.01666666666666668378, 0.01000000000000000021, 0.1019999999999999934 ) ) ;
#3276 = CARTESIAN_POINT ( 'NONE',  ( 0.06650453896958855027, 0.1433333333333333404, 0.07650453896958853139 ) ) ;
#3277 = AXIS2_PLACEMENT_3D ( 'NONE', #1607, #3222, #774 ) ;
#3278 = VERTEX_POINT ( 'NONE', #1827 ) ;
#3279 = DIRECTION ( 'NONE',  ( -0.0000000000000000000, 1.000000000000000000, -0.0000000000000000000 ) ) ;
#3280 = ORIENTED_EDGE ( 'NONE', *, *, #3687, .T. ) ;
#3281 = CARTESIAN_POINT ( 'NONE',  ( 0.06650453896958853639, 0.2149999333333333373, -0.07650453896958855915 ) ) ;
#3282 = DIRECTION ( 'NONE',  ( 1.000000000000000000, 0.0000000000000000000, 0.0000000000000000000 ) ) ;
#3283 = FACE_OUTER_BOUND ( 'NONE', #2148, .T. ) ;
#3284 = AXIS2_PLACEMENT_3D ( 'NONE', #3452, #1475, #244 ) ;
#3285 = EDGE_CURVE ( 'NONE', #643, #4478, #4166, .T. ) ;
#3286 = DIRECTION ( 'NONE',  ( 1.000000000000000000, 0.0000000000000000000, 0.0000000000000000000 ) ) ;
#3287 = VECTOR ( 'NONE', #3848, 39.37007874015748143 ) ;
#3288 = AXIS2_PLACEMENT_3D ( 'NONE', #4406, #2027, #1582 ) ;
#3289 = ORIENTED_EDGE ( 'NONE', *, *, #2487, .F. ) ;
#3290 = DIRECTION ( 'NONE',  ( 1.000000000000000000, 0.0000000000000000000, 0.0000000000000000000 ) ) ;
#3291 = EDGE_CURVE ( 'NONE', #778, #3270, #4281, .T. ) ;
#3292 = CARTESIAN_POINT ( 'NONE',  ( 0.05000000000000000278, 0.07166666666666667018, 0.07199999999999998068 ) ) ;
#3293 = DIRECTION ( 'NONE',  ( -1.000000000000000000, 0.0000000000000000000, 1.115884769084666429E-16 ) ) ;
#3294 = DIRECTION ( 'NONE',  ( -0.0000000000000000000, 1.000000000000000000, -0.0000000000000000000 ) ) ;
#3295 = VECTOR ( 'NONE', #3763, 39.37007874015748143 ) ;
#3296 = CARTESIAN_POINT ( 'NONE',  ( -0.1275788215583597285, 0.01567333688023187302, -0.06099999999999999173 ) ) ;
#3297 = B_SPLINE_SURFACE_WITH_KNOTS ( 'NONE', 2, 3, ( 
 ( #701, #2303, #3897, #311 ),
 ( #3528, #3505, #5127, #1504 ),
 ( #5149, #3110, #1526, #4821 ) ),
 .UNSPECIFIED., .F., .F., .F.,
 ( 3, 3 ),
 ( 4, 4 ),
 ( 0.0000000000000000000, 1.000000000000000000 ),
 ( -0.002667000000000000100, 0.0001270000000000000241 ),
 .UNSPECIFIED. ) ;
#3298 = VECTOR ( 'NONE', #3070, 39.37007874015748143 ) ;
#3299 = CARTESIAN_POINT ( 'NONE',  ( 0.07650453896958853139, 0.1433333333333333404, -0.06650453896958856415 ) ) ;
#3300 = CARTESIAN_POINT ( 'NONE',  ( -0.1219999999999994977, 0.02567333688023188190, 0.01200000004565745897 ) ) ;
#3301 = LINE ( 'NONE', #2014, #3881 ) ;
#3302 = CARTESIAN_POINT ( 'NONE',  ( 0.1219999999999994839, 0.02567333688023188190, -0.01199999999999999678 ) ) ;
#3303 = EDGE_LOOP ( 'NONE', ( #4963, #2828, #2531, #1439 ) ) ;
#3304 = ORIENTED_EDGE ( 'NONE', *, *, #4943, .T. ) ;
#3305 = SURFACE_STYLE_FILL_AREA ( #874 ) ;
#3306 = EDGE_CURVE ( 'NONE', #2074, #370, #3016, .T. ) ;
#3307 =( GEOMETRIC_REPRESENTATION_CONTEXT ( 3 ) GLOBAL_UNCERTAINTY_ASSIGNED_CONTEXT ( ( #2717 ) ) GLOBAL_UNIT_ASSIGNED_CONTEXT ( ( #2241, #3816, #1758 ) ) REPRESENTATION_CONTEXT ( 'NONE', 'WORKASPACE' ) );
#3308 = LINE ( 'NONE', #2550, #169 ) ;
#3309 = CARTESIAN_POINT ( 'NONE',  ( -0.1293205080756887337, 0.1433333333333333404, -0.1119999999999999885 ) ) ;
#3310 = VECTOR ( 'NONE', #2759, 39.37007874015748143 ) ;
#3311 = VERTEX_POINT ( 'NONE', #3880 ) ;
#3312 = LINE ( 'NONE', #1357, #4452 ) ;
#3313 = DIRECTION ( 'NONE',  ( 0.0000000000000000000, -1.000000000000000000, 0.0000000000000000000 ) ) ;
#3314 = DIRECTION ( 'NONE',  ( 3.414809992080329516E-15, 1.000000000000000000, 0.0000000000000000000 ) ) ;
#3315 = LINE ( 'NONE', #584, #1930 ) ;
#3316 = AXIS2_PLACEMENT_3D ( 'NONE', #3517, #735, #2329 ) ;
#3317 = EDGE_CURVE ( 'NONE', #2904, #224, #4035, .T. ) ;
#3318 = ORIENTED_EDGE ( 'NONE', *, *, #1996, .T. ) ;
#3319 = VERTEX_POINT ( 'NONE', #614 ) ;
#3320 = DIRECTION ( 'NONE',  ( 0.0000000000000000000, -1.000000000000000000, 0.0000000000000000000 ) ) ;
#3321 = EDGE_CURVE ( 'NONE', #3058, #1029, #2231, .T. ) ;
#3322 = ORIENTED_EDGE ( 'NONE', *, *, #1801, .T. ) ;
#3323 = DIRECTION ( 'NONE',  ( 0.0000000000000000000, -1.000000000000000000, 0.0000000000000000000 ) ) ;
#3324 = CARTESIAN_POINT ( 'NONE',  ( 0.1487875483474893623, 0.0000000000000000000, -0.01199999999999999678 ) ) ;
#3325 = LINE ( 'NONE', #2450, #3557 ) ;
#3326 = EDGE_CURVE ( 'NONE', #2488, #4447, #5057, .T. ) ;
#3327 = CARTESIAN_POINT ( 'NONE',  ( 0.05018797385280763385, 0.2149999333333333373, 0.05018797385280814732 ) ) ;
#3328 = CARTESIAN_POINT ( 'NONE',  ( 0.1458140419316977521, 0.01440579642059151150, -0.01200000000000000198 ) ) ;
#3329 = CARTESIAN_POINT ( 'NONE',  ( -0.05000000000000000278, 0.01000000000000000021, -0.1019999999999999934 ) ) ;
#3330 = EDGE_LOOP ( 'NONE', ( #827, #3948, #2353, #2160 ) ) ;
#3331 = VERTEX_POINT ( 'NONE', #291 ) ;
#3332 = LENGTH_MEASURE_WITH_UNIT ( LENGTH_MEASURE( 0.02539999999999999897 ), #1307 );
#3333 = CARTESIAN_POINT ( 'NONE',  ( 0.1649970392176944578, 0.01000000000000000021, -0.08500000004565745615 ) ) ;
#3334 = CARTESIAN_POINT ( 'NONE',  ( -0.1649970392176944856, 0.0000000000000000000, 0.01200000004565745897 ) ) ;
#3335 = DIRECTION ( 'NONE',  ( -0.0000000000000000000, 1.000000000000000000, -0.0000000000000000000 ) ) ;
#3336 = EDGE_CURVE ( 'NONE', #1575, #4823, #5112, .T. ) ;
#3337 = ORIENTED_EDGE ( 'NONE', *, *, #4318, .T. ) ;
#3338 = FACE_OUTER_BOUND ( 'NONE', #4749, .T. ) ;
#3339 = DIRECTION ( 'NONE',  ( -0.0000000000000000000, 1.000000000000000000, -0.0000000000000000000 ) ) ;
#3340 = CARTESIAN_POINT ( 'NONE',  ( -0.1458140419316977521, 0.01440579642059151150, -0.1219999999999999835 ) ) ;
#3341 = PRODUCT_CONTEXT ( 'NONE', #1625, 'mechanical' ) ;
#3342 = ADVANCED_FACE ( 'NONE', ( #405 ), #361, .F. ) ;
#3343 = VERTEX_POINT ( 'NONE', #3904 ) ;
#3344 = LINE ( 'NONE', #213, #514 ) ;
#3345 = ORIENTED_EDGE ( 'NONE', *, *, #5062, .T. ) ;
#3346 = CARTESIAN_POINT ( 'NONE',  ( 0.1275788215583597562, 0.005673336880231876281, -0.1219999999999999835 ) ) ;
#3347 =( CONVERSION_BASED_UNIT ( 'INCH', #2446 ) LENGTH_UNIT ( ) NAMED_UNIT ( #1645 ) );
#3348 = DIRECTION ( 'NONE',  ( -0.5594203579408524307, 0.8288841071713995978, 0.0000000000000000000 ) ) ;
#3349 = DIMENSIONAL_EXPONENTS ( 1.000000000000000000, 0.0000000000000000000, 0.0000000000000000000, 0.0000000000000000000, 0.0000000000000000000, 0.0000000000000000000, 0.0000000000000000000 ) ;
#3350 = CYLINDRICAL_SURFACE ( 'NONE', #5206, 0.009999999999999995004 ) ;
#3351 = PLANE ( 'NONE',  #4711 ) ;
#3352 = FACE_OUTER_BOUND ( 'NONE', #5183, .T. ) ;
#3353 = DIRECTION ( 'NONE',  ( 0.0000000000000000000, 1.000000000000000000, 0.0000000000000000000 ) ) ;
#3354 = EDGE_CURVE ( 'NONE', #1392, #4187, #1946, .T. ) ;
#3355 = EDGE_LOOP ( 'NONE', ( #4136, #2201, #2362, #2821, #1443, #1741, #5159, #1373 ) ) ;
#3356 = AXIS2_PLACEMENT_3D ( 'NONE', #402, #2402, #4850 ) ;
#3357 = ORIENTED_EDGE ( 'NONE', *, *, #3158, .F. ) ;
#3358 = LINE ( 'NONE', #2877, #2339 ) ;
#3359 = CARTESIAN_POINT ( 'NONE',  ( 0.05000000000000000278, 0.01000000000000000021, -0.1020000000000000351 ) ) ;
#3360 = CARTESIAN_POINT ( 'NONE',  ( -0.07650453896958855915, 0.2049999333333333562, -0.06650453896958856415 ) ) ;
#3361 = FACE_OUTER_BOUND ( 'NONE', #396, .T. ) ;
#3362 = CARTESIAN_POINT ( 'NONE',  ( -0.1220000000000004969, 0.01000000000000000021, -0.1219999999999999835 ) ) ;
#3363 =( GEOMETRIC_REPRESENTATION_CONTEXT ( 3 ) GLOBAL_UNCERTAINTY_ASSIGNED_CONTEXT ( ( #351 ) ) GLOBAL_UNIT_ASSIGNED_CONTEXT ( ( #2111, #2548, #145 ) ) REPRESENTATION_CONTEXT ( 'NONE', 'WORKASPACE' ) );
#3364 = ORIENTED_EDGE ( 'NONE', *, *, #3376, .F. ) ;
#3365 = COLOUR_RGB ( '',0.6745098039215686736, 0.6745098039215686736, 0.6745098039215686736 ) ;
#3366 = CARTESIAN_POINT ( 'NONE',  ( 0.1404987072757753475, 0.004405796420591505218, -0.08500000004565745615 ) ) ;
#3367 = DIRECTION ( 'NONE',  ( -1.000000000000000000, 0.0000000000000000000, 0.0000000000000000000 ) ) ;
#3368 = SURFACE_STYLE_FILL_AREA ( #2604 ) ;
#3369 = EDGE_CURVE ( 'NONE', #3817, #3561, #1533, .T. ) ;
#3370 = CIRCLE ( 'NONE', #255, 0.01999999999999999001 ) ;
#3371 = VERTEX_POINT ( 'NONE', #2405 ) ;
#3372 = ORIENTED_EDGE ( 'NONE', *, *, #2934, .T. ) ;
#3373 = SURFACE_STYLE_USAGE ( .BOTH. , #4948 ) ;
#3374 = AXIS2_PLACEMENT_3D ( 'NONE', #2120, #4920, #97 ) ;
#3375 = LINE ( 'NONE', #2062, #3609 ) ;
#3376 = EDGE_CURVE ( 'NONE', #3681, #2788, #1149, .T. ) ;
#3377 =( NAMED_UNIT ( * ) PLANE_ANGLE_UNIT ( ) SI_UNIT ( $, .RADIAN. ) );
#3378 =( GEOMETRIC_REPRESENTATION_CONTEXT ( 3 ) GLOBAL_UNCERTAINTY_ASSIGNED_CONTEXT ( ( #3962 ) ) GLOBAL_UNIT_ASSIGNED_CONTEXT ( ( #2407, #1997, #1972 ) ) REPRESENTATION_CONTEXT ( 'NONE', 'WORKASPACE' ) );
#3379 = SURFACE_STYLE_USAGE ( .BOTH. , #895 ) ;
#3380 = DIRECTION ( 'NONE',  ( 0.0000000000000000000, -1.000000000000000000, 0.0000000000000000000 ) ) ;
#3381 = VECTOR ( 'NONE', #5117, 39.37007874015748143 ) ;
#3382 = AXIS2_PLACEMENT_3D ( 'NONE', #2401, #5153, #5195 ) ;
#3383 = DIRECTION ( 'NONE',  ( 0.0000000000000000000, 0.0000000000000000000, 1.000000000000000000 ) ) ;
#3384 = CARTESIAN_POINT ( 'NONE',  ( -0.1219999999999995255, 0.02567333688023188190, -0.1219999999999999835 ) ) ;
#3385 = DIMENSIONAL_EXPONENTS ( 1.000000000000000000, 0.0000000000000000000, 0.0000000000000000000, 0.0000000000000000000, 0.0000000000000000000, 0.0000000000000000000, 0.0000000000000000000 ) ;
#3386 = VERTEX_POINT ( 'NONE', #5199 ) ;
#3387 = AXIS2_PLACEMENT_3D ( 'NONE', #2163, #3435, #5050 ) ;
#3388 = EDGE_LOOP ( 'NONE', ( #2210, #2985, #323, #3529 ) ) ;
#3389 = VERTEX_POINT ( 'NONE', #3534 ) ;
#3390 = ADVANCED_FACE ( 'NONE', ( #1096 ), #2749, .T. ) ;
#3391 = CARTESIAN_POINT ( 'NONE',  ( -0.1275788215583597285, 0.01567333688023187302, 0.06100000004565745565 ) ) ;
#3392 = FACE_OUTER_BOUND ( 'NONE', #1914, .T. ) ;
#3393 = CARTESIAN_POINT ( 'NONE',  ( 0.1328941562142821886, 0.01567333688023188343, -0.1219999999999999835 ) ) ;
#3394 = CYLINDRICAL_SURFACE ( 'NONE', #4220, 0.01000000000000000368 ) ;
#3395 = EDGE_CURVE ( 'NONE', #1146, #709, #764, .T. ) ;
#3396 = EDGE_LOOP ( 'NONE', ( #1346, #1390, #3765, #3280, #1164, #2194, #1940, #3060, #165, #2260, #2601, #5201 ) ) ;
#3397 = CARTESIAN_POINT ( 'NONE',  ( 0.05000000000000000278, 0.0000000000000000000, 0.09199999999999995681 ) ) ;
#3398 = LINE ( 'NONE', #4229, #2005 ) ;
#3399 = VECTOR ( 'NONE', #3544, 39.37007874015748143 ) ;
#3400 = VERTEX_POINT ( 'NONE', #4334 ) ;
#3401 = ORIENTED_EDGE ( 'NONE', *, *, #3369, .T. ) ;
#3402 = CARTESIAN_POINT ( 'NONE',  ( 0.1119999999999999607, 0.1433333333333333404, 0.1119999999999999885 ) ) ;
#3403 = AXIS2_PLACEMENT_3D ( 'NONE', #276, #3154, #3080 ) ;
#3404 = ORIENTED_EDGE ( 'NONE', *, *, #3878, .T. ) ;
#3405 =( NAMED_UNIT ( * ) SI_UNIT ( $, .STERADIAN. ) SOLID_ANGLE_UNIT ( ) );
#3406 = DIRECTION ( 'NONE',  ( -1.000000000000000000, -1.530255967303269802E-15, 0.0000000000000000000 ) ) ;
#3407 = VECTOR ( 'NONE', #4445, 39.37007874015748143 ) ;
#3408 = CARTESIAN_POINT ( 'NONE',  ( -0.1458140419316977521, 0.01440579642059151150, 0.01200000004565746244 ) ) ;
#3409 = CARTESIAN_POINT ( 'NONE',  ( 0.1541028830034117947, 0.02000000000000000042, 0.08500000004565745615 ) ) ;
#3410 = EDGE_LOOP ( 'NONE', ( #1413, #1223, #4847, #2805 ) ) ;
#3411 = STYLED_ITEM ( 'NONE', ( #4601 ), #4428 ) ;
#3412 = ORIENTED_EDGE ( 'NONE', *, *, #2010, .F. ) ;
#3413 = ORIENTED_EDGE ( 'NONE', *, *, #2800, .T. ) ;
#3414 = CARTESIAN_POINT ( 'NONE',  ( -0.1120000000000000162, 0.1333333333333332482, -0.1319999999999999785 ) ) ;
#3415 = CARTESIAN_POINT ( 'NONE',  ( -0.1649970392176944578, 0.01000000000000000021, -0.1219999999999999835 ) ) ;
#3416 = PLANE ( 'NONE',  #4787 ) ;
#3417 = PLANE ( 'NONE',  #1358 ) ;
#3418 = VERTEX_POINT ( 'NONE', #1123 ) ;
#3419 = SURFACE_SIDE_STYLE ('',( #231 ) ) ;
#3420 = CARTESIAN_POINT ( 'NONE',  ( 0.1649970392176944856, 0.0000000000000000000, -0.1219999999999999835 ) ) ;
#3421 = LINE ( 'NONE', #1442, #609 ) ;
#3422 = ORIENTED_EDGE ( 'NONE', *, *, #2145, .F. ) ;
#3423 = CARTESIAN_POINT ( 'NONE',  ( 0.01833333333333331955, 0.02000000000000000042, -0.08200000000000000344 ) ) ;
#3424 = EDGE_CURVE ( 'NONE', #1844, #4092, #749, .T. ) ;
#3425 = CARTESIAN_POINT ( 'NONE',  ( -0.1220000000000004969, 0.07166666666666667018, -0.1219999999999999835 ) ) ;
#3426 = PRESENTATION_STYLE_ASSIGNMENT (( #4267 ) ) ;
#3427 = LINE ( 'NONE', #1059, #79 ) ;
#3428 = EDGE_CURVE ( 'NONE', #602, #4373, #2350, .T. ) ;
#3429 = CARTESIAN_POINT ( 'NONE',  ( 0.1487875483474893623, 0.01000000000000000021, -0.08500000004565745615 ) ) ;
#3430 = EDGE_LOOP ( 'NONE', ( #983, #5026, #491, #1685 ) ) ;
#3431 = ORIENTED_EDGE ( 'NONE', *, *, #2702, .T. ) ;
#3432 = ORIENTED_EDGE ( 'NONE', *, *, #4224, .T. ) ;
#3433 = PRESENTATION_LAYER_ASSIGNMENT (  '', '', ( #2837 ) ) ;
#3434 = DIRECTION ( 'NONE',  ( 0.0000000000000000000, 0.0000000000000000000, 1.000000000000000000 ) ) ;
#3435 = DIRECTION ( 'NONE',  ( 0.0000000000000000000, 0.0000000000000000000, 1.000000000000000000 ) ) ;
#3436 = EDGE_CURVE ( 'NONE', #1761, #119, #4802, .T. ) ;
#3437 = VERTEX_POINT ( 'NONE', #1200 ) ;
#3438 = FILL_AREA_STYLE_COLOUR ( '', #3458 ) ;
#3439 = CARTESIAN_POINT ( 'NONE',  ( -0.1649970392176944856, 0.0000000000000000000, -0.08500000004565745615 ) ) ;
#3440 = SURFACE_STYLE_USAGE ( .BOTH. , #4279 ) ;
#3441 = AXIS2_PLACEMENT_3D ( 'NONE', #199, #2596, #4274 ) ;
#3442 = CARTESIAN_POINT ( 'NONE',  ( 0.1219999999999995255, 0.02567333688023188190, -0.1219999999999999835 ) ) ;
#3443 = VECTOR ( 'NONE', #4416, 39.37007874015748143 ) ;
#3444 = ORIENTED_EDGE ( 'NONE', *, *, #2903, .F. ) ;
#3445 = PLANE ( 'NONE',  #3868 ) ;
#3446 = ORIENTED_EDGE ( 'NONE', *, *, #863, .T. ) ;
#3447 = CARTESIAN_POINT ( 'NONE',  ( 0.01666666666666666990, 0.0000000000000000000, 0.09199999999999997069 ) ) ;
#3448 = AXIS2_PLACEMENT_3D ( 'NONE', #1667, #2886, #3634 ) ;
#3449 = EDGE_CURVE ( 'NONE', #4734, #2135, #2803, .T. ) ;
#3450 = VECTOR ( 'NONE', #797, 39.37007874015748143 ) ;
#3451 = LENGTH_MEASURE_WITH_UNIT ( LENGTH_MEASURE( 0.02539999999999999897 ), #4721 );
#3452 = CARTESIAN_POINT ( 'NONE',  ( 0.1293205080756887337, 0.1433333333333333404, 0.0000000000000000000 ) ) ;
#3453 = DIRECTION ( 'NONE',  ( 0.0000000000000000000, 1.000000000000000000, 0.0000000000000000000 ) ) ;
#3454 = VECTOR ( 'NONE', #1122, 39.37007874015748143 ) ;
#3455 = VECTOR ( 'NONE', #1421, 39.37007874015748143 ) ;
#3456 = VERTEX_POINT ( 'NONE', #3923 ) ;
#3457 = EDGE_LOOP ( 'NONE', ( #384, #2705, #2284, #720 ) ) ;
#3458 = COLOUR_RGB ( '',0.6745098039215686736, 0.6745098039215686736, 0.6745098039215686736 ) ;
#3459 = ORIENTED_EDGE ( 'NONE', *, *, #2367, .T. ) ;
#3460 = LINE ( 'NONE', #283, #5132 ) ;
#3461 = CARTESIAN_POINT ( 'NONE',  ( -0.1120000000000000162, 0.1433333333333333404, 0.1293205080756887337 ) ) ;
#3462 = FACE_OUTER_BOUND ( 'NONE', #4602, .T. ) ;
#3463 = LINE ( 'NONE', #989, #852 ) ;
#3464 = VECTOR ( 'NONE', #1068, 39.37007874015748143 ) ;
#3465 =( GEOMETRIC_REPRESENTATION_CONTEXT ( 3 ) GLOBAL_UNCERTAINTY_ASSIGNED_CONTEXT ( ( #1455 ) ) GLOBAL_UNIT_ASSIGNED_CONTEXT ( ( #3943, #4826, #3533 ) ) REPRESENTATION_CONTEXT ( 'NONE', 'WORKASPACE' ) );
#3466 = VERTEX_POINT ( 'NONE', #4404 ) ;
#3467 = PLANE ( 'NONE',  #4976 ) ;
#3468 = CARTESIAN_POINT ( 'NONE',  ( -0.06650453896958856415, 0.2149999333333333373, -0.06650453896958856415 ) ) ;
#3469 = DIRECTION ( 'NONE',  ( -0.0000000000000000000, -0.0000000000000000000, -1.000000000000000000 ) ) ;
#3470 = AXIS2_PLACEMENT_3D ( 'NONE', #3709, #55, #3591 ) ;
#3471 = CARTESIAN_POINT ( 'NONE',  ( 0.0000000000000000000, 0.2049999333333333562, -0.06650453896958856415 ) ) ;
#3472 = ORIENTED_EDGE ( 'NONE', *, *, #3755, .F. ) ;
#3473 = CARTESIAN_POINT ( 'NONE',  ( 0.1219999999999994977, 0.4884014425523686143, -0.1219999999999999835 ) ) ;
#3474 =( NAMED_UNIT ( * ) SI_UNIT ( $, .STERADIAN. ) SOLID_ANGLE_UNIT ( ) );
#3475 = SURFACE_SIDE_STYLE ('',( #948 ) ) ;
#3476 = CIRCLE ( 'NONE', #1939, 0.01000000000000000368 ) ;
#3477 = CARTESIAN_POINT ( 'NONE',  ( 0.1487875483474893623, 0.01000000000000000021, -0.1219999999999999835 ) ) ;
#3478 = SURFACE_STYLE_FILL_AREA ( #2665 ) ;
#3479 = LINE ( 'NONE', #223, #929 ) ;
#3480 = VECTOR ( 'NONE', #447, 39.37007874015748143 ) ;
#3481 = EDGE_LOOP ( 'NONE', ( #4257, #1144, #214, #462 ) ) ;
#3482 = VERTEX_POINT ( 'NONE', #798 ) ;
#3483 = VERTEX_POINT ( 'NONE', #3223 ) ;
#3484 = DIRECTION ( 'NONE',  ( 0.0000000000000000000, 0.0000000000000000000, 1.000000000000000000 ) ) ;
#3485 = DIRECTION ( 'NONE',  ( 0.0000000000000000000, 0.0000000000000000000, 1.000000000000000000 ) ) ;
#3486 = FACE_OUTER_BOUND ( 'NONE', #4287, .T. ) ;
#3487 = PRESENTATION_LAYER_ASSIGNMENT (  '', '', ( #1304 ) ) ;
#3488 = VERTEX_POINT ( 'NONE', #2305 ) ;
#3489 = CARTESIAN_POINT ( 'NONE',  ( -0.05000000000000000278, 0.02000000000000000042, 0.08199999999999998956 ) ) ;
#3490 = DIRECTION ( 'NONE',  ( 1.000000000000000000, 0.0000000000000000000, 0.0000000000000000000 ) ) ;
#3491 = CARTESIAN_POINT ( 'NONE',  ( 0.1319999999999999785, 0.1433333333333333404, 0.1119999999999999885 ) ) ;
#3492 = EDGE_CURVE ( 'NONE', #3493, #4222, #5150, .T. ) ;
#3493 = VERTEX_POINT ( 'NONE', #1509 ) ;
#3494 = DIRECTION ( 'NONE',  ( 0.0000000000000000000, 0.0000000000000000000, 1.000000000000000000 ) ) ;
#3495 = LINE ( 'NONE', #688, #3038 ) ;
#3496 = DIRECTION ( 'NONE',  ( -1.000000000000000000, -0.0000000000000000000, -0.0000000000000000000 ) ) ;
#3497 = EDGE_CURVE ( 'NONE', #1971, #3456, #3115, .T. ) ;
#3498 = CARTESIAN_POINT ( 'NONE',  ( 0.1649970392176944578, 0.01000000000000000021, -0.06099999999999999173 ) ) ;
#3499 = DIMENSIONAL_EXPONENTS ( 1.000000000000000000, 0.0000000000000000000, 0.0000000000000000000, 0.0000000000000000000, 0.0000000000000000000, 0.0000000000000000000, 0.0000000000000000000 ) ;
#3500 = DIRECTION ( 'NONE',  ( 1.000000000000000000, -0.0000000000000000000, -0.0000000000000000000 ) ) ;
#3501 = VERTEX_POINT ( 'NONE', #460 ) ;
#3502 = VERTEX_POINT ( 'NONE', #3276 ) ;
#3503 = FILL_AREA_STYLE ('',( #1377 ) ) ;
#3504 = FACE_OUTER_BOUND ( 'NONE', #2149, .T. ) ;
#3505 = CARTESIAN_POINT ( 'NONE',  ( -0.01833333333333327445, 0.01000000000000000021, 0.08200000000000000344 ) ) ;
#3506 = EDGE_CURVE ( 'NONE', #2221, #3400, #1227, .T. ) ;
#3507 = DIRECTION ( 'NONE',  ( 0.0000000000000000000, 0.0000000000000000000, 1.000000000000000000 ) ) ;
#3508 = ORIENTED_EDGE ( 'NONE', *, *, #2391, .F. ) ;
#3509 = CARTESIAN_POINT ( 'NONE',  ( 0.06250000000000000000, 0.07166666666666667018, -0.07199999999999998068 ) ) ;
#3510 = DIMENSIONAL_EXPONENTS ( 1.000000000000000000, 0.0000000000000000000, 0.0000000000000000000, 0.0000000000000000000, 0.0000000000000000000, 0.0000000000000000000, 0.0000000000000000000 ) ;
#3511 = CARTESIAN_POINT ( 'NONE',  ( 0.06250000000000000000, 0.07166666666666667018, 0.07199999999999998068 ) ) ;
#3512 = VECTOR ( 'NONE', #3981, 39.37007874015748143 ) ;
#3513 = AXIS2_PLACEMENT_3D ( 'NONE', #3091, #3069, #1094 ) ;
#3514 = EDGE_CURVE ( 'NONE', #4493, #3761, #3703, .T. ) ;
#3515 = CARTESIAN_POINT ( 'NONE',  ( -0.06650453896958855027, 0.2149999333333333373, 0.06650453896958853639 ) ) ;
#3516 = VERTEX_POINT ( 'NONE', #3309 ) ;
#3517 = CARTESIAN_POINT ( 'NONE',  ( -0.1328941562142821886, 0.01567333688023188343, 0.06100000004565745565 ) ) ;
#3518 = VECTOR ( 'NONE', #61, 39.37007874015748143 ) ;
#3519 = ORIENTED_EDGE ( 'NONE', *, *, #2412, .F. ) ;
#3520 = DIRECTION ( 'NONE',  ( -1.000000000000000000, -0.0000000000000000000, -0.0000000000000000000 ) ) ;
#3521 = VECTOR ( 'NONE', #2569, 39.37007874015748143 ) ;
#3522 = CARTESIAN_POINT ( 'NONE',  ( -0.1219999999999995255, 0.02567333688023188190, -0.1219999999999999835 ) ) ;
#3523 = VECTOR ( 'NONE', #2955, 39.37007874015748143 ) ;
#3524 = ORIENTED_EDGE ( 'NONE', *, *, #3175, .T. ) ;
#3525 = ADVANCED_FACE ( 'NONE', ( #4107 ), #1309, .F. ) ;
#3526 =( GEOMETRIC_REPRESENTATION_CONTEXT ( 3 ) GLOBAL_UNCERTAINTY_ASSIGNED_CONTEXT ( ( #3176 ) ) GLOBAL_UNIT_ASSIGNED_CONTEXT ( ( #1539, #4409, #3559 ) ) REPRESENTATION_CONTEXT ( 'NONE', 'WORKASPACE' ) );
#3527 = CIRCLE ( 'NONE', #2949, 0.009999999999999995004 ) ;
#3528 = CARTESIAN_POINT ( 'NONE',  ( -0.05500000000000000028, 0.01000000000000000021, 0.08200000000000000344 ) ) ;
#3529 = ORIENTED_EDGE ( 'NONE', *, *, #3424, .F. ) ;
#3530 = AXIS2_PLACEMENT_3D ( 'NONE', #2084, #4083, #854 ) ;
#3531 = EDGE_LOOP ( 'NONE', ( #4158, #3966, #3713, #1194 ) ) ;
#3532 = EDGE_CURVE ( 'NONE', #4510, #4222, #3613, .T. ) ;
#3533 =( NAMED_UNIT ( * ) SI_UNIT ( $, .STERADIAN. ) SOLID_ANGLE_UNIT ( ) );
#3534 = CARTESIAN_POINT ( 'NONE',  ( 0.1319999999999999785, 0.07166666666666667018, -0.1119999999999999885 ) ) ;
#3535 = CIRCLE ( 'NONE', #4118, 0.009999999999999995004 ) ;
#3536 = COLOUR_RGB ( '',0.7529411764705882248, 0.7529411764705882248, 0.7529411764705882248 ) ;
#3537 = EDGE_CURVE ( 'NONE', #5019, #3371, #4025, .T. ) ;
#3538 = FILL_AREA_STYLE ('',( #2779 ) ) ;
#3539 = ORIENTED_EDGE ( 'NONE', *, *, #1706, .T. ) ;
#3540 =( LENGTH_UNIT ( ) NAMED_UNIT ( * ) SI_UNIT ( $, .METRE. ) );
#3541 = CYLINDRICAL_SURFACE ( 'NONE', #28, 0.009999999999999995004 ) ;
#3542 = STYLED_ITEM ( 'NONE', ( #1118 ), #3796 ) ;
#3543 = B_SPLINE_CURVE_WITH_KNOTS ( 'NONE', 3,
 ( #1272, #4500, #926, #2133 ),
 .UNSPECIFIED., .F., .F.,
 ( 4, 4 ),
 ( 0.0000000000000000000, 1.000000000000000000 ),
 .UNSPECIFIED. ) ;
#3544 = DIRECTION ( 'NONE',  ( -0.0000000000000000000, -0.0000000000000000000, 1.000000000000000000 ) ) ;
#3545 = DIRECTION ( 'NONE',  ( 0.0000000000000000000, 0.0000000000000000000, 1.000000000000000000 ) ) ;
#3546 = EDGE_CURVE ( 'NONE', #2653, #2595, #2464, .T. ) ;
#3547 = UNCERTAINTY_MEASURE_WITH_UNIT (LENGTH_MEASURE( 1.000000000000000082E-05 ), #1736, 'distance_accuracy_value', 'NONE');
#3548 = AXIS2_PLACEMENT_3D ( 'NONE', #4238, #1131, #3887 ) ;
#3549 = DIRECTION ( 'NONE',  ( -1.000000000000000000, 3.414809992080329516E-15, 0.0000000000000000000 ) ) ;
#3550 = CARTESIAN_POINT ( 'NONE',  ( -0.1220000000000004969, 0.07166666666666667018, 0.1219999999999999835 ) ) ;
#3551 = EDGE_CURVE ( 'NONE', #331, #732, #3743, .T. ) ;
#3552 = VERTEX_POINT ( 'NONE', #519 ) ;
#3553 = VERTEX_POINT ( 'NONE', #3718 ) ;
#3554 = LINE ( 'NONE', #459, #1919 ) ;
#3555 = AXIS2_PLACEMENT_3D ( 'NONE', #4873, #452, #842 ) ;
#3556 = EDGE_LOOP ( 'NONE', ( #4157, #642, #4456, #2988 ) ) ;
#3557 = VECTOR ( 'NONE', #4468, 39.37007874015748143 ) ;
#3558 = EDGE_LOOP ( 'NONE', ( #1819, #4759, #570, #4909 ) ) ;
#3559 =( NAMED_UNIT ( * ) SI_UNIT ( $, .STERADIAN. ) SOLID_ANGLE_UNIT ( ) );
#3560 = DIRECTION ( 'NONE',  ( -0.5594203579408524307, -0.8288841071713997088, 0.0000000000000000000 ) ) ;
#3561 = VERTEX_POINT ( 'NONE', #4534 ) ;
#3562 = CARTESIAN_POINT ( 'NONE',  ( 0.1219999999999994839, 0.0000000000000000000, -0.06099999999999999173 ) ) ;
#3563 = CARTESIAN_POINT ( 'NONE',  ( 0.06650453896958855027, 0.2049999333333333562, 0.07650453896958853139 ) ) ;
#3564 = LINE ( 'NONE', #2448, #4663 ) ;
#3565 = EDGE_CURVE ( 'NONE', #4478, #4427, #851, .T. ) ;
#3566 = EDGE_LOOP ( 'NONE', ( #330, #1895, #2406, #1983 ) ) ;
#3567 = VERTEX_POINT ( 'NONE', #2551 ) ;
#3568 = EDGE_LOOP ( 'NONE', ( #3691, #4254, #1809, #1134 ) ) ;
#3569 = EDGE_CURVE ( 'NONE', #2234, #57, #2543, .T. ) ;
#3570 = DIRECTION ( 'NONE',  ( 0.0000000000000000000, 0.0000000000000000000, -1.000000000000000000 ) ) ;
#3571 = FACE_OUTER_BOUND ( 'NONE', #3574, .T. ) ;
#3572 = CARTESIAN_POINT ( 'NONE',  ( 0.06650453896958855027, 0.2049999333333333562, 0.06650453896958853639 ) ) ;
#3573 = DIRECTION ( 'NONE',  ( 0.0000000000000000000, -1.000000000000000000, 0.0000000000000000000 ) ) ;
#3574 = EDGE_LOOP ( 'NONE', ( #1958, #4737, #2586, #984 ) ) ;
#3575 = CARTESIAN_POINT ( 'NONE',  ( 0.1275788215583597285, 0.01567333688023187649, -0.1219999999999999835 ) ) ;
#3576 = VERTEX_POINT ( 'NONE', #4482 ) ;
#3577 = FACE_OUTER_BOUND ( 'NONE', #1468, .T. ) ;
#3578 = PLANE ( 'NONE',  #682 ) ;
#3579 = CLOSED_SHELL ( 'NONE', ( #4710, #3050, #375, #1170, #51, #2173, #2897, #4929, #2024, #3916, #4586, #1300, #2554, #2640 ) ) ;
#3580 = FACE_OUTER_BOUND ( 'NONE', #3396, .T. ) ;
#3581 =( GEOMETRIC_REPRESENTATION_CONTEXT ( 3 ) GLOBAL_UNCERTAINTY_ASSIGNED_CONTEXT ( ( #1818 ) ) GLOBAL_UNIT_ASSIGNED_CONTEXT ( ( #553, #1287, #4197 ) ) REPRESENTATION_CONTEXT ( 'NONE', 'WORKASPACE' ) );
#3582 = EDGE_CURVE ( 'NONE', #2780, #2673, #1692, .T. ) ;
#3583 = ORIENTED_EDGE ( 'NONE', *, *, #3248, .F. ) ;
#3584 = DIRECTION ( 'NONE',  ( 0.0000000000000000000, 0.0000000000000000000, 1.000000000000000000 ) ) ;
#3585 = AXIS2_PLACEMENT_3D ( 'NONE', #4369, #2012, #3177 ) ;
#3586 = CARTESIAN_POINT ( 'NONE',  ( 0.0000000000000000000, 0.1433333333333333404, -0.1293205080756887337 ) ) ;
#3587 = EDGE_CURVE ( 'NONE', #3740, #4187, #1932, .T. ) ;
#3588 = ORIENTED_EDGE ( 'NONE', *, *, #1291, .T. ) ;
#3589 = EDGE_CURVE ( 'NONE', #37, #3007, #822, .T. ) ;
#3590 =( CONVERSION_BASED_UNIT ( 'INCH', #5189 ) LENGTH_UNIT ( ) NAMED_UNIT ( #1409 ) );
#3591 = DIRECTION ( 'NONE',  ( 0.0000000000000000000, -0.0000000000000000000, 1.000000000000000000 ) ) ;
#3592 = AXIS2_PLACEMENT_3D ( 'NONE', #4347, #1549, #4766 ) ;
#3593 = ORIENTED_EDGE ( 'NONE', *, *, #1036, .T. ) ;
#3594 = ORIENTED_EDGE ( 'NONE', *, *, #4688, .F. ) ;
#3595 = AXIS2_PLACEMENT_3D ( 'NONE', #2030, #4890, #45 ) ;
#3596 = COLOUR_RGB ( '',0.2980392156862745057, 0.2980392156862745057, 0.2980392156862745057 ) ;
#3597 = FILL_AREA_STYLE ('',( #4021 ) ) ;
#3598 = CYLINDRICAL_SURFACE ( 'NONE', #1831, 0.01999999999999999001 ) ;
#3599 =( LENGTH_UNIT ( ) NAMED_UNIT ( * ) SI_UNIT ( $, .METRE. ) );
#3600 = DIRECTION ( 'NONE',  ( -1.000000000000000000, -0.0000000000000000000, 0.0000000000000000000 ) ) ;
#3601 = DIRECTION ( 'NONE',  ( 0.0000000000000000000, 0.0000000000000000000, 1.000000000000000000 ) ) ;
#3602 = AXIS2_PLACEMENT_3D ( 'NONE', #1022, #583, #2582 ) ;
#3603 = ORIENTED_EDGE ( 'NONE', *, *, #2613, .T. ) ;
#3604 = LINE ( 'NONE', #1611, #3781 ) ;
#3605 = ORIENTED_EDGE ( 'NONE', *, *, #5139, .T. ) ;
#3606 = VECTOR ( 'NONE', #2691, 39.37007874015748143 ) ;
#3607 = FACE_OUTER_BOUND ( 'NONE', #1735, .T. ) ;
#3608 = FILL_AREA_STYLE_COLOUR ( '', #4535 ) ;
#3609 = VECTOR ( 'NONE', #3668, 39.37007874015748143 ) ;
#3610 = B_SPLINE_SURFACE_WITH_KNOTS ( 'NONE', 2, 3, ( 
 ( #3749, #2888, #4489, #2525 ),
 ( #970, #616, #2584, #886 ),
 ( #2560, #556, #4167, #585 ) ),
 .UNSPECIFIED., .F., .F., .F.,
 ( 3, 3 ),
 ( 4, 4 ),
 ( 0.0000000000000000000, 1.000000000000000000 ),
 ( -0.0001270000000000000241, 0.002667000000000000100 ),
 .UNSPECIFIED. ) ;
#3611 = CARTESIAN_POINT ( 'NONE',  ( -0.1275788215583597562, 0.005673336880231876281, 0.06100000004565745565 ) ) ;
#3612 = EDGE_CURVE ( 'NONE', #2316, #4661, #3246, .T. ) ;
#3613 = CIRCLE ( 'NONE', #4126, 0.009999999999999995004 ) ;
#3614 = DIRECTION ( 'NONE',  ( 0.0000000000000000000, 0.0000000000000000000, 1.000000000000000000 ) ) ;
#3615 = CARTESIAN_POINT ( 'NONE',  ( 0.1219999999999994977, 0.0000000000000000000, 0.08500000004565745615 ) ) ;
#3616 = LINE ( 'NONE', #535, #411 ) ;
#3617 = DIRECTION ( 'NONE',  ( 0.0000000000000000000, -0.0000000000000000000, 1.000000000000000000 ) ) ;
#3618 = EDGE_CURVE ( 'NONE', #2593, #4799, #4054, .T. ) ;
#3619 = SURFACE_STYLE_USAGE ( .BOTH. , #2318 ) ;
#3620 = DIRECTION ( 'NONE',  ( 0.8288841071713997088, 0.5594203579408525417, -0.0000000000000000000 ) ) ;
#3621 = COLOUR_RGB ( '',1.000000000000000000, 1.000000000000000000, 1.000000000000000000 ) ;
#3622 = PLANE ( 'NONE',  #3555 ) ;
#3623 = ORIENTED_EDGE ( 'NONE', *, *, #579, .F. ) ;
#3624 = ORIENTED_EDGE ( 'NONE', *, *, #2015, .F. ) ;
#3625 = AXIS2_PLACEMENT_3D ( 'NONE', #1907, #1517, #299 ) ;
#3626 = ORIENTED_EDGE ( 'NONE', *, *, #1299, .F. ) ;
#3627 = DIRECTION ( 'NONE',  ( 0.0000000000000000000, 0.0000000000000000000, 1.000000000000000000 ) ) ;
#3628 = EDGE_CURVE ( 'NONE', #2936, #4402, #63, .T. ) ;
#3629 = DIRECTION ( 'NONE',  ( 1.000000000000000000, -8.537024980200826748E-16, 0.0000000000000000000 ) ) ;
#3630 = EDGE_LOOP ( 'NONE', ( #1071, #210, #1228, #2959 ) ) ;
#3631 = VECTOR ( 'NONE', #1976, 39.37007874015748143 ) ;
#3632 = ORIENTED_EDGE ( 'NONE', *, *, #1626, .F. ) ;
#3633 = CARTESIAN_POINT ( 'NONE',  ( 0.1219999999999995255, 0.01567333688023188343, -0.1219999999999999835 ) ) ;
#3634 = DIRECTION ( 'NONE',  ( -1.000000000000000000, 0.0000000000000000000, -0.0000000000000000000 ) ) ;
#3635 = SURFACE_STYLE_FILL_AREA ( #3953 ) ;
#3636 = CARTESIAN_POINT ( 'NONE',  ( -0.1404987072757753475, 0.004405796420591505218, -0.1219999999999999835 ) ) ;
#3637 =( GEOMETRIC_REPRESENTATION_CONTEXT ( 3 ) GLOBAL_UNCERTAINTY_ASSIGNED_CONTEXT ( ( #4677 ) ) GLOBAL_UNIT_ASSIGNED_CONTEXT ( ( #1209, #4000, #831 ) ) REPRESENTATION_CONTEXT ( 'NONE', 'WORKASPACE' ) );
#3638 = ORIENTED_EDGE ( 'NONE', *, *, #4668, .T. ) ;
#3639 = ORIENTED_EDGE ( 'NONE', *, *, #2475, .T. ) ;
#3640 = DIRECTION ( 'NONE',  ( 0.5594203579408524307, 0.8288841071713997088, 0.0000000000000000000 ) ) ;
#3641 = CARTESIAN_POINT ( 'NONE',  ( 0.1541028830034117947, 0.02000000000000000042, -0.1219999999999999835 ) ) ;
#3642 = LINE ( 'NONE', #785, #637 ) ;
#3643 = DIRECTION ( 'NONE',  ( 0.5594203579408524307, 0.8288841071713995978, 0.0000000000000000000 ) ) ;
#3644 = CARTESIAN_POINT ( 'NONE',  ( -0.1404987072757753475, 0.004405796420591505218, -0.1219999999999999835 ) ) ;
#3645 = DIRECTION ( 'NONE',  ( 0.0000000000000000000, 0.0000000000000000000, -1.000000000000000000 ) ) ;
#3646 = LINE ( 'NONE', #505, #2433 ) ;
#3647 = DIRECTION ( 'NONE',  ( 0.0000000000000000000, -0.0000000000000000000, 1.000000000000000000 ) ) ;
#3648 = SURFACE_STYLE_USAGE ( .BOTH. , #507 ) ;
#3649 = ORIENTED_EDGE ( 'NONE', *, *, #1755, .F. ) ;
#3650 = ORIENTED_EDGE ( 'NONE', *, *, #4072, .F. ) ;
#3651 = EDGE_LOOP ( 'NONE', ( #2222, #888, #66, #848 ) ) ;
#3652 = EDGE_CURVE ( 'NONE', #1638, #3501, #3463, .T. ) ;
#3653 = CARTESIAN_POINT ( 'NONE',  ( 0.05000000000000000278, 0.01000000000000000021, 0.1419999999999996543 ) ) ;
#3654 =( CONVERSION_BASED_UNIT ( 'INCH', #2878 ) LENGTH_UNIT ( ) NAMED_UNIT ( #76 ) );
#3655 = DIRECTION ( 'NONE',  ( -1.000000000000000000, -0.0000000000000000000, 0.0000000000000000000 ) ) ;
#3656 = EDGE_CURVE ( 'NONE', #3182, #197, #2626, .T. ) ;
#3657 = ORIENTED_EDGE ( 'NONE', *, *, #2307, .T. ) ;
#3658 = LINE ( 'NONE', #3366, #2443 ) ;
#3659 = EDGE_LOOP ( 'NONE', ( #2521, #4562, #265, #4142 ) ) ;
#3660 = DIRECTION ( 'NONE',  ( 0.0000000000000000000, -1.000000000000000000, 0.0000000000000000000 ) ) ;
#3661 = FACE_OUTER_BOUND ( 'NONE', #975, .T. ) ;
#3662 = DIRECTION ( 'NONE',  ( -3.414809992080329516E-15, -1.000000000000000000, 0.0000000000000000000 ) ) ;
#3663 = DIRECTION ( 'NONE',  ( 0.0000000000000000000, 0.0000000000000000000, 1.000000000000000000 ) ) ;
#3664 = LINE ( 'NONE', #3230, #3902 ) ;
#3665 = EDGE_CURVE ( 'NONE', #3682, #2752, #2651, .T. ) ;
#3666 = ORIENTED_EDGE ( 'NONE', *, *, #1633, .T. ) ;
#3667 = CARTESIAN_POINT ( 'NONE',  ( 0.07650453896958853139, 0.2149999333333333373, -0.06650453896958856415 ) ) ;
#3668 = DIRECTION ( 'NONE',  ( -0.0000000000000000000, -1.000000000000000000, 0.0000000000000000000 ) ) ;
#3669 = CARTESIAN_POINT ( 'NONE',  ( 0.05000000000000000278, 0.0000000000000000000, 0.0000000000000000000 ) ) ;
#3670 = CARTESIAN_POINT ( 'NONE',  ( -0.1219999999999994977, 0.02567333688023188190, 0.08500000004565745615 ) ) ;
#3671 = CARTESIAN_POINT ( 'NONE',  ( 0.1649970392176944856, 0.0000000000000000000, -0.1219999999999999835 ) ) ;
#3672 = CLOSED_SHELL ( 'NONE', ( #2743, #4785, #4689, #2542, #1006, #419, #401, #4674, #527, #4266, #3219, #3525, #1715, #126, #1786, #3719, #1935, #1961 ) ) ;
#3673 = EDGE_CURVE ( 'NONE', #4075, #3791, #2600, .T. ) ;
#3674 = EDGE_CURVE ( 'NONE', #4092, #4170, #4276, .T. ) ;
#3675 = VECTOR ( 'NONE', #828, 39.37007874015748143 ) ;
#3676 = DIRECTION ( 'NONE',  ( 1.000000000000000000, 0.0000000000000000000, 0.0000000000000000000 ) ) ;
#3677 = DIRECTION ( 'NONE',  ( 0.0000000000000000000, 0.0000000000000000000, 1.000000000000000000 ) ) ;
#3678 = VECTOR ( 'NONE', #4965, 39.37007874015748143 ) ;
#3679 = ORIENTED_EDGE ( 'NONE', *, *, #2920, .T. ) ;
#3680 = EDGE_CURVE ( 'NONE', #2724, #2771, #4283, .T. ) ;
#3681 = VERTEX_POINT ( 'NONE', #1798 ) ;
#3682 = VERTEX_POINT ( 'NONE', #202 ) ;
#3683 = CARTESIAN_POINT ( 'NONE',  ( 0.05018797385280763385, 0.2139999333333333364, 0.05018797385280814732 ) ) ;
#3684 = PLANE ( 'NONE',  #932 ) ;
#3685 = PRESENTATION_LAYER_ASSIGNMENT (  '', '', ( #3022 ) ) ;
#3686 = DIRECTION ( 'NONE',  ( -0.0000000000000000000, -0.0000000000000000000, 1.000000000000000000 ) ) ;
#3687 = EDGE_CURVE ( 'NONE', #4888, #763, #624, .T. ) ;
#3688 = VECTOR ( 'NONE', #815, 39.37007874015748143 ) ;
#3689 = ORIENTED_EDGE ( 'NONE', *, *, #2138, .F. ) ;
#3690 = DIRECTION ( 'NONE',  ( -0.2588190451025217942, 0.9659258262890679791, 0.0000000000000000000 ) ) ;
#3691 = ORIENTED_EDGE ( 'NONE', *, *, #992, .T. ) ;
#3692 = PLANE ( 'NONE',  #1326 ) ;
#3693 = PLANE ( 'NONE',  #3374 ) ;
#3694 =( GEOMETRIC_REPRESENTATION_CONTEXT ( 3 ) GLOBAL_UNCERTAINTY_ASSIGNED_CONTEXT ( ( #4186 ) ) GLOBAL_UNIT_ASSIGNED_CONTEXT ( ( #3273, #2021, #4936 ) ) REPRESENTATION_CONTEXT ( 'NONE', 'WORKASPACE' ) );
#3695 = VECTOR ( 'NONE', #3019, 39.37007874015748143 ) ;
#3696 = EDGE_LOOP ( 'NONE', ( #5180, #4048, #2573, #3269, #4684, #1780, #3508, #1657, #990, #2257, #1771, #5046 ) ) ;
#3697 = ORIENTED_EDGE ( 'NONE', *, *, #2520, .F. ) ;
#3698 = DIRECTION ( 'NONE',  ( -0.5594203579408524307, 0.8288841071713997088, -0.0000000000000000000 ) ) ;
#3699 = DIRECTION ( 'NONE',  ( -1.000000000000000000, 0.0000000000000000000, 0.0000000000000000000 ) ) ;
#3700 = FACE_OUTER_BOUND ( 'NONE', #2151, .T. ) ;
#3701 = CARTESIAN_POINT ( 'NONE',  ( 0.05000000000000000278, 0.07166666666666667018, -0.07199999999999998068 ) ) ;
#3702 = CARTESIAN_POINT ( 'NONE',  ( -0.1411829972859962035, 0.02126754045964037235, 0.06100000004565745565 ) ) ;
#3703 = CIRCLE ( 'NONE', #354, 0.009999999999999995004 ) ;
#3704 =( NAMED_UNIT ( * ) SI_UNIT ( $, .STERADIAN. ) SOLID_ANGLE_UNIT ( ) );
#3705 = CARTESIAN_POINT ( 'NONE',  ( 0.1219999999999994977, 0.4884014425523686143, -0.1219999999999999835 ) ) ;
#3706 = ADVANCED_FACE ( 'NONE', ( #1822 ), #3064, .T. ) ;
#3707 = DIRECTION ( 'NONE',  ( 0.0000000000000000000, 0.0000000000000000000, 1.000000000000000000 ) ) ;
#3708 = CARTESIAN_POINT ( 'NONE',  ( 0.1219999999999995116, 0.02567333688023188190, 0.06100000004565745565 ) ) ;
#3709 = CARTESIAN_POINT ( 'NONE',  ( 0.1541028830034118224, 0.01000000000000000021, -0.1219999999999999835 ) ) ;
#3710 = CARTESIAN_POINT ( 'NONE',  ( 0.1219999999999995255, 0.02567333688023188190, -0.1219999999999999835 ) ) ;
#3711 = VERTEX_POINT ( 'NONE', #1018 ) ;
#3712 = ORIENTED_EDGE ( 'NONE', *, *, #2374, .F. ) ;
#3713 = ORIENTED_EDGE ( 'NONE', *, *, #1177, .F. ) ;
#3714 = DIRECTION ( 'NONE',  ( -0.0000000000000000000, -0.0000000000000000000, 1.000000000000000000 ) ) ;
#3715 = CARTESIAN_POINT ( 'NONE',  ( 0.05000000000000000278, 0.0000000000000000000, -0.09199999999999995681 ) ) ;
#3716 = CARTESIAN_POINT ( 'NONE',  ( -0.1220000000000004969, 0.4884014425523686143, -0.1219999999999999835 ) ) ;
#3717 = DIRECTION ( 'NONE',  ( -0.0000000000000000000, -1.000000000000000000, -0.0000000000000000000 ) ) ;
#3718 = CARTESIAN_POINT ( 'NONE',  ( -0.1649970392176944856, 0.0000000000000000000, -0.06099999999999999173 ) ) ;
#3719 = ADVANCED_FACE ( 'NONE', ( #4969 ), #3417, .F. ) ;
#3720 = COLOUR_RGB ( '',0.7529411764705882248, 0.7529411764705882248, 0.7529411764705882248 ) ;
#3721 = ORIENTED_EDGE ( 'NONE', *, *, #4396, .F. ) ;
#3722 = DIRECTION ( 'NONE',  ( -9.857707340795023766E-16, 0.0000000000000000000, -1.000000000000000000 ) ) ;
#3723 = LINE ( 'NONE', #3340, #260 ) ;
#3724 = VERTEX_POINT ( 'NONE', #2963 ) ;
#3725 = EDGE_LOOP ( 'NONE', ( #540, #4563, #5031, #2660 ) ) ;
#3726 =( LENGTH_UNIT ( ) NAMED_UNIT ( * ) SI_UNIT ( $, .METRE. ) );
#3727 = ORIENTED_EDGE ( 'NONE', *, *, #338, .T. ) ;
#3728 = DIRECTION ( 'NONE',  ( 0.0000000000000000000, -1.000000000000000000, 0.0000000000000000000 ) ) ;
#3729 = FACE_OUTER_BOUND ( 'NONE', #4526, .T. ) ;
#3730 = CARTESIAN_POINT ( 'NONE',  ( 0.1411829972859962035, 0.02126754045964037235, -0.1219999999999999835 ) ) ;
#3731 = FACE_OUTER_BOUND ( 'NONE', #3659, .T. ) ;
#3732 = CARTESIAN_POINT ( 'NONE',  ( 0.1411829972859962035, 0.02126754045964037235, -0.01200000000000000198 ) ) ;
#3733 = VECTOR ( 'NONE', #2860, 39.37007874015748143 ) ;
#3734 = FACE_OUTER_BOUND ( 'NONE', #4678, .T. ) ;
#3735 = CARTESIAN_POINT ( 'NONE',  ( -0.05000000000000000278, 0.07166666666666665630, 0.08199999999999998956 ) ) ;
#3736 = LINE ( 'NONE', #1342, #1365 ) ;
#3737 = B_SPLINE_CURVE_WITH_KNOTS ( 'NONE', 3,
 ( #3397, #2522, #910, #4940 ),
 .UNSPECIFIED., .F., .F.,
 ( 4, 4 ),
 ( 0.0000000000000000000, 1.000000000000000000 ),
 .UNSPECIFIED. ) ;
#3738 = ORIENTED_EDGE ( 'NONE', *, *, #5102, .T. ) ;
#3739 = EDGE_CURVE ( 'NONE', #2998, #937, #229, .T. ) ;
#3740 = VERTEX_POINT ( 'NONE', #4163 ) ;
#3741 = ORIENTED_EDGE ( 'NONE', *, *, #4147, .T. ) ;
#3742 = CARTESIAN_POINT ( 'NONE',  ( 0.04999999999999999584, 0.01000000000000000021, -0.08200000000000000344 ) ) ;
#3743 = LINE ( 'NONE', #4881, #2786 ) ;
#3744 = ADVANCED_FACE ( 'NONE', ( #4621 ), #577, .F. ) ;
#3745 = VERTEX_POINT ( 'NONE', #3764 ) ;
#3746 = PLANE ( 'NONE',  #4 ) ;
#3747 = DIRECTION ( 'NONE',  ( 0.0000000000000000000, 0.0000000000000000000, -1.000000000000000000 ) ) ;
#3748 = CARTESIAN_POINT ( 'NONE',  ( -0.1649970392176944578, 0.01000000000000000021, 0.01200000004565746244 ) ) ;
#3749 = CARTESIAN_POINT ( 'NONE',  ( 0.05500000000000000028, 0.02000000000000000042, 0.07199999999999996680 ) ) ;
#3750 = EDGE_LOOP ( 'NONE', ( #4057, #3345, #1011, #2608 ) ) ;
#3751 = EDGE_LOOP ( 'NONE', ( #143, #1887, #4477, #2687 ) ) ;
#3752 = DIRECTION ( 'NONE',  ( 0.0000000000000000000, 0.0000000000000000000, -1.000000000000000000 ) ) ;
#3753 = SURFACE_SIDE_STYLE ('',( #1726 ) ) ;
#3754 = CARTESIAN_POINT ( 'NONE',  ( -0.1541028830034118224, 0.01000000000000000021, -0.08500000004565745615 ) ) ;
#3755 = EDGE_CURVE ( 'NONE', #777, #930, #1429, .T. ) ;
#3756 = FACE_OUTER_BOUND ( 'NONE', #356, .T. ) ;
#3757 = FACE_OUTER_BOUND ( 'NONE', #5178, .T. ) ;
#3758 = ADVANCED_FACE ( 'NONE', ( #1768 ), #3394, .T. ) ;
#3759 = EDGE_LOOP ( 'NONE', ( #4796, #902, #185, #2671 ) ) ;
#3760 = AXIS2_PLACEMENT_3D ( 'NONE', #2229, #3826, #1824 ) ;
#3761 = VERTEX_POINT ( 'NONE', #1090 ) ;
#3762 = EDGE_LOOP ( 'NONE', ( #4358, #1640, #1541, #3632 ) ) ;
#3763 = DIRECTION ( 'NONE',  ( -1.000000000000000000, 1.530255967303269802E-15, -0.0000000000000000000 ) ) ;
#3764 = CARTESIAN_POINT ( 'NONE',  ( -0.1649970392176944578, 0.01000000000000000021, -0.08500000004565745615 ) ) ;
#3765 = ORIENTED_EDGE ( 'NONE', *, *, #1626, .T. ) ;
#3766 = DIRECTION ( 'NONE',  ( -0.0000000000000000000, 0.0000000000000000000, -1.000000000000000000 ) ) ;
#3767 = PRESENTATION_STYLE_ASSIGNMENT (( #2119 ) ) ;
#3768 = PLANE ( 'NONE',  #1270 ) ;
#3769 = CARTESIAN_POINT ( 'NONE',  ( 0.1219999999999995116, 0.0000000000000000000, 0.06100000004565745565 ) ) ;
#3770 = CYLINDRICAL_SURFACE ( 'NONE', #2480, 0.009999999999999995004 ) ;
#3771 = VECTOR ( 'NONE', #1578, 39.37007874015748143 ) ;
#3772 = ORIENTED_EDGE ( 'NONE', *, *, #3207, .F. ) ;
#3773 = DIRECTION ( 'NONE',  ( 0.0000000000000000000, 0.0000000000000000000, -1.000000000000000000 ) ) ;
#3774 = VERTEX_POINT ( 'NONE', #374 ) ;
#3775 = PRESENTATION_LAYER_ASSIGNMENT (  '', '', ( #3108 ) ) ;
#3776 = AXIS2_PLACEMENT_3D ( 'NONE', #1757, #3054, #2684 ) ;
#3777 = CARTESIAN_POINT ( 'NONE',  ( -0.05000000000000000278, 0.0000000000000000000, -0.09199999999999997069 ) ) ;
#3778 = DIRECTION ( 'NONE',  ( -0.0000000000000000000, -0.0000000000000000000, 1.000000000000000000 ) ) ;
#3779 = EDGE_CURVE ( 'NONE', #4696, #3488, #789, .T. ) ;
#3780 = AXIS2_PLACEMENT_3D ( 'NONE', #1508, #5175, #796 ) ;
#3781 = VECTOR ( 'NONE', #2751, 39.37007874015748143 ) ;
#3782 = CARTESIAN_POINT ( 'NONE',  ( 0.1219999999999994839, 0.01567333688023188343, -0.01199999999999999678 ) ) ;
#3783 =( CONVERSION_BASED_UNIT ( 'INCH', #1420 ) LENGTH_UNIT ( ) NAMED_UNIT ( #2256 ) );
#3784 = CARTESIAN_POINT ( 'NONE',  ( 0.05018797385280763385, 0.2139999333333333364, 0.05018797385280814732 ) ) ;
#3785 = CARTESIAN_POINT ( 'NONE',  ( 0.05000000000000000278, 0.07166666666666665630, 0.08199999999999998956 ) ) ;
#3786 = SURFACE_SIDE_STYLE ('',( #2618 ) ) ;
#3787 = EDGE_CURVE ( 'NONE', #492, #3553, #2341, .T. ) ;
#3788 = ORIENTED_EDGE ( 'NONE', *, *, #2816, .F. ) ;
#3789 = VECTOR ( 'NONE', #4192, 39.37007874015748143 ) ;
#3790 = VERTEX_POINT ( 'NONE', #5109 ) ;
#3791 = VERTEX_POINT ( 'NONE', #2396 ) ;
#3792 = B_SPLINE_CURVE_WITH_KNOTS ( 'NONE', 3,
 ( #711, #2312, #2000, #755 ),
 .UNSPECIFIED., .F., .F.,
 ( 4, 4 ),
 ( 0.0000000000000000000, 1.000000000000000000 ),
 .UNSPECIFIED. ) ;
#3793 = LINE ( 'NONE', #1425, #4867 ) ;
#3794 = CARTESIAN_POINT ( 'NONE',  ( -0.05000000000000000278, 0.07166666666666667018, 0.07199999999999998068 ) ) ;
#3795 = CARTESIAN_POINT ( 'NONE',  ( -0.06650453896958855027, 0.1433333333333333404, 0.06650453896958853639 ) ) ;
#3796 = ADVANCED_FACE ( 'NONE', ( #4702 ), #2766, .F. ) ;
#3797 = VECTOR ( 'NONE', #1192, 39.37007874015748143 ) ;
#3798 = ORIENTED_EDGE ( 'NONE', *, *, #1489, .F. ) ;
#3799 = DIRECTION ( 'NONE',  ( 0.0000000000000000000, 0.0000000000000000000, 1.000000000000000000 ) ) ;
#3800 = AXIS2_PLACEMENT_3D ( 'NONE', #2215, #1869, #3862 ) ;
#3801 = ORIENTED_EDGE ( 'NONE', *, *, #656, .T. ) ;
#3802 = ORIENTED_EDGE ( 'NONE', *, *, #2391, .T. ) ;
#3803 = ADVANCED_FACE ( 'NONE', ( #4327 ), #4767, .T. ) ;
#3804 = DIRECTION ( 'NONE',  ( 0.0000000000000000000, 0.0000000000000000000, -1.000000000000000000 ) ) ;
#3805 = AXIS2_PLACEMENT_3D ( 'NONE', #4006, #4413, #1622 ) ;
#3806 = ORIENTED_EDGE ( 'NONE', *, *, #4608, .T. ) ;
#3807 =( CONVERSION_BASED_UNIT ( 'INCH', #4950 ) LENGTH_UNIT ( ) NAMED_UNIT ( #242 ) );
#3808 = DIRECTION ( 'NONE',  ( -0.5594203579408524307, 0.8288841071713995978, 0.0000000000000000000 ) ) ;
#3809 = DIMENSIONAL_EXPONENTS ( 1.000000000000000000, 0.0000000000000000000, 0.0000000000000000000, 0.0000000000000000000, 0.0000000000000000000, 0.0000000000000000000, 0.0000000000000000000 ) ;
#3810 = CARTESIAN_POINT ( 'NONE',  ( 0.1219999999999994839, 0.02567333688023188190, -0.06099999999999999173 ) ) ;
#3811 = EDGE_CURVE ( 'NONE', #2752, #4624, #723, .T. ) ;
#3812 = MECHANICAL_DESIGN_GEOMETRIC_PRESENTATION_REPRESENTATION (  '', ( #212 ), #2652 ) ;
#3813 = DIRECTION ( 'NONE',  ( -0.8288841071713998199, -0.5594203579408525417, 0.0000000000000000000 ) ) ;
#3814 = SURFACE_STYLE_FILL_AREA ( #222 ) ;
#3815 = CARTESIAN_POINT ( 'NONE',  ( -0.1411829972859962035, 0.02126754045964037235, -0.1219999999999999835 ) ) ;
#3816 =( NAMED_UNIT ( * ) PLANE_ANGLE_UNIT ( ) SI_UNIT ( $, .RADIAN. ) );
#3817 = VERTEX_POINT ( 'NONE', #4398 ) ;
#3818 = ORIENTED_EDGE ( 'NONE', *, *, #2073, .T. ) ;
#3819 = ADVANCED_FACE ( 'NONE', ( #3486 ), #1482, .F. ) ;
#3820 = ORIENTED_EDGE ( 'NONE', *, *, #4455, .T. ) ;
#3821 = DIRECTION ( 'NONE',  ( -1.000000000000000000, 0.0000000000000000000, 0.0000000000000000000 ) ) ;
#3822 = ADVANCED_FACE ( 'NONE', ( #4304 ), #3297, .T. ) ;
#3823 = ORIENTED_EDGE ( 'NONE', *, *, #2944, .T. ) ;
#3824 = ADVANCED_FACE ( 'NONE', ( #81 ), #1651, .T. ) ;
#3825 = CARTESIAN_POINT ( 'NONE',  ( -0.1487875483474893623, 0.01000000000000000021, -0.1219999999999999835 ) ) ;
#3826 = DIRECTION ( 'NONE',  ( 0.0000000000000000000, 0.0000000000000000000, -1.000000000000000000 ) ) ;
#3827 = FILL_AREA_STYLE_COLOUR ( '', #2958 ) ;
#3828 = FACE_OUTER_BOUND ( 'NONE', #249, .T. ) ;
#3829 = ADVANCED_FACE ( 'NONE', ( #1273 ), #4474, .F. ) ;
#3830 = ORIENTED_EDGE ( 'NONE', *, *, #1130, .F. ) ;
#3831 = DIRECTION ( 'NONE',  ( 0.0000000000000000000, 0.0000000000000000000, 1.000000000000000000 ) ) ;
#3832 = ORIENTED_EDGE ( 'NONE', *, *, #2032, .F. ) ;
#3833 = CARTESIAN_POINT ( 'NONE',  ( 0.06250000000000000000, 0.07166666666666667018, 0.1219999999999999835 ) ) ;
#3834 =( NAMED_UNIT ( * ) PLANE_ANGLE_UNIT ( ) SI_UNIT ( $, .RADIAN. ) );
#3835 = FACE_OUTER_BOUND ( 'NONE', #1478, .T. ) ;
#3836 = DIRECTION ( 'NONE',  ( 0.0000000000000000000, -1.000000000000000000, 0.0000000000000000000 ) ) ;
#3837 = CARTESIAN_POINT ( 'NONE',  ( 0.1319999999999999785, 0.07166666666666667018, -0.1319999999999999785 ) ) ;
#3838 = ORIENTED_EDGE ( 'NONE', *, *, #3811, .T. ) ;
#3839 = ORIENTED_EDGE ( 'NONE', *, *, #924, .T. ) ;
#3840 = EDGE_LOOP ( 'NONE', ( #2321, #2826, #167, #407 ) ) ;
#3841 =( GEOMETRIC_REPRESENTATION_CONTEXT ( 3 ) GLOBAL_UNCERTAINTY_ASSIGNED_CONTEXT ( ( #631 ) ) GLOBAL_UNIT_ASSIGNED_CONTEXT ( ( #3807, #2565, #1333 ) ) REPRESENTATION_CONTEXT ( 'NONE', 'WORKASPACE' ) );
#3842 = SPHERICAL_SURFACE ( 'NONE', #162, 0.01000000000000000021 ) ;
#3843 = CARTESIAN_POINT ( 'NONE',  ( 0.1219999999999994977, 0.01567333688023188343, 0.01200000004565745897 ) ) ;
#3844 = EDGE_CURVE ( 'NONE', #1944, #296, #506, .T. ) ;
#3845 = MECHANICAL_DESIGN_GEOMETRIC_PRESENTATION_REPRESENTATION (  '', ( #1498 ), #1569 ) ;
#3846 = ORIENTED_EDGE ( 'NONE', *, *, #3395, .T. ) ;
#3847 = PRESENTATION_STYLE_ASSIGNMENT (( #2252 ) ) ;
#3848 = DIRECTION ( 'NONE',  ( -1.000000000000000000, -1.530255967303269802E-15, 0.0000000000000000000 ) ) ;
#3849 = ADVANCED_FACE ( 'NONE', ( #1315 ), #2840, .T. ) ;
#3850 = PRESENTATION_LAYER_ASSIGNMENT (  '', '', ( #1083 ) ) ;
#3851 = DIRECTION ( 'NONE',  ( -1.000000000000000000, 0.0000000000000000000, 0.0000000000000000000 ) ) ;
#3852 = EDGE_CURVE ( 'NONE', #2572, #2745, #394, .T. ) ;
#3853 = EDGE_LOOP ( 'NONE', ( #2017, #759, #1699, #3926 ) ) ;
#3854 = DIRECTION ( 'NONE',  ( -0.0000000000000000000, -0.0000000000000000000, -1.000000000000000000 ) ) ;
#3855 = LINE ( 'NONE', #267, #4516 ) ;
#3856 = LINE ( 'NONE', #5011, #5140 ) ;
#3857 = CARTESIAN_POINT ( 'NONE',  ( -0.05000000000000000278, 0.0000000000000000000, 0.09199999999999997069 ) ) ;
#3858 = AXIS2_PLACEMENT_3D ( 'NONE', #5148, #4012, #2369 ) ;
#3859 = DIRECTION ( 'NONE',  ( 1.000000000000000000, 3.414809992080329516E-15, -0.0000000000000000000 ) ) ;
#3860 = VECTOR ( 'NONE', #3808, 39.37007874015748854 ) ;
#3861 = AXIS2_PLACEMENT_3D ( 'NONE', #4643, #4613, #277 ) ;
#3862 = DIRECTION ( 'NONE',  ( 1.000000000000000000, 0.0000000000000000000, 0.0000000000000000000 ) ) ;
#3863 = SURFACE_SIDE_STYLE ('',( #652 ) ) ;
#3864 = CARTESIAN_POINT ( 'NONE',  ( 0.1328941562142821886, 0.01567333688023188343, 0.08500000004565745615 ) ) ;
#3865 = AXIS2_PLACEMENT_3D ( 'NONE', #2167, #1255, #3766 ) ;
#3866 = ORIENTED_EDGE ( 'NONE', *, *, #453, .T. ) ;
#3867 = ORIENTED_EDGE ( 'NONE', *, *, #1221, .F. ) ;
#3868 = AXIS2_PLACEMENT_3D ( 'NONE', #1467, #1070, #2806 ) ;
#3869 = ORIENTED_EDGE ( 'NONE', *, *, #571, .F. ) ;
#3870 = EDGE_CURVE ( 'NONE', #725, #3278, #4523, .T. ) ;
#3871 = LINE ( 'NONE', #1480, #4005 ) ;
#3872 = CARTESIAN_POINT ( 'NONE',  ( -0.1120000000000000162, 0.1333333333333332482, 0.1319999999999999785 ) ) ;
#3873 = DIRECTION ( 'NONE',  ( -1.000000000000000000, -0.0000000000000000000, -0.0000000000000000000 ) ) ;
#3874 = AXIS2_PLACEMENT_3D ( 'NONE', #1739, #3335, #878 ) ;
#3875 = CIRCLE ( 'NONE', #3382, 0.009999999999999995004 ) ;
#3876 = EDGE_LOOP ( 'NONE', ( #1383, #172, #860, #1274, #1833, #2373, #3976, #157, #3289, #2620, #1453, #2028 ) ) ;
#3877 = DIRECTION ( 'NONE',  ( 0.0000000000000000000, 1.000000000000000000, 0.0000000000000000000 ) ) ;
#3878 = EDGE_CURVE ( 'NONE', #3501, #703, #2966, .T. ) ;
#3879 = DIRECTION ( 'NONE',  ( 0.0000000000000000000, 0.0000000000000000000, -1.000000000000000000 ) ) ;
#3880 = CARTESIAN_POINT ( 'NONE',  ( 0.05018797385280763385, 0.2139999333333333364, 0.03989828820229598949 ) ) ;
#3881 = VECTOR ( 'NONE', #2924, 39.37007874015748143 ) ;
#3882 = DIRECTION ( 'NONE',  ( 0.0000000000000000000, 0.0000000000000000000, -1.000000000000000000 ) ) ;
#3883 = ORIENTED_EDGE ( 'NONE', *, *, #787, .F. ) ;
#3884 = DIRECTION ( 'NONE',  ( 0.0000000000000000000, 0.0000000000000000000, 1.000000000000000000 ) ) ;
#3885 =( LENGTH_UNIT ( ) NAMED_UNIT ( * ) SI_UNIT ( $, .METRE. ) );
#3886 = VECTOR ( 'NONE', #3836, 39.37007874015748143 ) ;
#3887 = DIRECTION ( 'NONE',  ( 0.0000000000000000000, 0.0000000000000000000, -1.000000000000000000 ) ) ;
#3888 = VECTOR ( 'NONE', #4986, 39.37007874015748143 ) ;
#3889 = EDGE_CURVE ( 'NONE', #4019, #2143, #3301, .T. ) ;
#3890 = CARTESIAN_POINT ( 'NONE',  ( 0.1411829972859962035, 0.02126754045964037235, -0.06099999999999999173 ) ) ;
#3891 = EDGE_CURVE ( 'NONE', #1040, #1714, #1527, .T. ) ;
#3892 = ORIENTED_EDGE ( 'NONE', *, *, #4364, .F. ) ;
#3893 = VERTEX_POINT ( 'NONE', #3328 ) ;
#3894 = LINE ( 'NONE', #1502, #2067 ) ;
#3895 = CARTESIAN_POINT ( 'NONE',  ( 0.1119999999999999607, 0.1333333333333332482, 0.1319999999999999785 ) ) ;
#3896 = FACE_OUTER_BOUND ( 'NONE', #4329, .T. ) ;
#3897 = CARTESIAN_POINT ( 'NONE',  ( 0.01833333333333331955, 0.02000000000000000042, 0.08200000000000000344 ) ) ;
#3898 = DIMENSIONAL_EXPONENTS ( 1.000000000000000000, 0.0000000000000000000, 0.0000000000000000000, 0.0000000000000000000, 0.0000000000000000000, 0.0000000000000000000, 0.0000000000000000000 ) ;
#3899 = ADVANCED_FACE ( 'NONE', ( #451 ), #2103, .F. ) ;
#3900 = ORIENTED_EDGE ( 'NONE', *, *, #3612, .T. ) ;
#3901 = CARTESIAN_POINT ( 'NONE',  ( -0.1541028830034118224, 0.01000000000000000021, -0.1219999999999999835 ) ) ;
#3902 = VECTOR ( 'NONE', #1954, 39.37007874015748143 ) ;
#3903 = DIRECTION ( 'NONE',  ( 1.000000000000000000, 0.0000000000000000000, 0.0000000000000000000 ) ) ;
#3904 = CARTESIAN_POINT ( 'NONE',  ( 0.1358676626300737711, 0.01126754045964036693, 0.06100000004565745565 ) ) ;
#3905 = EDGE_CURVE ( 'NONE', #3774, #4008, #3476, .T. ) ;
#3906 = LINE ( 'NONE', #2659, #3695 ) ;
#3907 = EDGE_LOOP ( 'NONE', ( #2489, #2009, #4219, #3524, #4258, #2732, #3823, #4505, #3712, #1603, #337, #4654 ) ) ;
#3908 = DIRECTION ( 'NONE',  ( 0.0000000000000000000, -1.000000000000000000, 0.0000000000000000000 ) ) ;
#3909 = CARTESIAN_POINT ( 'NONE',  ( -0.05000000000000000278, 0.0000000000000000000, -0.1419999999999996543 ) ) ;
#3910 = CARTESIAN_POINT ( 'NONE',  ( 0.05018797385280763385, 0.2139999333333333364, 0.06047765950332030516 ) ) ;
#3911 = ADVANCED_FACE ( 'NONE', ( #1986 ), #899, .T. ) ;
#3912 = ORIENTED_EDGE ( 'NONE', *, *, #2340, .T. ) ;
#3913 = DIRECTION ( 'NONE',  ( -0.0000000000000000000, 1.000000000000000000, -0.0000000000000000000 ) ) ;
#3914 = VERTEX_POINT ( 'NONE', #113 ) ;
#3915 = PRESENTATION_STYLE_ASSIGNMENT (( #3619 ) ) ;
#3916 = ADVANCED_FACE ( 'NONE', ( #5 ), #4013, .T. ) ;
#3917 = DIRECTION ( 'NONE',  ( 3.414809992080329516E-15, 1.000000000000000000, 0.0000000000000000000 ) ) ;
#3918 = ORIENTED_EDGE ( 'NONE', *, *, #4318, .F. ) ;
#3919 = VERTEX_POINT ( 'NONE', #3239 ) ;
#3920 = CARTESIAN_POINT ( 'NONE',  ( 0.05018797385280763385, 0.2149999333333333373, 0.06047765950332030516 ) ) ;
#3921 = SURFACE_SIDE_STYLE ('',( #313 ) ) ;
#3922 = DIRECTION ( 'NONE',  ( 0.0000000000000000000, -1.000000000000000000, 0.0000000000000000000 ) ) ;
#3923 = CARTESIAN_POINT ( 'NONE',  ( 0.1119999999999999607, 0.07166666666666667018, 0.1319999999999999785 ) ) ;
#3924 = VECTOR ( 'NONE', #883, 39.37007874015748143 ) ;
#3925 = CARTESIAN_POINT ( 'NONE',  ( -0.05500000000000000028, 0.0000000000000000000, -0.07199999999999996680 ) ) ;
#3926 = ORIENTED_EDGE ( 'NONE', *, *, #2340, .F. ) ;
#3927 = LINE ( 'NONE', #647, #1076 ) ;
#3928 = CARTESIAN_POINT ( 'NONE',  ( -0.1120000000000000162, 0.1433333333333333404, -0.1319999999999999785 ) ) ;
#3929 = EDGE_CURVE ( 'NONE', #4017, #2126, #1241, .T. ) ;
#3930 = ADVANCED_FACE ( 'NONE', ( #3757 ), #3055, .T. ) ;
#3931 = CARTESIAN_POINT ( 'NONE',  ( 0.06650453896958855027, 0.1433333333333333404, 0.06650453896958853639 ) ) ;
#3932 = CARTESIAN_POINT ( 'NONE',  ( -0.05000000000000000278, 0.01000000000000000021, 0.1419999999999996543 ) ) ;
#3933 = CARTESIAN_POINT ( 'NONE',  ( 0.1358676626300737711, 0.01126754045964036693, -0.1219999999999999835 ) ) ;
#3934 = VECTOR ( 'NONE', #1962, 39.37007874015748143 ) ;
#3935 = ORIENTED_EDGE ( 'NONE', *, *, #3979, .F. ) ;
#3936 = AXIS2_PLACEMENT_3D ( 'NONE', #3251, #494, #1642 ) ;
#3937 = CIRCLE ( 'NONE', #4634, 0.01999999999999999001 ) ;
#3938 = ORIENTED_EDGE ( 'NONE', *, *, #449, .T. ) ;
#3939 = AXIS2_PLACEMENT_3D ( 'NONE', #640, #258, #1435 ) ;
#3940 = COLOUR_RGB ( '',1.000000000000000000, 1.000000000000000000, 1.000000000000000000 ) ;
#3941 = ORIENTED_EDGE ( 'NONE', *, *, #520, .T. ) ;
#3942 = ORIENTED_EDGE ( 'NONE', *, *, #2592, .T. ) ;
#3943 =( CONVERSION_BASED_UNIT ( 'INCH', #399 ) LENGTH_UNIT ( ) NAMED_UNIT ( #808 ) );
#3944 = PLANE ( 'NONE',  #2861 ) ;
#3945 = FACE_OUTER_BOUND ( 'NONE', #312, .T. ) ;
#3946 = VECTOR ( 'NONE', #209, 39.37007874015748143 ) ;
#3947 = STYLED_ITEM ( 'NONE', ( #4094 ), #2382 ) ;
#3948 = ORIENTED_EDGE ( 'NONE', *, *, #1374, .T. ) ;
#3949 = VECTOR ( 'NONE', #4658, 39.37007874015748143 ) ;
#3950 =( LENGTH_UNIT ( ) NAMED_UNIT ( * ) SI_UNIT ( $, .METRE. ) );
#3951 = ORIENTED_EDGE ( 'NONE', *, *, #4253, .T. ) ;
#3952 = SURFACE_STYLE_FILL_AREA ( #3099 ) ;
#3953 = FILL_AREA_STYLE ('',( #46 ) ) ;
#3954 = ORIENTED_EDGE ( 'NONE', *, *, #3306, .T. ) ;
#3955 = AXIS2_PLACEMENT_3D ( 'NONE', #3409, #4133, #5077 ) ;
#3956 = FILL_AREA_STYLE_COLOUR ( '', #3720 ) ;
#3957 = CARTESIAN_POINT ( 'NONE',  ( -0.1219999999999994977, 0.02567333688023188190, 0.08500000004565745615 ) ) ;
#3958 = FACE_OUTER_BOUND ( 'NONE', #3155, .T. ) ;
#3959 = AXIS2_PLACEMENT_3D ( 'NONE', #2839, #2456, #1301 ) ;
#3960 = ORIENTED_EDGE ( 'NONE', *, *, #4345, .F. ) ;
#3961 = ADVANCED_FACE ( 'NONE', ( #653 ), #1814, .T. ) ;
#3962 = UNCERTAINTY_MEASURE_WITH_UNIT (LENGTH_MEASURE( 1.000000000000000082E-05 ), #2407, 'distance_accuracy_value', 'NONE');
#3963 = MANIFOLD_SOLID_BREP ( 'Mirror4', #2510 ) ;
#3964 = AXIS2_PLACEMENT_3D ( 'NONE', #26, #1647, #4497 ) ;
#3965 = CARTESIAN_POINT ( 'NONE',  ( 0.06250000000000000000, 0.07166666666666667018, -0.1219999999999999835 ) ) ;
#3966 = ORIENTED_EDGE ( 'NONE', *, *, #4282, .T. ) ;
#3967 = ORIENTED_EDGE ( 'NONE', *, *, #4529, .T. ) ;
#3968 = VERTEX_POINT ( 'NONE', #2157 ) ;
#3969 = DIRECTION ( 'NONE',  ( -1.000000000000000000, 0.0000000000000000000, 0.0000000000000000000 ) ) ;
#3970 = CARTESIAN_POINT ( 'NONE',  ( -0.1219999999999995255, 0.01567333688023188343, -0.1219999999999999835 ) ) ;
#3971 = DIRECTION ( 'NONE',  ( -0.0000000000000000000, -1.000000000000000000, 0.0000000000000000000 ) ) ;
#3972 = VECTOR ( 'NONE', #4101, 39.37007874015748143 ) ;
#3973 = EDGE_CURVE ( 'NONE', #4575, #84, #1038, .T. ) ;
#3974 = ADVANCED_FACE ( 'NONE', ( #1841 ), #4243, .T. ) ;
#3975 = ORIENTED_EDGE ( 'NONE', *, *, #2051, .T. ) ;
#3976 = ORIENTED_EDGE ( 'NONE', *, *, #4764, .F. ) ;
#3977 = DIRECTION ( 'NONE',  ( 0.0000000000000000000, -1.000000000000000000, 0.0000000000000000000 ) ) ;
#3978 = CARTESIAN_POINT ( 'NONE',  ( -0.1487875483474893901, 0.0000000000000000000, -0.1219999999999999835 ) ) ;
#3979 = EDGE_CURVE ( 'NONE', #853, #421, #3736, .T. ) ;
#3980 = CARTESIAN_POINT ( 'NONE',  ( 0.05000000000000000278, 0.07166666666666665630, 0.08199999999999998956 ) ) ;
#3981 = DIRECTION ( 'NONE',  ( -0.0000000000000000000, 1.000000000000000000, -0.0000000000000000000 ) ) ;
#3982 = LINE ( 'NONE', #1957, #4236 ) ;
#3983 = ORIENTED_EDGE ( 'NONE', *, *, #3852, .F. ) ;
#3984 = DIRECTION ( 'NONE',  ( -1.000000000000000000, 0.0000000000000000000, 0.0000000000000000000 ) ) ;
#3985 = EDGE_CURVE ( 'NONE', #4427, #286, #1371, .T. ) ;
#3986 = DIRECTION ( 'NONE',  ( 1.384382429221754630E-16, -1.000000000000000000, 0.0000000000000000000 ) ) ;
#3987 = DIRECTION ( 'NONE',  ( -0.0000000000000000000, 1.000000000000000000, -0.0000000000000000000 ) ) ;
#3988 = ORIENTED_EDGE ( 'NONE', *, *, #5202, .F. ) ;
#3989 = EDGE_LOOP ( 'NONE', ( #2327, #4864, #4076, #3802 ) ) ;
#3990 = ORIENTED_EDGE ( 'NONE', *, *, #3878, .F. ) ;
#3991 = LINE ( 'NONE', #3716, #1024 ) ;
#3992 = CARTESIAN_POINT ( 'NONE',  ( 0.1649970392176944856, 0.0000000000000000000, -0.1219999999999999835 ) ) ;
#3993 = EDGE_CURVE ( 'NONE', #3576, #456, #982, .T. ) ;
#3994 = ORIENTED_EDGE ( 'NONE', *, *, #4376, .T. ) ;
#3995 = ORIENTED_EDGE ( 'NONE', *, *, #3514, .F. ) ;
#3996 = DIRECTION ( 'NONE',  ( 1.000000000000000000, 0.0000000000000000000, 0.0000000000000000000 ) ) ;
#3997 = CARTESIAN_POINT ( 'NONE',  ( 0.1119999999999999607, 0.1333333333333332482, 0.1119999999999999885 ) ) ;
#3998 = VECTOR ( 'NONE', #4714, 39.37007874015748143 ) ;
#3999 = CARTESIAN_POINT ( 'NONE',  ( 0.05018797385280763385, 0.2149999333333333373, 0.05018797385280814732 ) ) ;
#4000 =( NAMED_UNIT ( * ) PLANE_ANGLE_UNIT ( ) SI_UNIT ( $, .RADIAN. ) );
#4001 = AXIS2_PLACEMENT_3D ( 'NONE', #2523, #3660, #4486 ) ;
#4002 = CARTESIAN_POINT ( 'NONE',  ( -0.1319999999999999785, 0.07166666666666667018, -0.1319999999999999785 ) ) ;
#4003 = LINE ( 'NONE', #414, #2214 ) ;
#4004 =( NAMED_UNIT ( * ) SI_UNIT ( $, .STERADIAN. ) SOLID_ANGLE_UNIT ( ) );
#4005 = VECTOR ( 'NONE', #3009, 39.37007874015748143 ) ;
#4006 = CARTESIAN_POINT ( 'NONE',  ( -0.06650453896958855027, 0.2049999333333333562, 0.06650453896958853639 ) ) ;
#4007 = DIRECTION ( 'NONE',  ( 1.384382429221754630E-16, -1.000000000000000000, 0.0000000000000000000 ) ) ;
#4008 = VERTEX_POINT ( 'NONE', #278 ) ;
#4009 = UNCERTAINTY_MEASURE_WITH_UNIT (LENGTH_MEASURE( 1.000000000000000082E-05 ), #1002, 'distance_accuracy_value', 'NONE');
#4010 = FACE_OUTER_BOUND ( 'NONE', #610, .T. ) ;
#4011 = DIRECTION ( 'NONE',  ( -0.0000000000000000000, 0.0000000000000000000, 1.000000000000000000 ) ) ;
#4012 = DIRECTION ( 'NONE',  ( -0.0000000000000000000, -0.0000000000000000000, 1.000000000000000000 ) ) ;
#4013 = PLANE ( 'NONE',  #2556 ) ;
#4014 = FACE_OUTER_BOUND ( 'NONE', #528, .T. ) ;
#4015 = CIRCLE ( 'NONE', #5209, 0.01000000000000000368 ) ;
#4016 = ORIENTED_EDGE ( 'NONE', *, *, #253, .F. ) ;
#4017 = VERTEX_POINT ( 'NONE', #3890 ) ;
#4018 = AXIS2_PLACEMENT_3D ( 'NONE', #2940, #4541, #3747 ) ;
#4019 = VERTEX_POINT ( 'NONE', #304 ) ;
#4020 = AXIS2_PLACEMENT_3D ( 'NONE', #3515, #1490, #707 ) ;
#4021 = FILL_AREA_STYLE_COLOUR ( '', #4027 ) ;
#4022 =( NAMED_UNIT ( * ) PLANE_ANGLE_UNIT ( ) SI_UNIT ( $, .RADIAN. ) );
#4023 = DIRECTION ( 'NONE',  ( -1.000000000000000000, 0.0000000000000000000, 0.0000000000000000000 ) ) ;
#4024 = CARTESIAN_POINT ( 'NONE',  ( -0.1358676626300737711, 0.01126754045964036693, -0.1219999999999999835 ) ) ;
#4025 = LINE ( 'NONE', #2114, #4803 ) ;
#4026 = B_SPLINE_CURVE_WITH_KNOTS ( 'NONE', 2,
 ( #4951, #1334, #3777 ),
 .UNSPECIFIED., .F., .F.,
 ( 3, 3 ),
 ( 0.0000000000000000000, 1.000000000000000000 ),
 .UNSPECIFIED. ) ;
#4027 = COLOUR_RGB ( '',0.6745098039215686736, 0.6745098039215686736, 0.6745098039215686736 ) ;
#4028 = EDGE_CURVE ( 'NONE', #4135, #4008, #2712, .T. ) ;
#4029 = ORIENTED_EDGE ( 'NONE', *, *, #1243, .T. ) ;
#4030 = ORIENTED_EDGE ( 'NONE', *, *, #4401, .F. ) ;
#4031 = VECTOR ( 'NONE', #4289, 39.37007874015748143 ) ;
#4032 = LINE ( 'NONE', #4834, #2258 ) ;
#4033 = DIRECTION ( 'NONE',  ( -0.0000000000000000000, -0.0000000000000000000, 1.000000000000000000 ) ) ;
#4034 = DIRECTION ( 'NONE',  ( 0.0000000000000000000, 0.0000000000000000000, 1.000000000000000000 ) ) ;
#4035 = CIRCLE ( 'NONE', #1774, 0.009999999999999995004 ) ;
#4036 = CARTESIAN_POINT ( 'NONE',  ( -0.1275788215583597285, 0.01567333688023187302, -0.1219999999999999835 ) ) ;
#4037 = CYLINDRICAL_SURFACE ( 'NONE', #3204, 0.01000000000000000368 ) ;
#4038 = PRESENTATION_STYLE_ASSIGNMENT (( #1235 ) ) ;
#4039 = CARTESIAN_POINT ( 'NONE',  ( 0.05000000000000000278, 0.01000000000000000021, -0.1419999999999996543 ) ) ;
#4040 = LINE ( 'NONE', #27, #4153 ) ;
#4041 = EDGE_CURVE ( 'NONE', #5187, #455, #2537, .T. ) ;
#4042 = STYLED_ITEM ( 'NONE', ( #4098 ), #4060 ) ;
#4043 = SPHERICAL_SURFACE ( 'NONE', #2182, 0.01000000000000000021 ) ;
#4044 = DIRECTION ( 'NONE',  ( -0.5594203579408524307, 0.8288841071713995978, 0.0000000000000000000 ) ) ;
#4045 = CIRCLE ( 'NONE', #633, 0.009999999999999995004 ) ;
#4046 = CARTESIAN_POINT ( 'NONE',  ( -0.1358676626300737711, 0.01126754045964036693, -0.1219999999999999835 ) ) ;
#4047 = ORIENTED_EDGE ( 'NONE', *, *, #1196, .T. ) ;
#4048 = ORIENTED_EDGE ( 'NONE', *, *, #486, .F. ) ;
#4049 = AXIS2_PLACEMENT_3D ( 'NONE', #2895, #1566, #3617 ) ;
#4050 = ORIENTED_EDGE ( 'NONE', *, *, #2825, .T. ) ;
#4051 = DIRECTION ( 'NONE',  ( -0.0000000000000000000, -0.0000000000000000000, -1.000000000000000000 ) ) ;
#4052 = CARTESIAN_POINT ( 'NONE',  ( -0.1649970392176944578, 0.01000000000000000021, -0.01200000000000000198 ) ) ;
#4053 = CARTESIAN_POINT ( 'NONE',  ( 0.07650453896958853139, 0.1433333333333333404, -0.07650453896958855915 ) ) ;
#4054 = LINE ( 'NONE', #2050, #2703 ) ;
#4055 = EDGE_CURVE ( 'NONE', #676, #1764, #2482, .T. ) ;
#4056 = CARTESIAN_POINT ( 'NONE',  ( -0.1411829972859962035, 0.02126754045964037235, -0.08500000004565745615 ) ) ;
#4057 = ORIENTED_EDGE ( 'NONE', *, *, #971, .T. ) ;
#4058 = CARTESIAN_POINT ( 'NONE',  ( -0.06250000000000000000, 0.07166666666666667018, 0.1219999999999999835 ) ) ;
#4059 = DIRECTION ( 'NONE',  ( 3.414809992080329516E-15, 1.000000000000000000, 0.0000000000000000000 ) ) ;
#4060 = ADVANCED_FACE ( 'NONE', ( #502 ), #4989, .T. ) ;
#4061 = LINE ( 'NONE', #4361, #4576 ) ;
#4062 = CARTESIAN_POINT ( 'NONE',  ( -0.1541028830034118224, 0.01000000000000000021, -0.1219999999999999835 ) ) ;
#4063 = DIRECTION ( 'NONE',  ( -0.0000000000000000000, 1.000000000000000000, 0.0000000000000000000 ) ) ;
#4064 = LINE ( 'NONE', #2129, #2451 ) ;
#4065 = DIMENSIONAL_EXPONENTS ( 1.000000000000000000, 0.0000000000000000000, 0.0000000000000000000, 0.0000000000000000000, 0.0000000000000000000, 0.0000000000000000000, 0.0000000000000000000 ) ;
#4066 = LINE ( 'NONE', #368, #1709 ) ;
#4067 = EDGE_CURVE ( 'NONE', #1874, #2044, #2296, .T. ) ;
#4068 = CARTESIAN_POINT ( 'NONE',  ( 0.06250000000000000000, 0.07166666666666667018, 0.07199999999999998068 ) ) ;
#4069 =( NAMED_UNIT ( * ) PLANE_ANGLE_UNIT ( ) SI_UNIT ( $, .RADIAN. ) );
#4070 = EDGE_CURVE ( 'NONE', #3567, #3552, #4141, .T. ) ;
#4071 = CARTESIAN_POINT ( 'NONE',  ( -0.1487875483474893901, 0.0000000000000000000, -0.1219999999999999835 ) ) ;
#4072 = EDGE_CURVE ( 'NONE', #2242, #4375, #2713, .T. ) ;
#4073 = DIRECTION ( 'NONE',  ( 0.0000000000000000000, 1.000000000000000000, 0.0000000000000000000 ) ) ;
#4074 = ORIENTED_EDGE ( 'NONE', *, *, #4331, .F. ) ;
#4075 = VERTEX_POINT ( 'NONE', #4640 ) ;
#4076 = ORIENTED_EDGE ( 'NONE', *, *, #3087, .F. ) ;
#4077 = DIRECTION ( 'NONE',  ( 1.000000000000000000, 0.0000000000000000000, 0.0000000000000000000 ) ) ;
#4078 = PLANE ( 'NONE',  #747 ) ;
#4079 =( NAMED_UNIT ( * ) SI_UNIT ( $, .STERADIAN. ) SOLID_ANGLE_UNIT ( ) );
#4080 = LINE ( 'NONE', #1089, #1580 ) ;
#4081 = DIRECTION ( 'NONE',  ( -1.000000000000000000, 0.0000000000000000000, 0.0000000000000000000 ) ) ;
#4082 = VERTEX_POINT ( 'NONE', #3782 ) ;
#4083 = DIRECTION ( 'NONE',  ( -0.0000000000000000000, -0.0000000000000000000, 1.000000000000000000 ) ) ;
#4084 = ORIENTED_EDGE ( 'NONE', *, *, #866, .F. ) ;
#4085 = SURFACE_STYLE_FILL_AREA ( #2885 ) ;
#4086 = CARTESIAN_POINT ( 'NONE',  ( 0.1219999999999994977, 0.07166666666666667018, -0.1219999999999999835 ) ) ;
#4087 = DIRECTION ( 'NONE',  ( 0.0000000000000000000, 0.0000000000000000000, 1.000000000000000000 ) ) ;
#4088 = EDGE_LOOP ( 'NONE', ( #3830, #4323, #1817, #3666 ) ) ;
#4089 = CLOSED_SHELL ( 'NONE', ( #3213, #3974, #940, #3824, #1268, #176, #2189, #240, #138, #1026, #4639, #4970, #4557, #4623 ) ) ;
#4090 = ADVANCED_FACE ( 'NONE', ( #4320 ), #671, .F. ) ;
#4091 = DIRECTION ( 'NONE',  ( 1.000000000000000000, 1.530255967303269802E-15, 0.0000000000000000000 ) ) ;
#4092 = VERTEX_POINT ( 'NONE', #4239 ) ;
#4093 = CARTESIAN_POINT ( 'NONE',  ( -0.01833333333333327445, 0.01000000000000000021, -0.08200000000000000344 ) ) ;
#4094 = PRESENTATION_STYLE_ASSIGNMENT (( #4496 ) ) ;
#4095 = DIRECTION ( 'NONE',  ( 1.000000000000000000, 0.0000000000000000000, 0.0000000000000000000 ) ) ;
#4096 = FACE_OUTER_BOUND ( 'NONE', #531, .T. ) ;
#4097 = EDGE_CURVE ( 'NONE', #2595, #5105, #5119, .T. ) ;
#4098 = PRESENTATION_STYLE_ASSIGNMENT (( #3379 ) ) ;
#4099 = DIRECTION ( 'NONE',  ( 0.0000000000000000000, 0.0000000000000000000, 1.000000000000000000 ) ) ;
#4100 = CARTESIAN_POINT ( 'NONE',  ( 0.05000000000000000278, 0.0000000000000000000, -0.1419999999999996543 ) ) ;
#4101 = DIRECTION ( 'NONE',  ( 1.000000000000000000, 0.0000000000000000000, 0.0000000000000000000 ) ) ;
#4102 = MECHANICAL_DESIGN_GEOMETRIC_PRESENTATION_REPRESENTATION (  '', ( #4195 ), #1010 ) ;
#4103 = ORIENTED_EDGE ( 'NONE', *, *, #1815, .F. ) ;
#4104 = VERTEX_POINT ( 'NONE', #1078 ) ;
#4105 = DIRECTION ( 'NONE',  ( -1.000000000000000000, 0.0000000000000000000, 0.0000000000000000000 ) ) ;
#4106 = DIRECTION ( 'NONE',  ( -1.000000000000000000, 0.0000000000000000000, 0.0000000000000000000 ) ) ;
#4107 = FACE_OUTER_BOUND ( 'NONE', #2528, .T. ) ;
#4108 = MANIFOLD_SOLID_BREP ( 'Mirror3', #1740 ) ;
#4109 = CIRCLE ( 'NONE', #4018, 0.01000000000000000368 ) ;
#4110 = VECTOR ( 'NONE', #4381, 39.37007874015748143 ) ;
#4111 = ORIENTED_EDGE ( 'NONE', *, *, #2875, .F. ) ;
#4112 = DIRECTION ( 'NONE',  ( -0.0000000000000000000, 1.000000000000000000, -0.0000000000000000000 ) ) ;
#4113 = PLANE ( 'NONE',  #3448 ) ;
#4114 = VECTOR ( 'NONE', #1015, 39.37007874015748143 ) ;
#4115 = AXIS2_PLACEMENT_3D ( 'NONE', #1341, #4155, #568 ) ;
#4116 = CARTESIAN_POINT ( 'NONE',  ( 0.0000000000000000000, 0.0000000000000000000, 0.0000000000000000000 ) ) ;
#4117 = ORIENTED_EDGE ( 'NONE', *, *, #99, .F. ) ;
#4118 = AXIS2_PLACEMENT_3D ( 'NONE', #1184, #784, #5107 ) ;
#4119 = AXIS2_PLACEMENT_3D ( 'NONE', #1665, #3279, #1324 ) ;
#4120 = EDGE_LOOP ( 'NONE', ( #5130, #4348, #5194, #3594 ) ) ;
#4121 = DIRECTION ( 'NONE',  ( 0.0000000000000000000, 0.0000000000000000000, 1.000000000000000000 ) ) ;
#4122 = ORIENTED_EDGE ( 'NONE', *, *, #83, .F. ) ;
#4123 = DIRECTION ( 'NONE',  ( -1.115884769084667415E-16, 0.0000000000000000000, -1.000000000000000000 ) ) ;
#4124 = PLANE ( 'NONE',  #2199 ) ;
#4125 = CARTESIAN_POINT ( 'NONE',  ( 0.06250000000000000000, 0.07166666666666667018, 0.07199999999999998068 ) ) ;
#4126 = AXIS2_PLACEMENT_3D ( 'NONE', #2078, #2023, #2909 ) ;
#4127 = CIRCLE ( 'NONE', #1862, 0.009999999999999995004 ) ;
#4128 = EDGE_CURVE ( 'NONE', #937, #4493, #692, .T. ) ;
#4129 = CARTESIAN_POINT ( 'NONE',  ( -0.05000000000000000278, 0.0000000000000000000, 0.1419999999999996543 ) ) ;
#4130 = MANIFOLD_SOLID_BREP ( 'Mirror2[2]', #1496 ) ;
#4131 = FACE_OUTER_BOUND ( 'NONE', #3762, .T. ) ;
#4132 = SURFACE_SIDE_STYLE ('',( #3814 ) ) ;
#4133 = DIRECTION ( 'NONE',  ( -0.0000000000000000000, 0.0000000000000000000, 1.000000000000000000 ) ) ;
#4134 = EDGE_CURVE ( 'NONE', #3389, #1714, #4003, .T. ) ;
#4135 = VERTEX_POINT ( 'NONE', #324 ) ;
#4136 = ORIENTED_EDGE ( 'NONE', *, *, #2277, .F. ) ;
#4137 = DIRECTION ( 'NONE',  ( 1.000000000000000000, 0.0000000000000000000, 0.0000000000000000000 ) ) ;
#4138 = COLOUR_RGB ( '',0.6745098039215686736, 0.6745098039215686736, 0.6745098039215686736 ) ;
#4139 = CARTESIAN_POINT ( 'NONE',  ( 0.1649970392176944578, 0.01000000000000000021, -0.01200000000000000198 ) ) ;
#4140 = DIRECTION ( 'NONE',  ( 0.0000000000000000000, -0.2588190451025202399, 0.9659258262890684232 ) ) ;
#4141 = CIRCLE ( 'NONE', #3800, 0.009999999999999995004 ) ;
#4142 = ORIENTED_EDGE ( 'NONE', *, *, #1564, .F. ) ;
#4143 = DIRECTION ( 'NONE',  ( 1.000000000000000000, -1.530255967303269802E-15, 0.0000000000000000000 ) ) ;
#4144 = DIRECTION ( 'NONE',  ( 1.000000000000000000, -1.530255967303269802E-15, 0.0000000000000000000 ) ) ;
#4145 = DIRECTION ( 'NONE',  ( 0.0000000000000000000, 0.0000000000000000000, 1.000000000000000000 ) ) ;
#4146 = AXIS2_PLACEMENT_3D ( 'NONE', #4635, #922, #2183 ) ;
#4147 = EDGE_CURVE ( 'NONE', #4375, #1964, #1910, .T. ) ;
#4148 = ORIENTED_EDGE ( 'NONE', *, *, #285, .F. ) ;
#4149 = ORIENTED_EDGE ( 'NONE', *, *, #383, .F. ) ;
#4150 = ADVANCED_FACE ( 'NONE', ( #5165 ), #3125, .T. ) ;
#4151 = LINE ( 'NONE', #1364, #1353 ) ;
#4152 = EDGE_CURVE ( 'NONE', #2807, #3386, #5184, .T. ) ;
#4153 = VECTOR ( 'NONE', #864, 39.37007874015748143 ) ;
#4154 = LINE ( 'NONE', #1649, #4625 ) ;
#4155 = DIRECTION ( 'NONE',  ( 0.0000000000000000000, -1.000000000000000000, -8.537024980200811957E-16 ) ) ;
#4156 = DIRECTION ( 'NONE',  ( 0.0000000000000000000, 0.0000000000000000000, 1.000000000000000000 ) ) ;
#4157 = ORIENTED_EDGE ( 'NONE', *, *, #3102, .T. ) ;
#4158 = ORIENTED_EDGE ( 'NONE', *, *, #3376, .T. ) ;
#4159 = FILL_AREA_STYLE_COLOUR ( '', #825 ) ;
#4160 = LINE ( 'NONE', #4619, #4542 ) ;
#4161 = DIRECTION ( 'NONE',  ( 0.0000000000000000000, 0.0000000000000000000, -1.000000000000000000 ) ) ;
#4162 = CARTESIAN_POINT ( 'NONE',  ( -0.05000000000000000278, 0.01000000000000000021, 0.1019999999999999934 ) ) ;
#4163 = CARTESIAN_POINT ( 'NONE',  ( -0.1293205080756887337, 0.1433333333333333404, 0.1119999999999999885 ) ) ;
#4164 = EDGE_LOOP ( 'NONE', ( #4227, #3039, #429, #5034 ) ) ;
#4165 = LENGTH_MEASURE_WITH_UNIT ( LENGTH_MEASURE( 0.02539999999999999897 ), #1803 );
#4166 = LINE ( 'NONE', #5092, #1447 ) ;
#4167 = CARTESIAN_POINT ( 'NONE',  ( -0.01833333333333330567, 0.0000000000000000000, 0.09199999999999997069 ) ) ;
#4168 = EDGE_CURVE ( 'NONE', #2026, #5187, #2334, .T. ) ;
#4169 = ORIENTED_EDGE ( 'NONE', *, *, #207, .T. ) ;
#4170 = VERTEX_POINT ( 'NONE', #1542 ) ;
#4171 = DIRECTION ( 'NONE',  ( 1.384382429221754630E-16, -1.000000000000000000, 0.0000000000000000000 ) ) ;
#4172 = VERTEX_POINT ( 'NONE', #4362 ) ;
#4173 = CYLINDRICAL_SURFACE ( 'NONE', #1982, 0.009999999999999995004 ) ;
#4174 = CARTESIAN_POINT ( 'NONE',  ( 0.1275788215583597562, 0.005673336880231876281, -0.01200000000000000198 ) ) ;
#4175 = LINE ( 'NONE', #892, #4214 ) ;
#4176 = EDGE_CURVE ( 'NONE', #2740, #3553, #4786, .T. ) ;
#4177 = LENGTH_MEASURE_WITH_UNIT ( LENGTH_MEASURE( 0.02539999999999999897 ), #3261 );
#4178 = AXIS2_PLACEMENT_3D ( 'NONE', #2211, #4207, #622 ) ;
#4179 = PRESENTATION_STYLE_ASSIGNMENT (( #4642 ) ) ;
#4180 = DIRECTION ( 'NONE',  ( 0.0000000000000000000, -0.0000000000000000000, -1.000000000000000000 ) ) ;
#4181 = DIRECTION ( 'NONE',  ( 0.0000000000000000000, 0.0000000000000000000, 1.000000000000000000 ) ) ;
#4182 = EDGE_CURVE ( 'NONE', #5191, #725, #4252, .T. ) ;
#4183 = ORIENTED_EDGE ( 'NONE', *, *, #1996, .F. ) ;
#4184 = PRESENTATION_LAYER_ASSIGNMENT (  '', '', ( #1498 ) ) ;
#4185 = ORIENTED_EDGE ( 'NONE', *, *, #3285, .F. ) ;
#4186 = UNCERTAINTY_MEASURE_WITH_UNIT (LENGTH_MEASURE( 1.000000000000000082E-05 ), #3273, 'distance_accuracy_value', 'NONE');
#4187 = VERTEX_POINT ( 'NONE', #3461 ) ;
#4188 = EDGE_LOOP ( 'NONE', ( #1965, #3935, #4421, #2744 ) ) ;
#4189 = FACE_OUTER_BOUND ( 'NONE', #742, .T. ) ;
#4190 = DIRECTION ( 'NONE',  ( -0.0000000000000000000, -0.0000000000000000000, 1.000000000000000000 ) ) ;
#4191 = CARTESIAN_POINT ( 'NONE',  ( 0.1649970392176944856, 0.0000000000000000000, -0.08500000004565745615 ) ) ;
#4192 = DIRECTION ( 'NONE',  ( 0.0000000000000000000, 0.0000000000000000000, 1.000000000000000000 ) ) ;
#4193 = EDGE_CURVE ( 'NONE', #3761, #3724, #5084, .T. ) ;
#4194 = EDGE_LOOP ( 'NONE', ( #5052, #2110, #1573, #350 ) ) ;
#4195 = STYLED_ITEM ( 'NONE', ( #599 ), #1006 ) ;
#4196 = PRESENTATION_STYLE_ASSIGNMENT (( #5089 ) ) ;
#4197 =( NAMED_UNIT ( * ) SI_UNIT ( $, .STERADIAN. ) SOLID_ANGLE_UNIT ( ) );
#4198 = DIRECTION ( 'NONE',  ( 1.000000000000000000, 0.0000000000000000000, 0.0000000000000000000 ) ) ;
#4199 = DIRECTION ( 'NONE',  ( 0.0000000000000000000, 1.000000000000000000, 0.0000000000000000000 ) ) ;
#4200 = SHAPE_DEFINITION_REPRESENTATION ( #2359, #4428 ) ;
#4201 = AXIS2_PLACEMENT_3D ( 'NONE', #5091, #1464, #3490 ) ;
#4202 = ORIENTED_EDGE ( 'NONE', *, *, #320, .F. ) ;
#4203 = DIMENSIONAL_EXPONENTS ( 1.000000000000000000, 0.0000000000000000000, 0.0000000000000000000, 0.0000000000000000000, 0.0000000000000000000, 0.0000000000000000000, 0.0000000000000000000 ) ;
#4204 = CARTESIAN_POINT ( 'NONE',  ( -0.1328941562142821886, 0.02567333688023188190, -0.01199999999999999678 ) ) ;
#4205 = ORIENTED_EDGE ( 'NONE', *, *, #269, .T. ) ;
#4206 = VECTOR ( 'NONE', #4715, 39.37007874015748143 ) ;
#4207 = DIRECTION ( 'NONE',  ( 0.0000000000000000000, 0.0000000000000000000, 1.000000000000000000 ) ) ;
#4208 = LINE ( 'NONE', #1867, #2692 ) ;
#4209 = VECTOR ( 'NONE', #5095, 39.37007874015748143 ) ;
#4210 = LINE ( 'NONE', #2213, #956 ) ;
#4211 = VECTOR ( 'NONE', #729, 39.37007874015748143 ) ;
#4212 = AXIS2_PLACEMENT_3D ( 'NONE', #4630, #1832, #1030 ) ;
#4213 = PLANE ( 'NONE',  #2937 ) ;
#4214 = VECTOR ( 'NONE', #4465, 39.37007874015748143 ) ;
#4215 = PRESENTATION_LAYER_ASSIGNMENT (  '', '', ( #1519 ) ) ;
#4216 = FACE_OUTER_BOUND ( 'NONE', #5204, .T. ) ;
#4217 = DIRECTION ( 'NONE',  ( -0.8288841071713997088, 0.5594203579408525417, 0.0000000000000000000 ) ) ;
#4218 = EDGE_CURVE ( 'NONE', #2874, #3242, #1379, .T. ) ;
#4219 = ORIENTED_EDGE ( 'NONE', *, *, #3979, .T. ) ;
#4220 = AXIS2_PLACEMENT_3D ( 'NONE', #1381, #2991, #4594 ) ;
#4221 = ORIENTED_EDGE ( 'NONE', *, *, #2065, .T. ) ;
#4222 = VERTEX_POINT ( 'NONE', #3360 ) ;
#4223 = DIRECTION ( 'NONE',  ( 1.000000000000000000, 0.0000000000000000000, 0.0000000000000000000 ) ) ;
#4224 = EDGE_CURVE ( 'NONE', #1392, #2280, #952, .T. ) ;
#4225 = CARTESIAN_POINT ( 'NONE',  ( -0.05000000000000000278, 0.0000000000000000000, 0.09199999999999997069 ) ) ;
#4226 = AXIS2_PLACEMENT_3D ( 'NONE', #2873, #31, #1683 ) ;
#4227 = ORIENTED_EDGE ( 'NONE', *, *, #708, .T. ) ;
#4228 = AXIS2_PLACEMENT_3D ( 'NONE', #2819, #2512, #841 ) ;
#4229 = CARTESIAN_POINT ( 'NONE',  ( 0.05000000000000000278, 0.01000000000000000021, 0.1419999999999996543 ) ) ;
#4230 = B_SPLINE_CURVE_WITH_KNOTS ( 'NONE', 3,
 ( #1766, #4650, #2575, #1044 ),
 .UNSPECIFIED., .F., .F.,
 ( 4, 4 ),
 ( 0.0000000000000000000, 1.000000000000000000 ),
 .UNSPECIFIED. ) ;
#4231 = DIRECTION ( 'NONE',  ( -0.0000000000000000000, -0.0000000000000000000, -1.000000000000000000 ) ) ;
#4232 = AXIS2_PLACEMENT_3D ( 'NONE', #4745, #1956, #4342 ) ;
#4233 = ORIENTED_EDGE ( 'NONE', *, *, #1366, .F. ) ;
#4234 = ORIENTED_EDGE ( 'NONE', *, *, #4168, .T. ) ;
#4235 = CARTESIAN_POINT ( 'NONE',  ( 0.1487875483474893623, 0.0000000000000000000, -0.06099999999999999173 ) ) ;
#4236 = VECTOR ( 'NONE', #1296, 39.37007874015748143 ) ;
#4237 = ORIENTED_EDGE ( 'NONE', *, *, #4335, .T. ) ;
#4238 = CARTESIAN_POINT ( 'NONE',  ( 0.1119999999999999607, 0.07166666666666667018, 0.1119999999999999885 ) ) ;
#4239 = CARTESIAN_POINT ( 'NONE',  ( 0.1328941562142821886, 0.02567333688023188190, -0.08500000004565745615 ) ) ;
#4240 = EDGE_CURVE ( 'NONE', #10, #4075, #575, .T. ) ;
#4241 = VECTOR ( 'NONE', #1562, 39.37007874015748854 ) ;
#4242 = PLANE ( 'NONE',  #268 ) ;
#4243 = PLANE ( 'NONE',  #4311 ) ;
#4244 = ORIENTED_EDGE ( 'NONE', *, *, #1589, .T. ) ;
#4245 = VECTOR ( 'NONE', #781, 39.37007874015748143 ) ;
#4246 = EDGE_CURVE ( 'NONE', #1762, #3183, #4045, .T. ) ;
#4247 = ORIENTED_EDGE ( 'NONE', *, *, #3025, .F. ) ;
#4248 = ORIENTED_EDGE ( 'NONE', *, *, #3102, .F. ) ;
#4249 = ADVANCED_FACE ( 'NONE', ( #29 ), #4443, .T. ) ;
#4250 = CARTESIAN_POINT ( 'NONE',  ( 0.1319999999999999785, 0.1333333333333332482, 0.1119999999999999885 ) ) ;
#4251 = DIRECTION ( 'NONE',  ( -1.000000000000000000, 0.0000000000000000000, 0.0000000000000000000 ) ) ;
#4252 = LINE ( 'NONE', #1850, #2125 ) ;
#4253 = EDGE_CURVE ( 'NONE', #3088, #602, #1239, .T. ) ;
#4254 = ORIENTED_EDGE ( 'NONE', *, *, #4382, .T. ) ;
#4255 = DIRECTION ( 'NONE',  ( 0.0000000000000000000, 0.0000000000000000000, 1.000000000000000000 ) ) ;
#4256 = DIRECTION ( 'NONE',  ( 0.0000000000000000000, 0.0000000000000000000, -1.000000000000000000 ) ) ;
#4257 = ORIENTED_EDGE ( 'NONE', *, *, #3260, .T. ) ;
#4258 = ORIENTED_EDGE ( 'NONE', *, *, #3285, .T. ) ;
#4259 = LINE ( 'NONE', #5033, #4209 ) ;
#4260 = VERTEX_POINT ( 'NONE', #3300 ) ;
#4261 = FACE_OUTER_BOUND ( 'NONE', #3388, .T. ) ;
#4262 = CARTESIAN_POINT ( 'NONE',  ( -0.05000000000000000278, 0.0000000000000000000, 0.1419999999999996543 ) ) ;
#4263 = CARTESIAN_POINT ( 'NONE',  ( -0.1411829972859962035, 0.02126754045964037235, -0.1219999999999999835 ) ) ;
#4264 = CARTESIAN_POINT ( 'NONE',  ( -0.06250000000000000000, 0.07166666666666667018, 0.07199999999999998068 ) ) ;
#4265 = DIRECTION ( 'NONE',  ( 0.0000000000000000000, 0.0000000000000000000, 1.000000000000000000 ) ) ;
#4266 = ADVANCED_FACE ( 'NONE', ( #425 ), #897, .T. ) ;
#4267 = SURFACE_STYLE_USAGE ( .BOTH. , #4670 ) ;
#4268 = FACE_OUTER_BOUND ( 'NONE', #3481, .T. ) ;
#4269 = DIRECTION ( 'NONE',  ( -1.000000000000000000, 0.0000000000000000000, 0.0000000000000000000 ) ) ;
#4270 = ORIENTED_EDGE ( 'NONE', *, *, #596, .F. ) ;
#4271 = PRODUCT_DEFINITION ( 'UNKNOWN', '', #1139, #675 ) ;
#4272 = ORIENTED_EDGE ( 'NONE', *, *, #4405, .T. ) ;
#4273 = EDGE_LOOP ( 'NONE', ( #2298, #262, #4751, #3605 ) ) ;
#4274 = DIRECTION ( 'NONE',  ( -1.115884769084667415E-16, 0.0000000000000000000, -1.000000000000000000 ) ) ;
#4275 = DIRECTION ( 'NONE',  ( 1.000000000000000000, 3.414809992080329516E-15, -0.0000000000000000000 ) ) ;
#4276 = LINE ( 'NONE', #5000, #3789 ) ;
#4277 = AXIS2_PLACEMENT_3D ( 'NONE', #333, #795, #4773 ) ;
#4278 = ORIENTED_EDGE ( 'NONE', *, *, #644, .F. ) ;
#4279 = SURFACE_SIDE_STYLE ('',( #3368 ) ) ;
#4280 = MECHANICAL_DESIGN_GEOMETRIC_PRESENTATION_REPRESENTATION (  '', ( #913 ), #3363 ) ;
#4281 = LINE ( 'NONE', #3491, #3298 ) ;
#4282 = EDGE_CURVE ( 'NONE', #2788, #2242, #53, .T. ) ;
#4283 = B_SPLINE_CURVE_WITH_KNOTS ( 'NONE', 3,
 ( #2225, #252, #1852, #4225 ),
 .UNSPECIFIED., .F., .F.,
 ( 4, 4 ),
 ( 0.0000000000000000000, 1.000000000000000000 ),
 .UNSPECIFIED. ) ;
#4284 = COLOUR_RGB ( '',0.4980392156862745168, 0.4980392156862745168, 0.4980392156862745168 ) ;
#4285 = ORIENTED_EDGE ( 'NONE', *, *, #3779, .F. ) ;
#4286 = PLANE ( 'NONE',  #3028 ) ;
#4287 = EDGE_LOOP ( 'NONE', ( #4725, #4377, #4446, #3020 ) ) ;
#4288 = CARTESIAN_POINT ( 'NONE',  ( 0.1358676626300737711, 0.01126754045964036693, -0.1219999999999999835 ) ) ;
#4289 = DIRECTION ( 'NONE',  ( 0.0000000000000000000, 0.0000000000000000000, 1.000000000000000000 ) ) ;
#4290 = VECTOR ( 'NONE', #3986, 39.37007874015748143 ) ;
#4291 = FACE_OUTER_BOUND ( 'NONE', #792, .T. ) ;
#4292 = VECTOR ( 'NONE', #4171, 39.37007874015748143 ) ;
#4293 = CARTESIAN_POINT ( 'NONE',  ( 0.1219999999999994977, 0.02567333688023188190, 0.01200000004565745897 ) ) ;
#4294 = EDGE_CURVE ( 'NONE', #421, #1360, #4499, .T. ) ;
#4295 = DIRECTION ( 'NONE',  ( -1.000000000000000000, -0.0000000000000000000, -0.0000000000000000000 ) ) ;
#4296 = ORIENTED_EDGE ( 'NONE', *, *, #924, .F. ) ;
#4297 = EDGE_LOOP ( 'NONE', ( #2469, #1749, #1013, #439 ) ) ;
#4298 = UNCERTAINTY_MEASURE_WITH_UNIT (LENGTH_MEASURE( 1.000000000000000082E-05 ), #4649, 'distance_accuracy_value', 'NONE');
#4299 = AXIS2_PLACEMENT_3D ( 'NONE', #1265, #499, #2063 ) ;
#4300 = STYLED_ITEM ( 'NONE', ( #4506 ), #2297 ) ;
#4301 = DIRECTION ( 'NONE',  ( 1.530255967303269802E-15, -1.000000000000000000, 0.0000000000000000000 ) ) ;
#4302 = EDGE_CURVE ( 'NONE', #1575, #1720, #4472, .T. ) ;
#4303 = DIRECTION ( 'NONE',  ( 0.0000000000000000000, -0.0000000000000000000, -1.000000000000000000 ) ) ;
#4304 = FACE_OUTER_BOUND ( 'NONE', #872, .T. ) ;
#4305 = VECTOR ( 'NONE', #1322, 39.37007874015748143 ) ;
#4306 = ORIENTED_EDGE ( 'NONE', *, *, #4152, .F. ) ;
#4307 = DIRECTION ( 'NONE',  ( 0.0000000000000000000, 1.000000000000000000, 0.0000000000000000000 ) ) ;
#4308 = DIRECTION ( 'NONE',  ( -1.000000000000000000, 1.530255967303269802E-15, -0.0000000000000000000 ) ) ;
#4309 = DIRECTION ( 'NONE',  ( 0.0000000000000000000, 0.0000000000000000000, -1.000000000000000000 ) ) ;
#4310 = ADVANCED_FACE ( 'NONE', ( #4904 ), #504, .F. ) ;
#4311 = AXIS2_PLACEMENT_3D ( 'NONE', #2134, #3353, #4959 ) ;
#4312 = FACE_OUTER_BOUND ( 'NONE', #1165, .T. ) ;
#4313 = ORIENTED_EDGE ( 'NONE', *, *, #1637, .F. ) ;
#4314 = CARTESIAN_POINT ( 'NONE',  ( 0.1275788215583597285, 0.01567333688023187302, -0.1219999999999999835 ) ) ;
#4315 = LENGTH_MEASURE_WITH_UNIT ( LENGTH_MEASURE( 0.02539999999999999897 ), #3885 );
#4316 = CARTESIAN_POINT ( 'NONE',  ( 0.05000000000000000278, 0.0000000000000000000, 0.1419999999999996543 ) ) ;
#4317 = CIRCLE ( 'NONE', #3548, 0.01999999999999999001 ) ;
#4318 = EDGE_CURVE ( 'NONE', #3553, #2745, #4991, .T. ) ;
#4319 = VERTEX_POINT ( 'NONE', #2982 ) ;
#4320 = FACE_OUTER_BOUND ( 'NONE', #3355, .T. ) ;
#4321 = PLANE ( 'NONE',  #3403 ) ;
#4322 = ORIENTED_EDGE ( 'NONE', *, *, #579, .T. ) ;
#4323 = ORIENTED_EDGE ( 'NONE', *, *, #650, .F. ) ;
#4324 = CARTESIAN_POINT ( 'NONE',  ( 0.06650453896958855027, 0.2149999333333333373, 0.07650453896958853139 ) ) ;
#4325 = DIRECTION ( 'NONE',  ( 0.0000000000000000000, -1.000000000000000000, -0.0000000000000000000 ) ) ;
#4326 = DIRECTION ( 'NONE',  ( 0.5594203579408524307, -0.8288841071713997088, 0.0000000000000000000 ) ) ;
#4327 = FACE_OUTER_BOUND ( 'NONE', #2884, .T. ) ;
#4328 = VECTOR ( 'NONE', #3286, 39.37007874015748143 ) ;
#4329 = EDGE_LOOP ( 'NONE', ( #972, #3588, #4234, #3623 ) ) ;
#4330 = ADVANCED_FACE ( 'NONE', ( #4216 ), #4321, .T. ) ;
#4331 = EDGE_CURVE ( 'NONE', #4435, #1558, #4763, .T. ) ;
#4332 = ORIENTED_EDGE ( 'NONE', *, *, #1397, .T. ) ;
#4333 = CARTESIAN_POINT ( 'NONE',  ( 0.06250000000000001388, 0.01000000000000000021, -0.1219999999999999835 ) ) ;
#4334 = CARTESIAN_POINT ( 'NONE',  ( 0.1219999999999994839, 0.01567333688023188343, -0.06099999999999999173 ) ) ;
#4335 = EDGE_CURVE ( 'NONE', #4704, #2190, #1157, .T. ) ;
#4336 = SURFACE_SIDE_STYLE ('',( #1639 ) ) ;
#4337 = ORIENTED_EDGE ( 'NONE', *, *, #400, .F. ) ;
#4338 = LINE ( 'NONE', #3147, #2332 ) ;
#4339 = CARTESIAN_POINT ( 'NONE',  ( -0.1219999999999994839, 0.02567333688023188190, -0.01199999999999999678 ) ) ;
#4340 = DIRECTION ( 'NONE',  ( -0.0000000000000000000, 0.0000000000000000000, 1.000000000000000000 ) ) ;
#4341 = VERTEX_POINT ( 'NONE', #4746 ) ;
#4342 = DIRECTION ( 'NONE',  ( -1.000000000000000000, 0.0000000000000000000, 0.0000000000000000000 ) ) ;
#4343 = CARTESIAN_POINT ( 'NONE',  ( 0.1219999999999994977, 0.01567333688023188343, 0.08500000004565745615 ) ) ;
#4344 = VERTEX_POINT ( 'NONE', #1913 ) ;
#4345 = EDGE_CURVE ( 'NONE', #3790, #4538, #203, .T. ) ;
#4346 = FACE_OUTER_BOUND ( 'NONE', #3853, .T. ) ;
#4347 = CARTESIAN_POINT ( 'NONE',  ( -0.1541028830034117947, 0.02000000000000000042, 0.01200000004565746244 ) ) ;
#4348 = ORIENTED_EDGE ( 'NONE', *, *, #2514, .T. ) ;
#4349 = ORIENTED_EDGE ( 'NONE', *, *, #322, .F. ) ;
#4350 = ORIENTED_EDGE ( 'NONE', *, *, #1898, .T. ) ;
#4351 = CARTESIAN_POINT ( 'NONE',  ( 0.05000000000000000278, 0.01000000000000000021, -0.1419999999999996543 ) ) ;
#4352 = DIRECTION ( 'NONE',  ( 0.0000000000000000000, -8.537024980200811957E-16, -1.000000000000000000 ) ) ;
#4353 = DIMENSIONAL_EXPONENTS ( 1.000000000000000000, 0.0000000000000000000, 0.0000000000000000000, 0.0000000000000000000, 0.0000000000000000000, 0.0000000000000000000, 0.0000000000000000000 ) ;
#4354 = DIRECTION ( 'NONE',  ( 0.0000000000000000000, 0.0000000000000000000, -1.000000000000000000 ) ) ;
#4355 = CLOSED_SHELL ( 'NONE', ( #832, #799, #36, #5120, #5124, #2679, #1415, #3961, #2921, #5030, #3819, #2205, #2553, #2330 ) ) ;
#4356 = VECTOR ( 'NONE', #1153, 39.37007874015748143 ) ;
#4357 = LINE ( 'NONE', #3575, #1516 ) ;
#4358 = ORIENTED_EDGE ( 'NONE', *, *, #3656, .F. ) ;
#4359 = CARTESIAN_POINT ( 'NONE',  ( 0.06250000000000001388, 0.01000000000000000021, 0.07199999999999998068 ) ) ;
#4360 = DIRECTION ( 'NONE',  ( 0.0000000000000000000, 0.0000000000000000000, -1.000000000000000000 ) ) ;
#4361 = CARTESIAN_POINT ( 'NONE',  ( -0.1411829972859962035, 0.02126754045964037235, -0.08500000004565745615 ) ) ;
#4362 = CARTESIAN_POINT ( 'NONE',  ( -0.1358676626300737711, 0.01126754045964036693, -0.06099999999999999173 ) ) ;
#4363 =( GEOMETRIC_REPRESENTATION_CONTEXT ( 3 ) GLOBAL_UNCERTAINTY_ASSIGNED_CONTEXT ( ( #4817 ) ) GLOBAL_UNIT_ASSIGNED_CONTEXT ( ( #3590, #814, #2741 ) ) REPRESENTATION_CONTEXT ( 'NONE', 'WORKASPACE' ) );
#4364 = EDGE_CURVE ( 'NONE', #3437, #4260, #2762, .T. ) ;
#4365 = CARTESIAN_POINT ( 'NONE',  ( 0.1219999999999994839, 0.02567333688023188190, -0.06099999999999999173 ) ) ;
#4366 = VECTOR ( 'NONE', #2576, 39.37007874015748143 ) ;
#4367 = ORIENTED_EDGE ( 'NONE', *, *, #3985, .F. ) ;
#4368 = EDGE_CURVE ( 'NONE', #370, #732, #2315, .T. ) ;
#4369 = CARTESIAN_POINT ( 'NONE',  ( 0.05018797385280763385, 0.2139999333333333364, 0.05018797385280814732 ) ) ;
#4370 = VECTOR ( 'NONE', #4352, 39.37007874015748143 ) ;
#4371 =( GEOMETRIC_REPRESENTATION_CONTEXT ( 3 ) GLOBAL_UNCERTAINTY_ASSIGNED_CONTEXT ( ( #2245 ) ) GLOBAL_UNIT_ASSIGNED_CONTEXT ( ( #1671, #4604, #2177 ) ) REPRESENTATION_CONTEXT ( 'NONE', 'WORKASPACE' ) );
#4372 = EDGE_CURVE ( 'NONE', #4945, #698, #2738, .T. ) ;
#4373 = VERTEX_POINT ( 'NONE', #4343 ) ;
#4374 = VECTOR ( 'NONE', #4378, 39.37007874015748143 ) ;
#4375 = VERTEX_POINT ( 'NONE', #2336 ) ;
#4376 = EDGE_CURVE ( 'NONE', #1520, #3567, #347, .T. ) ;
#4377 = ORIENTED_EDGE ( 'NONE', *, *, #3569, .F. ) ;
#4378 = DIRECTION ( 'NONE',  ( 0.0000000000000000000, 0.0000000000000000000, 1.000000000000000000 ) ) ;
#4379 = CARTESIAN_POINT ( 'NONE',  ( -0.1358676626300737711, 0.01126754045964036693, 0.08500000004565745615 ) ) ;
#4380 = CARTESIAN_POINT ( 'NONE',  ( -0.1649970392176944578, 0.01000000000000000021, -0.06099999999999999173 ) ) ;
#4381 = DIRECTION ( 'NONE',  ( 0.0000000000000000000, 0.0000000000000000000, 1.000000000000000000 ) ) ;
#4382 = EDGE_CURVE ( 'NONE', #5191, #2844, #1545, .T. ) ;
#4383 = VECTOR ( 'NONE', #681, 39.37007874015748143 ) ;
#4384 = ORIENTED_EDGE ( 'NONE', *, *, #467, .F. ) ;
#4385 = AXIS2_PLACEMENT_3D ( 'NONE', #3511, #775, #1557 ) ;
#4386 = ORIENTED_EDGE ( 'NONE', *, *, #2984, .T. ) ;
#4387 = LINE ( 'NONE', #1174, #4356 ) ;
#4388 = PRESENTATION_STYLE_ASSIGNMENT (( #2754 ) ) ;
#4389 = DIRECTION ( 'NONE',  ( -0.0000000000000000000, 1.000000000000000000, -0.0000000000000000000 ) ) ;
#4390 = PLANE ( 'NONE',  #3068 ) ;
#4391 = ORIENTED_EDGE ( 'NONE', *, *, #3025, .T. ) ;
#4392 = FILL_AREA_STYLE_COLOUR ( '', #4641 ) ;
#4393 = CARTESIAN_POINT ( 'NONE',  ( 0.0000000000000000000, 0.0000000000000000000, 0.07199999999999998068 ) ) ;
#4394 =( GEOMETRIC_REPRESENTATION_CONTEXT ( 3 ) GLOBAL_UNCERTAINTY_ASSIGNED_CONTEXT ( ( #5045 ) ) GLOBAL_UNIT_ASSIGNED_CONTEXT ( ( #2415, #2811, #4438 ) ) REPRESENTATION_CONTEXT ( 'NONE', 'WORKASPACE' ) );
#4395 = EDGE_LOOP ( 'NONE', ( #2398, #3241, #1592, #1653 ) ) ;
#4396 = EDGE_CURVE ( 'NONE', #4135, #3774, #5164, .T. ) ;
#4397 = DIRECTION ( 'NONE',  ( 0.0000000000000000000, 0.0000000000000000000, -1.000000000000000000 ) ) ;
#4398 = CARTESIAN_POINT ( 'NONE',  ( -0.05000000000000000278, 0.07166666666666665630, -0.08199999999999998956 ) ) ;
#4399 = ORIENTED_EDGE ( 'NONE', *, *, #704, .F. ) ;
#4400 = ORIENTED_EDGE ( 'NONE', *, *, #3152, .F. ) ;
#4401 = EDGE_CURVE ( 'NONE', #3919, #5207, #3982, .T. ) ;
#4402 = VERTEX_POINT ( 'NONE', #3235 ) ;
#4403 =( CONVERSION_BASED_UNIT ( 'INCH', #1147 ) LENGTH_UNIT ( ) NAMED_UNIT ( #2467 ) );
#4404 = CARTESIAN_POINT ( 'NONE',  ( 0.06250000000000001388, 0.07166666666666667018, 0.07199999999999998068 ) ) ;
#4405 = EDGE_CURVE ( 'NONE', #698, #3488, #477, .T. ) ;
#4406 = CARTESIAN_POINT ( 'NONE',  ( -0.1487875483474893623, 0.01000000000000000021, -0.08500000004565745615 ) ) ;
#4407 = ORIENTED_EDGE ( 'NONE', *, *, #315, .F. ) ;
#4408 = LINE ( 'NONE', #1584, #4611 ) ;
#4409 =( NAMED_UNIT ( * ) PLANE_ANGLE_UNIT ( ) SI_UNIT ( $, .RADIAN. ) );
#4410 = CARTESIAN_POINT ( 'NONE',  ( 0.1219999999999995116, 0.01567333688023188343, 0.06100000004565745565 ) ) ;
#4411 = ORIENTED_EDGE ( 'NONE', *, *, #787, .T. ) ;
#4412 = CARTESIAN_POINT ( 'NONE',  ( 0.1219999999999994977, 0.02567333688023188190, -0.08500000004565745615 ) ) ;
#4413 = DIRECTION ( 'NONE',  ( 0.0000000000000000000, -0.0000000000000000000, 1.000000000000000000 ) ) ;
#4414 = EDGE_CURVE ( 'NONE', #522, #1666, #2416, .T. ) ;
#4415 = ORIENTED_EDGE ( 'NONE', *, *, #5162, .F. ) ;
#4416 = DIRECTION ( 'NONE',  ( 0.0000000000000000000, -1.000000000000000000, -0.0000000000000000000 ) ) ;
#4417 = LINE ( 'NONE', #840, #3688 ) ;
#4418 = CARTESIAN_POINT ( 'NONE',  ( 0.1119999999999999607, 0.1333333333333332482, -0.1119999999999999885 ) ) ;
#4419 =( CONVERSION_BASED_UNIT ( 'INCH', #1684 ) LENGTH_UNIT ( ) NAMED_UNIT ( #3809 ) );
#4420 = ORIENTED_EDGE ( 'NONE', *, *, #2223, .T. ) ;
#4421 = ORIENTED_EDGE ( 'NONE', *, *, #2436, .T. ) ;
#4422 = ORIENTED_EDGE ( 'NONE', *, *, #1348, .T. ) ;
#4423 =( NAMED_UNIT ( * ) SI_UNIT ( $, .STERADIAN. ) SOLID_ANGLE_UNIT ( ) );
#4424 = SURFACE_STYLE_USAGE ( .BOTH. , #1967 ) ;
#4425 = FACE_OUTER_BOUND ( 'NONE', #3006, .T. ) ;
#4426 = CARTESIAN_POINT ( 'NONE',  ( -0.1541028830034118224, 0.01000000000000000021, -0.1219999999999999835 ) ) ;
#4427 = VERTEX_POINT ( 'NONE', #418 ) ;
#4428 = ADVANCED_BREP_SHAPE_REPRESENTATION ( '4490FB7E-0BD2-40B7-AA48-13DE14620EA8', ( #2390, #2297, #690, #2382, #670, #4130, #541, #4108, #2278, #3963, #2289, #41 ), #3637 ) ;
#4429 = ORIENTED_EDGE ( 'NONE', *, *, #3665, .F. ) ;
#4430 = LINE ( 'NONE', #2470, #3675 ) ;
#4431 = DIRECTION ( 'NONE',  ( 0.0000000000000000000, -1.000000000000000000, 0.0000000000000000000 ) ) ;
#4432 = CLOSED_SHELL ( 'NONE', ( #3390, #3911, #1098, #3122, #1116, #2710, #2614, #412, #4843, #4330, #3849, #2719, #1418, #4732 ) ) ;
#4433 = ADVANCED_FACE ( 'NONE', ( #3958 ), #2008, .F. ) ;
#4434 = FACE_OUTER_BOUND ( 'NONE', #3174, .T. ) ;
#4435 = VERTEX_POINT ( 'NONE', #2479 ) ;
#4436 = EDGE_CURVE ( 'NONE', #2126, #2788, #118, .T. ) ;
#4437 = DIRECTION ( 'NONE',  ( 1.000000000000000000, 0.0000000000000000000, 0.0000000000000000000 ) ) ;
#4438 =( NAMED_UNIT ( * ) SI_UNIT ( $, .STERADIAN. ) SOLID_ANGLE_UNIT ( ) );
#4439 = CYLINDRICAL_SURFACE ( 'NONE', #1505, 0.009999999999999995004 ) ;
#4440 = CARTESIAN_POINT ( 'NONE',  ( -0.1541028830034118224, 0.01000000000000000021, -0.01200000000000000198 ) ) ;
#4441 = DIRECTION ( 'NONE',  ( -0.8288841071713997088, 0.5594203579408525417, 0.0000000000000000000 ) ) ;
#4442 = ADVANCED_FACE ( 'NONE', ( #3173 ), #2791, .T. ) ;
#4443 = PLANE ( 'NONE',  #4564 ) ;
#4444 = DIRECTION ( 'NONE',  ( 0.0000000000000000000, 1.000000000000000000, -0.0000000000000000000 ) ) ;
#4445 = DIRECTION ( 'NONE',  ( 0.0000000000000000000, -1.000000000000000000, 0.0000000000000000000 ) ) ;
#4446 = ORIENTED_EDGE ( 'NONE', *, *, #5192, .T. ) ;
#4447 = VERTEX_POINT ( 'NONE', #5211 ) ;
#4448 = PRESENTATION_LAYER_ASSIGNMENT (  '', '', ( #1759 ) ) ;
#4449 = EDGE_LOOP ( 'NONE', ( #3838, #293, #4724, #5122 ) ) ;
#4450 = CONICAL_SURFACE ( 'NONE', #2858, 0.01732050807568874529, 0.2617993877991496854 ) ;
#4451 = DIRECTION ( 'NONE',  ( 0.0000000000000000000, 0.0000000000000000000, 1.000000000000000000 ) ) ;
#4452 = VECTOR ( 'NONE', #463, 39.37007874015748143 ) ;
#4453 = VERTEX_POINT ( 'NONE', #862 ) ;
#4454 = CARTESIAN_POINT ( 'NONE',  ( -0.07650453896958855915, 0.1433333333333333404, -0.06650453896958856415 ) ) ;
#4455 = EDGE_CURVE ( 'NONE', #2123, #4577, #1675, .T. ) ;
#4456 = ORIENTED_EDGE ( 'NONE', *, *, #4513, .F. ) ;
#4457 = MECHANICAL_DESIGN_GEOMETRIC_PRESENTATION_REPRESENTATION (  '', ( #4889 ), #2866 ) ;
#4458 = LINE ( 'NONE', #3168, #3096 ) ;
#4459 = DIRECTION ( 'NONE',  ( -3.414809992080329516E-15, 1.000000000000000000, 0.0000000000000000000 ) ) ;
#4460 = PLANE ( 'NONE',  #2980 ) ;
#4461 = CARTESIAN_POINT ( 'NONE',  ( 0.05000000000000000278, 0.0000000000000000000, 0.1419999999999996543 ) ) ;
#4462 = AXIS2_PLACEMENT_3D ( 'NONE', #5005, #4626, #2254 ) ;
#4463 = ORIENTED_EDGE ( 'NONE', *, *, #4469, .F. ) ;
#4464 = ORIENTED_EDGE ( 'NONE', *, *, #3082, .T. ) ;
#4465 = DIRECTION ( 'NONE',  ( 0.0000000000000000000, 0.0000000000000000000, 1.000000000000000000 ) ) ;
#4466 = AXIS2_PLACEMENT_3D ( 'NONE', #3086, #2320, #3134 ) ;
#4467 = DIRECTION ( 'NONE',  ( 0.0000000000000000000, 0.0000000000000000000, 1.000000000000000000 ) ) ;
#4468 = DIRECTION ( 'NONE',  ( 1.000000000000000000, 0.0000000000000000000, 0.0000000000000000000 ) ) ;
#4469 = EDGE_CURVE ( 'NONE', #1575, #602, #3206, .T. ) ;
#4470 = FILL_AREA_STYLE_COLOUR ( '', #2020 ) ;
#4471 = DIRECTION ( 'NONE',  ( 0.0000000000000000000, 1.000000000000000000, 0.0000000000000000000 ) ) ;
#4472 = LINE ( 'NONE', #3178, #2970 ) ;
#4473 = DIRECTION ( 'NONE',  ( 1.000000000000000000, -8.537024980200826748E-16, 0.0000000000000000000 ) ) ;
#4474 = PLANE ( 'NONE',  #4226 ) ;
#4475 = VECTOR ( 'NONE', #3406, 39.37007874015748143 ) ;
#4476 = EDGE_LOOP ( 'NONE', ( #513, #654, #4596, #3005 ) ) ;
#4477 = ORIENTED_EDGE ( 'NONE', *, *, #3506, .F. ) ;
#4478 = VERTEX_POINT ( 'NONE', #4440 ) ;
#4479 = CARTESIAN_POINT ( 'NONE',  ( -0.1328941562142821886, 0.01567333688023188343, -0.06099999999999999173 ) ) ;
#4480 = DIRECTION ( 'NONE',  ( 0.0000000000000000000, 0.0000000000000000000, 1.000000000000000000 ) ) ;
#4481 = DIRECTION ( 'NONE',  ( -0.0000000000000000000, -1.000000000000000000, -0.0000000000000000000 ) ) ;
#4482 = CARTESIAN_POINT ( 'NONE',  ( 0.1649970392176944578, 0.01000000000000000021, 0.06100000004565745565 ) ) ;
#4483 = ORIENTED_EDGE ( 'NONE', *, *, #4608, .F. ) ;
#4484 = CARTESIAN_POINT ( 'NONE',  ( 0.1458140419316977521, 0.01440579642059151150, -0.06099999999999999173 ) ) ;
#4485 = ORIENTED_EDGE ( 'NONE', *, *, #3142, .F. ) ;
#4486 = DIRECTION ( 'NONE',  ( 0.0000000000000000000, -0.0000000000000000000, -1.000000000000000000 ) ) ;
#4487 = DIRECTION ( 'NONE',  ( -1.000000000000000000, 0.0000000000000000000, 0.0000000000000000000 ) ) ;
#4488 = CARTESIAN_POINT ( 'NONE',  ( -0.1541028830034118224, 0.01000000000000000021, -0.1219999999999999835 ) ) ;
#4489 = CARTESIAN_POINT ( 'NONE',  ( -0.01833333333333330567, 0.02000000000000000042, 0.07199999999999996680 ) ) ;
#4490 = CARTESIAN_POINT ( 'NONE',  ( -0.05000000000000000278, 0.01000000000000000021, 0.1419999999999996543 ) ) ;
#4491 = EDGE_CURVE ( 'NONE', #4577, #3774, #4066, .T. ) ;
#4492 = AXIS2_PLACEMENT_3D ( 'NONE', #3236, #4441, #3643 ) ;
#4493 = VERTEX_POINT ( 'NONE', #836 ) ;
#4494 = LENGTH_MEASURE_WITH_UNIT ( LENGTH_MEASURE( 0.02539999999999999897 ), #3726 );
#4495 = ORIENTED_EDGE ( 'NONE', *, *, #315, .T. ) ;
#4496 = SURFACE_STYLE_USAGE ( .BOTH. , #2893 ) ;
#4497 = DIRECTION ( 'NONE',  ( 1.000000000000000000, 0.0000000000000000000, 0.0000000000000000000 ) ) ;
#4498 = CARTESIAN_POINT ( 'NONE',  ( 0.1411829972859962035, 0.02126754045964037235, -0.08500000004565745615 ) ) ;
#4499 = LINE ( 'NONE', #4872, #1701 ) ;
#4500 = CARTESIAN_POINT ( 'NONE',  ( 0.05000000000000000278, 0.01333333333333333245, 0.08200000000000000344 ) ) ;
#4501 = DIRECTION ( 'NONE',  ( 0.0000000000000000000, 0.0000000000000000000, 1.000000000000000000 ) ) ;
#4502 = EDGE_CURVE ( 'NONE', #1720, #3088, #3564, .T. ) ;
#4503 = ORIENTED_EDGE ( 'NONE', *, *, #3973, .F. ) ;
#4504 = ORIENTED_EDGE ( 'NONE', *, *, #3993, .F. ) ;
#4505 = ORIENTED_EDGE ( 'NONE', *, *, #2706, .T. ) ;
#4506 = PRESENTATION_STYLE_ASSIGNMENT (( #849 ) ) ;
#4507 = DIRECTION ( 'NONE',  ( 0.0000000000000000000, 0.0000000000000000000, 1.000000000000000000 ) ) ;
#4508 = LINE ( 'NONE', #170, #4717 ) ;
#4509 = DIRECTION ( 'NONE',  ( 1.000000000000000000, 1.530255967303269802E-15, 0.0000000000000000000 ) ) ;
#4510 = VERTEX_POINT ( 'NONE', #1213 ) ;
#4511 = LINE ( 'NONE', #4918, #424 ) ;
#4512 = FACE_OUTER_BOUND ( 'NONE', #2270, .T. ) ;
#4513 = EDGE_CURVE ( 'NONE', #3740, #2280, #4788, .T. ) ;
#4514 = ORIENTED_EDGE ( 'NONE', *, *, #623, .F. ) ;
#4515 = EDGE_LOOP ( 'NONE', ( #509, #4030, #3136, #4349 ) ) ;
#4516 = VECTOR ( 'NONE', #3074, 39.37007874015748143 ) ;
#4517 = DIRECTION ( 'NONE',  ( 0.0000000000000000000, 0.0000000000000000000, -1.000000000000000000 ) ) ;
#4518 = CARTESIAN_POINT ( 'NONE',  ( -0.1649970392176944856, 0.0000000000000000000, -0.1219999999999999835 ) ) ;
#4519 = DIRECTION ( 'NONE',  ( -1.000000000000000000, 0.0000000000000000000, 0.0000000000000000000 ) ) ;
#4520 = EDGE_CURVE ( 'NONE', #57, #4781, #3642, .T. ) ;
#4521 = DIRECTION ( 'NONE',  ( 0.0000000000000000000, 0.0000000000000000000, 1.000000000000000000 ) ) ;
#4522 = LINE ( 'NONE', #3735, #3523 ) ;
#4523 = LINE ( 'NONE', #4100, #193 ) ;
#4524 =( LENGTH_UNIT ( ) NAMED_UNIT ( * ) SI_UNIT ( $, .METRE. ) );
#4525 =( GEOMETRIC_REPRESENTATION_CONTEXT ( 3 ) GLOBAL_UNCERTAINTY_ASSIGNED_CONTEXT ( ( #308 ) ) GLOBAL_UNIT_ASSIGNED_CONTEXT ( ( #3783, #761, #4004 ) ) REPRESENTATION_CONTEXT ( 'NONE', 'WORKASPACE' ) );
#4526 = EDGE_LOOP ( 'NONE', ( #3337, #3866, #4910, #5152, #1644, #1512, #4337, #1610, #2587, #1410, #4411, #1066 ) ) ;
#4527 = ORIENTED_EDGE ( 'NONE', *, *, #3149, .T. ) ;
#4528 = LENGTH_MEASURE_WITH_UNIT ( LENGTH_MEASURE( 0.02539999999999999897 ), #2907 );
#4529 = EDGE_CURVE ( 'NONE', #3084, #1874, #50, .T. ) ;
#4530 = CARTESIAN_POINT ( 'NONE',  ( 0.1541028830034118224, 0.01000000000000000021, -0.1219999999999999835 ) ) ;
#4531 = FILL_AREA_STYLE ('',( #1690 ) ) ;
#4532 = AXIS2_PLACEMENT_3D ( 'NONE', #373, #1525, #2395 ) ;
#4533 = CARTESIAN_POINT ( 'NONE',  ( -0.07650453896958855915, 0.2149999333333333373, -0.06650453896958856415 ) ) ;
#4534 = CARTESIAN_POINT ( 'NONE',  ( -0.05000000000000000278, 0.02000000000000000042, -0.08199999999999998956 ) ) ;
#4535 = COLOUR_RGB ( '',0.6745098039215686736, 0.6745098039215686736, 0.6745098039215686736 ) ;
#4536 = EDGE_CURVE ( 'NONE', #4823, #3319, #1980, .T. ) ;
#4537 = AXIS2_PLACEMENT_3D ( 'NONE', #4898, #1290, #1331 ) ;
#4538 = VERTEX_POINT ( 'NONE', #4815 ) ;
#4539 = PLANE ( 'NONE',  #3112 ) ;
#4540 = CARTESIAN_POINT ( 'NONE',  ( 0.1119999999999999607, 0.1433333333333333404, 0.1119999999999999885 ) ) ;
#4541 = DIRECTION ( 'NONE',  ( -1.000000000000000000, -0.0000000000000000000, -0.0000000000000000000 ) ) ;
#4542 = VECTOR ( 'NONE', #3035, 39.37007874015748143 ) ;
#4543 = VECTOR ( 'NONE', #1405, 39.37007874015748143 ) ;
#4544 = DIRECTION ( 'NONE',  ( 1.000000000000000000, 0.0000000000000000000, 0.0000000000000000000 ) ) ;
#4545 = ORIENTED_EDGE ( 'NONE', *, *, #392, .T. ) ;
#4546 = AXIS2_PLACEMENT_3D ( 'NONE', #3730, #136, #3348 ) ;
#4547 = COLOUR_RGB ( '',0.4980392156862745168, 0.4980392156862745168, 0.4980392156862745168 ) ;
#4548 = ORIENTED_EDGE ( 'NONE', *, *, #271, .T. ) ;
#4549 = CARTESIAN_POINT ( 'NONE',  ( 0.06650453896958855027, 0.2149999333333333373, 0.06650453896958853639 ) ) ;
#4550 = ORIENTED_EDGE ( 'NONE', *, *, #1637, .T. ) ;
#4551 = SURFACE_STYLE_USAGE ( .BOTH. , #3753 ) ;
#4552 = PRESENTATION_STYLE_ASSIGNMENT (( #891 ) ) ;
#4553 = FILL_AREA_STYLE_COLOUR ( '', #765 ) ;
#4554 = LINE ( 'NONE', #4125, #1877 ) ;
#4555 = VECTOR ( 'NONE', #4309, 39.37007874015748143 ) ;
#4556 = VECTOR ( 'NONE', #515, 39.37007874015748143 ) ;
#4557 = ADVANCED_FACE ( 'NONE', ( #2865 ), #1266, .T. ) ;
#4558 = DIRECTION ( 'NONE',  ( -0.0000000000000000000, 1.000000000000000000, -0.0000000000000000000 ) ) ;
#4559 = DIRECTION ( 'NONE',  ( 0.5594203579408524307, -0.8288841071713995978, 0.0000000000000000000 ) ) ;
#4560 = AXIS2_PLACEMENT_3D ( 'NONE', #1522, #2871, #4955 ) ;
#4561 = EDGE_CURVE ( 'NONE', #2634, #4624, #2919, .T. ) ;
#4562 = ORIENTED_EDGE ( 'NONE', *, *, #2324, .F. ) ;
#4563 = ORIENTED_EDGE ( 'NONE', *, *, #869, .T. ) ;
#4564 = AXIS2_PLACEMENT_3D ( 'NONE', #2102, #2421, #4011 ) ;
#4565 =( LENGTH_UNIT ( ) NAMED_UNIT ( * ) SI_UNIT ( $, .METRE. ) );
#4566 = LINE ( 'NONE', #961, #3295 ) ;
#4567 = DIRECTION ( 'NONE',  ( 0.0000000000000000000, 0.0000000000000000000, 1.000000000000000000 ) ) ;
#4568 = EDGE_CURVE ( 'NONE', #331, #2916, #1395, .T. ) ;
#4569 = EDGE_CURVE ( 'NONE', #3466, #194, #4554, .T. ) ;
#4570 = VECTOR ( 'NONE', #1471, 39.37007874015748143 ) ;
#4571 = EDGE_LOOP ( 'NONE', ( #4960, #2424, #4603, #2338 ) ) ;
#4572 = DIRECTION ( 'NONE',  ( 0.0000000000000000000, 0.0000000000000000000, 1.000000000000000000 ) ) ;
#4573 = CARTESIAN_POINT ( 'NONE',  ( -0.05000000000000000278, 0.02000000000000000042, 0.07199999999999998068 ) ) ;
#4574 =( LENGTH_UNIT ( ) NAMED_UNIT ( * ) SI_UNIT ( $, .METRE. ) );
#4575 = VERTEX_POINT ( 'NONE', #217 ) ;
#4576 = VECTOR ( 'NONE', #2859, 39.37007874015748854 ) ;
#4577 = VERTEX_POINT ( 'NONE', #2154 ) ;
#4578 = FACE_OUTER_BOUND ( 'NONE', #4449, .T. ) ;
#4579 = EDGE_LOOP ( 'NONE', ( #550, #1479, #2609, #1612, #943, #4875, #3954, #3071, #2715, #771, #1695, #3818 ) ) ;
#4580 = CARTESIAN_POINT ( 'NONE',  ( 0.05500000000000002109, 0.01000000000000000021, -0.08200000000000000344 ) ) ;
#4581 = PLANE ( 'NONE',  #96 ) ;
#4582 = PLANE ( 'NONE',  #1372 ) ;
#4583 = VECTOR ( 'NONE', #4087, 39.37007874015748143 ) ;
#4584 = DIRECTION ( 'NONE',  ( 0.0000000000000000000, 0.0000000000000000000, 1.000000000000000000 ) ) ;
#4585 = PLANE ( 'NONE',  #2266 ) ;
#4586 = ADVANCED_FACE ( 'NONE', ( #4927 ), #950, .F. ) ;
#4587 = DIRECTION ( 'NONE',  ( -1.000000000000000000, 0.0000000000000000000, 0.0000000000000000000 ) ) ;
#4588 = ORIENTED_EDGE ( 'NONE', *, *, #5087, .T. ) ;
#4589 = ORIENTED_EDGE ( 'NONE', *, *, #3175, .F. ) ;
#4590 = VERTEX_POINT ( 'NONE', #3732 ) ;
#4591 = DIRECTION ( 'NONE',  ( 0.0000000000000000000, 0.0000000000000000000, -1.000000000000000000 ) ) ;
#4592 = CARTESIAN_POINT ( 'NONE',  ( -0.1120000000000000162, 0.1333333333333332482, 0.1119999999999999885 ) ) ;
#4593 = DIRECTION ( 'NONE',  ( -1.000000000000000000, 0.0000000000000000000, 0.0000000000000000000 ) ) ;
#4594 = DIRECTION ( 'NONE',  ( 0.0000000000000000000, 0.0000000000000000000, 1.000000000000000000 ) ) ;
#4595 = EDGE_CURVE ( 'NONE', #1041, #3226, #5037, .T. ) ;
#4596 = ORIENTED_EDGE ( 'NONE', *, *, #4364, .T. ) ;
#4597 = CARTESIAN_POINT ( 'NONE',  ( 0.1219999999999994977, 0.01567333688023188343, -0.08500000004565745615 ) ) ;
#4598 = SURFACE_SIDE_STYLE ('',( #4085 ) ) ;
#4599 = DIRECTION ( 'NONE',  ( 1.530255967303269802E-15, -1.000000000000000000, 0.0000000000000000000 ) ) ;
#4600 = CARTESIAN_POINT ( 'NONE',  ( -0.1220000000000004969, 0.07166666666666667018, 0.1219999999999999835 ) ) ;
#4601 = PRESENTATION_STYLE_ASSIGNMENT (( #1723 ) ) ;
#4602 = EDGE_LOOP ( 'NONE', ( #263, #131, #307, #4272 ) ) ;
#4603 = ORIENTED_EDGE ( 'NONE', *, *, #3652, .T. ) ;
#4604 =( NAMED_UNIT ( * ) PLANE_ANGLE_UNIT ( ) SI_UNIT ( $, .RADIAN. ) );
#4605 = ORIENTED_EDGE ( 'NONE', *, *, #3929, .F. ) ;
#4606 = PLANE ( 'NONE',  #490 ) ;
#4607 =( LENGTH_UNIT ( ) NAMED_UNIT ( * ) SI_UNIT ( $, .METRE. ) );
#4608 = EDGE_CURVE ( 'NONE', #3493, #4510, #1947, .T. ) ;
#4609 = EDGE_CURVE ( 'NONE', #1040, #4019, #4210, .T. ) ;
#4610 =( LENGTH_UNIT ( ) NAMED_UNIT ( * ) SI_UNIT ( $, .METRE. ) );
#4611 = VECTOR ( 'NONE', #2808, 39.37007874015748143 ) ;
#4612 =( NAMED_UNIT ( * ) PLANE_ANGLE_UNIT ( ) SI_UNIT ( $, .RADIAN. ) );
#4613 = DIRECTION ( 'NONE',  ( 0.8288841071713998199, -0.5594203579408525417, 0.0000000000000000000 ) ) ;
#4614 = EDGE_LOOP ( 'NONE', ( #4485, #4617, #2942, #1702 ) ) ;
#4615 = EDGE_CURVE ( 'NONE', #4082, #2956, #3002, .T. ) ;
#4616 = EDGE_LOOP ( 'NONE', ( #1934, #1020, #3472, #5063 ) ) ;
#4617 = ORIENTED_EDGE ( 'NONE', *, *, #4097, .F. ) ;
#4618 = LENGTH_MEASURE_WITH_UNIT ( LENGTH_MEASURE( 0.02539999999999999897 ), #5125 );
#4619 = CARTESIAN_POINT ( 'NONE',  ( 0.1487875483474893901, 0.0000000000000000000, -0.1219999999999999835 ) ) ;
#4620 = LINE ( 'NONE', #1017, #3024 ) ;
#4621 = FACE_OUTER_BOUND ( 'NONE', #1246, .T. ) ;
#4622 = VECTOR ( 'NONE', #4480, 39.37007874015748143 ) ;
#4623 = ADVANCED_FACE ( 'NONE', ( #2978 ), #4582, .T. ) ;
#4624 = VERTEX_POINT ( 'NONE', #501 ) ;
#4625 = VECTOR ( 'NONE', #4558, 39.37007874015748143 ) ;
#4626 = DIRECTION ( 'NONE',  ( 0.0000000000000000000, -1.000000000000000000, 0.0000000000000000000 ) ) ;
#4627 = AXIS2_PLACEMENT_3D ( 'NONE', #3572, #3188, #821 ) ;
#4628 = ORIENTED_EDGE ( 'NONE', *, *, #301, .F. ) ;
#4629 = VERTEX_POINT ( 'NONE', #2094 ) ;
#4630 = CARTESIAN_POINT ( 'NONE',  ( 0.1328941562142821886, 0.01567333688023188343, -0.1219999999999999835 ) ) ;
#4631 = ORIENTED_EDGE ( 'NONE', *, *, #1602, .F. ) ;
#4632 = VECTOR ( 'NONE', #319, 39.37007874015748143 ) ;
#4633 = DIRECTION ( 'NONE',  ( 0.0000000000000000000, -0.0000000000000000000, 1.000000000000000000 ) ) ;
#4634 = AXIS2_PLACEMENT_3D ( 'NONE', #999, #156, #3773 ) ;
#4635 = CARTESIAN_POINT ( 'NONE',  ( 0.1649970392176944578, 0.01000000000000000021, -0.1219999999999999835 ) ) ;
#4636 = ADVANCED_FACE ( 'NONE', ( #4291 ), #5069, .T. ) ;
#4637 = STYLED_ITEM ( 'NONE', ( #403 ), #2881 ) ;
#4638 = VECTOR ( 'NONE', #826, 39.37007874015748143 ) ;
#4639 = ADVANCED_FACE ( 'NONE', ( #2709 ), #3541, .T. ) ;
#4640 = CARTESIAN_POINT ( 'NONE',  ( 0.06650453896958853639, 0.1433333333333333404, -0.07650453896958855915 ) ) ;
#4641 = COLOUR_RGB ( '',0.6745098039215686736, 0.6745098039215686736, 0.6745098039215686736 ) ;
#4642 = SURFACE_STYLE_USAGE ( .BOTH. , #4132 ) ;
#4643 = CARTESIAN_POINT ( 'NONE',  ( -0.1404987072757753475, 0.004405796420591505218, -0.1219999999999999835 ) ) ;
#4644 = SURFACE_STYLE_USAGE ( .BOTH. , #3786 ) ;
#4645 = ORIENTED_EDGE ( 'NONE', *, *, #3844, .F. ) ;
#4646 = VECTOR ( 'NONE', #3601, 39.37007874015748143 ) ;
#4647 = ORIENTED_EDGE ( 'NONE', *, *, #3145, .T. ) ;
#4648 = ORIENTED_EDGE ( 'NONE', *, *, #1133, .F. ) ;
#4649 =( CONVERSION_BASED_UNIT ( 'INCH', #4618 ) LENGTH_UNIT ( ) NAMED_UNIT ( #211 ) );
#4650 = CARTESIAN_POINT ( 'NONE',  ( -0.01666666666666664562, 0.0000000000000000000, -0.09199999999999997069 ) ) ;
#4651 = LINE ( 'NONE', #700, #2772 ) ;
#4652 = DIRECTION ( 'NONE',  ( -0.0000000000000000000, -1.000000000000000000, -0.0000000000000000000 ) ) ;
#4653 = MECHANICAL_DESIGN_GEOMETRIC_PRESENTATION_REPRESENTATION (  '', ( #3542 ), #1779 ) ;
#4654 = ORIENTED_EDGE ( 'NONE', *, *, #1811, .T. ) ;
#4655 = AXIS2_PLACEMENT_3D ( 'NONE', #3384, #1789, #4673 ) ;
#4656 = PLANE ( 'NONE',  #1591 ) ;
#4657 =( NAMED_UNIT ( * ) PLANE_ANGLE_UNIT ( ) SI_UNIT ( $, .RADIAN. ) );
#4658 = DIRECTION ( 'NONE',  ( 3.414809992080329516E-15, -1.000000000000000000, 0.0000000000000000000 ) ) ;
#4659 = EDGE_CURVE ( 'NONE', #363, #539, #5138, .T. ) ;
#4660 = STYLED_ITEM ( 'NONE', ( #4179 ), #4310 ) ;
#4661 = VERTEX_POINT ( 'NONE', #1929 ) ;
#4662 = CARTESIAN_POINT ( 'NONE',  ( -0.1120000000000000162, 0.1433333333333333404, 0.1119999999999999885 ) ) ;
#4663 = VECTOR ( 'NONE', #893, 39.37007874015748143 ) ;
#4664 = EDGE_LOOP ( 'NONE', ( #3624, #4029, #4588, #1989 ) ) ;
#4665 = DIRECTION ( 'NONE',  ( -1.000000000000000000, 0.0000000000000000000, 0.0000000000000000000 ) ) ;
#4666 = LINE ( 'NONE', #2637, #1106 ) ;
#4667 = CARTESIAN_POINT ( 'NONE',  ( 0.05000000000000000278, 0.02000000000000000042, -0.08199999999999998956 ) ) ;
#4668 = EDGE_CURVE ( 'NONE', #296, #4260, #4742, .T. ) ;
#4669 = DIRECTION ( 'NONE',  ( 0.0000000000000000000, 1.000000000000000000, 0.0000000000000000000 ) ) ;
#4670 = SURFACE_SIDE_STYLE ('',( #3478 ) ) ;
#4671 = SURFACE_STYLE_USAGE ( .BOTH. , #1812 ) ;
#4672 = LINE ( 'NONE', #5076, #2002 ) ;
#4673 = DIRECTION ( 'NONE',  ( 0.0000000000000000000, 0.0000000000000000000, 1.000000000000000000 ) ) ;
#4674 = ADVANCED_FACE ( 'NONE', ( #3077 ), #668, .T. ) ;
#4675 = ORIENTED_EDGE ( 'NONE', *, *, #2800, .F. ) ;
#4676 = VERTEX_POINT ( 'NONE', #4316 ) ;
#4677 = UNCERTAINTY_MEASURE_WITH_UNIT (LENGTH_MEASURE( 1.000000000000000082E-05 ), #1209, 'distance_accuracy_value', 'NONE');
#4678 = EDGE_LOOP ( 'NONE', ( #3105, #4047, #56 ) ) ;
#4679 = DIRECTION ( 'NONE',  ( 0.0000000000000000000, 0.0000000000000000000, 1.000000000000000000 ) ) ;
#4680 = CARTESIAN_POINT ( 'NONE',  ( -0.1219999999999994839, 0.01567333688023188343, -0.01199999999999999678 ) ) ;
#4681 = CARTESIAN_POINT ( 'NONE',  ( -0.05000000000000000278, 0.01000000000000000021, -0.1019999999999999934 ) ) ;
#4682 = DIRECTION ( 'NONE',  ( 0.0000000000000000000, 0.0000000000000000000, 1.000000000000000000 ) ) ;
#4683 = ADVANCED_FACE ( 'NONE', ( #4693 ), #1495, .F. ) ;
#4684 = ORIENTED_EDGE ( 'NONE', *, *, #3424, .T. ) ;
#4685 = LINE ( 'NONE', #991, #4884 ) ;
#4686 = LINE ( 'NONE', #3093, #2848 ) ;
#4687 = FACE_OUTER_BOUND ( 'NONE', #3696, .T. ) ;
#4688 = EDGE_CURVE ( 'NONE', #3270, #3456, #4317, .T. ) ;
#4689 = ADVANCED_FACE ( 'NONE', ( #3123 ), #270, .F. ) ;
#4690 = CARTESIAN_POINT ( 'NONE',  ( -0.05000000000000000278, 0.01000000000000000021, 0.1019999999999999934 ) ) ;
#4691 = ORIENTED_EDGE ( 'NONE', *, *, #3326, .T. ) ;
#4692 = DIRECTION ( 'NONE',  ( 0.0000000000000000000, 0.0000000000000000000, -1.000000000000000000 ) ) ;
#4693 = FACE_OUTER_BOUND ( 'NONE', #818, .T. ) ;
#4694 =( CONVERSION_BASED_UNIT ( 'INCH', #3451 ) LENGTH_UNIT ( ) NAMED_UNIT ( #1394 ) );
#4695 = FACE_OUTER_BOUND ( 'NONE', #1998, .T. ) ;
#4696 = VERTEX_POINT ( 'NONE', #1540 ) ;
#4697 = EDGE_LOOP ( 'NONE', ( #786, #3650, #1863, #281, #4605, #679, #3120, #3657, #1536, #3960, #2232, #4713 ) ) ;
#4698 = EDGE_CURVE ( 'NONE', #3466, #2380, #1033, .T. ) ;
#4699 = EDGE_LOOP ( 'NONE', ( #2304, #4939, #3165, #5151 ) ) ;
#4700 = CONICAL_SURFACE ( 'NONE', #909, 0.01732050807568874529, 0.2617993877991496854 ) ;
#4701 = DIRECTION ( 'NONE',  ( 0.0000000000000000000, -1.000000000000000000, 0.0000000000000000000 ) ) ;
#4702 = FACE_OUTER_BOUND ( 'NONE', #1441, .T. ) ;
#4703 = AXIS2_PLACEMENT_3D ( 'NONE', #1249, #2847, #3138 ) ;
#4704 = VERTEX_POINT ( 'NONE', #2262 ) ;
#4705 = EDGE_CURVE ( 'NONE', #3561, #973, #1187, .T. ) ;
#4706 =( LENGTH_UNIT ( ) NAMED_UNIT ( * ) SI_UNIT ( $, .METRE. ) );
#4707 = FILL_AREA_STYLE_COLOUR ( '', #1513 ) ;
#4708 = FACE_OUTER_BOUND ( 'NONE', #621, .T. ) ;
#4709 = DIRECTION ( 'NONE',  ( 0.0000000000000000000, -1.000000000000000000, 0.0000000000000000000 ) ) ;
#4710 = ADVANCED_FACE ( 'NONE', ( #3835 ), #241, .T. ) ;
#4711 = AXIS2_PLACEMENT_3D ( 'NONE', #3644, #837, #2066 ) ;
#4712 = ORIENTED_EDGE ( 'NONE', *, *, #4055, .T. ) ;
#4713 = ORIENTED_EDGE ( 'NONE', *, *, #1335, .F. ) ;
#4714 = DIRECTION ( 'NONE',  ( 0.0000000000000000000, 0.0000000000000000000, 1.000000000000000000 ) ) ;
#4715 = DIRECTION ( 'NONE',  ( 1.000000000000000000, -0.0000000000000000000, -0.0000000000000000000 ) ) ;
#4716 = DIRECTION ( 'NONE',  ( 3.414809992080329516E-15, 1.000000000000000000, 0.0000000000000000000 ) ) ;
#4717 = VECTOR ( 'NONE', #1767, 39.37007874015748143 ) ;
#4718 = CARTESIAN_POINT ( 'NONE',  ( 0.1219999999999994977, 0.02567333688023188190, 0.01200000004565745897 ) ) ;
#4719 = MECHANICAL_DESIGN_GEOMETRIC_PRESENTATION_REPRESENTATION (  '', ( #4728 ), #2619 ) ;
#4720 = VECTOR ( 'NONE', #2288, 39.37007874015748143 ) ;
#4721 =( LENGTH_UNIT ( ) NAMED_UNIT ( * ) SI_UNIT ( $, .METRE. ) );
#4722 = CARTESIAN_POINT ( 'NONE',  ( -0.1219999999999995255, 0.02567333688023188190, -0.1219999999999999835 ) ) ;
#4723 = STYLED_ITEM ( 'NONE', ( #2827 ), #2082 ) ;
#4724 = ORIENTED_EDGE ( 'NONE', *, *, #951, .T. ) ;
#4725 = ORIENTED_EDGE ( 'NONE', *, *, #4520, .F. ) ;
#4726 = UNCERTAINTY_MEASURE_WITH_UNIT (LENGTH_MEASURE( 1.000000000000000082E-05 ), #3347, 'distance_accuracy_value', 'NONE');
#4727 = VECTOR ( 'NONE', #4716, 39.37007874015748143 ) ;
#4728 = STYLED_ITEM ( 'NONE', ( #1493 ), #2390 ) ;
#4729 = DIRECTION ( 'NONE',  ( 0.5594203579408524307, -0.8288841071713997088, 0.0000000000000000000 ) ) ;
#4730 = DIRECTION ( 'NONE',  ( 3.414809992080329516E-15, 1.000000000000000000, 0.0000000000000000000 ) ) ;
#4731 = DIRECTION ( 'NONE',  ( 1.384382429221754630E-16, -1.000000000000000000, 0.0000000000000000000 ) ) ;
#4732 = ADVANCED_FACE ( 'NONE', ( #1074 ), #689, .T. ) ;
#4733 = VECTOR ( 'NONE', #4709, 39.37007874015748143 ) ;
#4734 = VERTEX_POINT ( 'NONE', #2313 ) ;
#4735 = EDGE_CURVE ( 'NONE', #5020, #1638, #2720, .T. ) ;
#4736 = DIRECTION ( 'NONE',  ( 1.000000000000000000, 0.0000000000000000000, 0.0000000000000000000 ) ) ;
#4737 = ORIENTED_EDGE ( 'NONE', *, *, #4382, .F. ) ;
#4738 = EDGE_CURVE ( 'NONE', #2044, #3502, #123, .T. ) ;
#4739 = DIRECTION ( 'NONE',  ( 0.0000000000000000000, -1.000000000000000000, 0.0000000000000000000 ) ) ;
#4740 = DIRECTION ( 'NONE',  ( -1.000000000000000000, 0.0000000000000000000, 0.0000000000000000000 ) ) ;
#4741 = PRESENTATION_LAYER_ASSIGNMENT (  '', '', ( #4660 ) ) ;
#4742 = LINE ( 'NONE', #344, #2887 ) ;
#4743 = AXIS2_PLACEMENT_3D ( 'NONE', #566, #1416, #160 ) ;
#4744 = EDGE_CURVE ( 'NONE', #2280, #800, #2003, .T. ) ;
#4745 = CARTESIAN_POINT ( 'NONE',  ( -0.1328941562142821886, 0.01567333688023188343, -0.1219999999999999835 ) ) ;
#4746 = CARTESIAN_POINT ( 'NONE',  ( 0.1328941562142821886, 0.02567333688023188190, -0.01199999999999999678 ) ) ;
#4747 = VERTEX_POINT ( 'NONE', #4836 ) ;
#4748 = CARTESIAN_POINT ( 'NONE',  ( -0.1220000000000004969, 0.01000000000000000021, -0.1219999999999999835 ) ) ;
#4749 = EDGE_LOOP ( 'NONE', ( #1311, #3031, #4628, #2876 ) ) ;
#4750 = ORIENTED_EDGE ( 'NONE', *, *, #4455, .F. ) ;
#4751 = ORIENTED_EDGE ( 'NONE', *, *, #3306, .F. ) ;
#4752 = CARTESIAN_POINT ( 'NONE',  ( -0.1275788215583597562, 0.005673336880231876281, -0.1219999999999999835 ) ) ;
#4753 = ADVANCED_FACE ( 'NONE', ( #3580 ), #442, .T. ) ;
#4754 = CARTESIAN_POINT ( 'NONE',  ( -0.1119999999999999885, 0.1433333333333333404, -0.1119999999999999885 ) ) ;
#4755 = CARTESIAN_POINT ( 'NONE',  ( -0.06250000000000000000, 0.07166666666666667018, -0.1219999999999999835 ) ) ;
#4756 = CARTESIAN_POINT ( 'NONE',  ( 0.05018797385280763385, 0.2139999333333333364, 0.03989828820229598949 ) ) ;
#4757 = CARTESIAN_POINT ( 'NONE',  ( -0.1120000000000000162, 0.1333333333333332482, 0.1319999999999999785 ) ) ;
#4758 = ORIENTED_EDGE ( 'NONE', *, *, #198, .F. ) ;
#4759 = ORIENTED_EDGE ( 'NONE', *, *, #3973, .T. ) ;
#4760 = LINE ( 'NONE', #2829, #5043 ) ;
#4761 = LINE ( 'NONE', #3148, #1 ) ;
#4762 = EDGE_CURVE ( 'NONE', #2306, #35, #2896, .T. ) ;
#4763 = LINE ( 'NONE', #1839, #2131 ) ;
#4764 = EDGE_CURVE ( 'NONE', #3893, #4590, #805, .T. ) ;
#4765 = ORIENTED_EDGE ( 'NONE', *, *, #3248, .T. ) ;
#4766 = DIRECTION ( 'NONE',  ( -1.000000000000000000, 0.0000000000000000000, 0.0000000000000000000 ) ) ;
#4767 = PLANE ( 'NONE',  #5079 ) ;
#4768 = ORIENTED_EDGE ( 'NONE', *, *, #1857, .F. ) ;
#4769 = VECTOR ( 'NONE', #1234, 39.37007874015748854 ) ;
#4770 = ORIENTED_EDGE ( 'NONE', *, *, #4569, .F. ) ;
#4771 = EDGE_LOOP ( 'NONE', ( #226, #3422, #1966, #1128 ) ) ;
#4772 = SURFACE_SIDE_STYLE ('',( #820 ) ) ;
#4773 = DIRECTION ( 'NONE',  ( 1.000000000000000000, 0.0000000000000000000, 0.0000000000000000000 ) ) ;
#4774 = DIRECTION ( 'NONE',  ( 0.0000000000000000000, -1.000000000000000000, 0.0000000000000000000 ) ) ;
#4775 = CARTESIAN_POINT ( 'NONE',  ( 0.1293205080756887337, 0.1433333333333333404, 0.0000000000000000000 ) ) ;
#4776 = AXIS2_PLACEMENT_3D ( 'NONE', #612, #2086, #127 ) ;
#4777 = EDGE_CURVE ( 'NONE', #4104, #2085, #4061, .T. ) ;
#4778 = ORIENTED_EDGE ( 'NONE', *, *, #2731, .T. ) ;
#4779 = AXIS2_PLACEMENT_3D ( 'NONE', #393, #3549, #4730 ) ;
#4780 = CARTESIAN_POINT ( 'NONE',  ( 0.06650453896958853639, 0.2149999333333333373, -0.06650453896958856415 ) ) ;
#4781 = VERTEX_POINT ( 'NONE', #858 ) ;
#4782 = CYLINDRICAL_SURFACE ( 'NONE', #161, 0.009999999999999995004 ) ;
#4783 = CARTESIAN_POINT ( 'NONE',  ( 0.05000000000000000278, 0.07166666666666667018, 0.07199999999999998068 ) ) ;
#4784 = CARTESIAN_POINT ( 'NONE',  ( -0.1404987072757753475, 0.004405796420591500881, -0.08500000004565745615 ) ) ;
#4785 = ADVANCED_FACE ( 'NONE', ( #2784 ), #4460, .F. ) ;
#4786 = LINE ( 'NONE', #1183, #3214 ) ;
#4787 = AXIS2_PLACEMENT_3D ( 'NONE', #1481, #4701, #4303 ) ;
#4788 = LINE ( 'NONE', #1185, #3480 ) ;
#4789 = EDGE_CURVE ( 'NONE', #4982, #37, #2057, .T. ) ;
#4790 = VERTEX_POINT ( 'NONE', #780 ) ;
#4791 = VECTOR ( 'NONE', #574, 39.37007874015748854 ) ;
#4792 = EDGE_CURVE ( 'NONE', #777, #986, #2385, .T. ) ;
#4793 = VECTOR ( 'NONE', #264, 39.37007874015748143 ) ;
#4794 = FILL_AREA_STYLE_COLOUR ( '', #3621 ) ;
#4795 = FILL_AREA_STYLE ('',( #1963 ) ) ;
#4796 = ORIENTED_EDGE ( 'NONE', *, *, #916, .T. ) ;
#4797 = STYLED_ITEM ( 'NONE', ( #5174 ), #2278 ) ;
#4798 = ORIENTED_EDGE ( 'NONE', *, *, #2145, .T. ) ;
#4799 = VERTEX_POINT ( 'NONE', #1208 ) ;
#4800 = FILL_AREA_STYLE ('',( #5196 ) ) ;
#4801 = CARTESIAN_POINT ( 'NONE',  ( -0.1219999999999994977, 0.0000000000000000000, -0.08500000004565745615 ) ) ;
#4802 = LINE ( 'NONE', #1608, #4646 ) ;
#4803 = VECTOR ( 'NONE', #4509, 39.37007874015748143 ) ;
#4804 = ORIENTED_EDGE ( 'NONE', *, *, #99, .T. ) ;
#4805 = AXIS2_PLACEMENT_3D ( 'NONE', #1601, #2068, #4044 ) ;
#4806 = CARTESIAN_POINT ( 'NONE',  ( -0.1404987072757753475, 0.004405796420591505218, 0.06100000004565745565 ) ) ;
#4807 = ORIENTED_EDGE ( 'NONE', *, *, #2444, .T. ) ;
#4808 = DIRECTION ( 'NONE',  ( 1.000000000000000000, -0.0000000000000000000, 0.0000000000000000000 ) ) ;
#4809 = LINE ( 'NONE', #1927, #4206 ) ;
#4810 = DIRECTION ( 'NONE',  ( 0.0000000000000000000, 0.0000000000000000000, -1.000000000000000000 ) ) ;
#4811 = CARTESIAN_POINT ( 'NONE',  ( -0.1275788215583597562, 0.005673336880231876281, -0.1219999999999999835 ) ) ;
#4812 = MECHANICAL_DESIGN_GEOMETRIC_PRESENTATION_REPRESENTATION (  '', ( #2375 ), #2798 ) ;
#4813 = FACE_OUTER_BOUND ( 'NONE', #4961, .T. ) ;
#4814 = CARTESIAN_POINT ( 'NONE',  ( 0.1649970392176944856, 0.0000000000000000000, -0.1219999999999999835 ) ) ;
#4815 = CARTESIAN_POINT ( 'NONE',  ( 0.1275788215583597285, 0.01567333688023187302, -0.06099999999999999173 ) ) ;
#4816 = VECTOR ( 'NONE', #4840, 39.37007874015748143 ) ;
#4817 = UNCERTAINTY_MEASURE_WITH_UNIT (LENGTH_MEASURE( 1.000000000000000082E-05 ), #3590, 'distance_accuracy_value', 'NONE');
#4818 = VECTOR ( 'NONE', #4095, 39.37007874015748143 ) ;
#4819 = LINE ( 'NONE', #1162, #246 ) ;
#4820 = CARTESIAN_POINT ( 'NONE',  ( 0.1541028830034118224, 0.01000000000000000021, -0.08500000004565745615 ) ) ;
#4821 = CARTESIAN_POINT ( 'NONE',  ( 0.05500000000000001416, 0.01000000000000000021, 0.1019999999999999934 ) ) ;
#4822 = FACE_OUTER_BOUND ( 'NONE', #4579, .T. ) ;
#4823 = VERTEX_POINT ( 'NONE', #4410 ) ;
#4824 = EDGE_LOOP ( 'NONE', ( #1568, #3432, #2496, #4932 ) ) ;
#4825 = ORIENTED_EDGE ( 'NONE', *, *, #1733, .T. ) ;
#4826 =( NAMED_UNIT ( * ) PLANE_ANGLE_UNIT ( ) SI_UNIT ( $, .RADIAN. ) );
#4827 =( CONVERSION_BASED_UNIT ( 'INCH', #5155 ) LENGTH_UNIT ( ) NAMED_UNIT ( #3499 ) );
#4828 = LINE ( 'NONE', #3992, #4967 ) ;
#4829 = DIRECTION ( 'NONE',  ( 1.000000000000000000, -0.0000000000000000000, -0.0000000000000000000 ) ) ;
#4830 = ORIENTED_EDGE ( 'NONE', *, *, #225, .F. ) ;
#4831 = CIRCLE ( 'NONE', #790, 0.01999999999999999001 ) ;
#4832 = CARTESIAN_POINT ( 'NONE',  ( 0.05500000000000000028, 0.0000000000000000000, -0.07199999999999996680 ) ) ;
#4833 = VERTEX_POINT ( 'NONE', #2411 ) ;
#4834 = CARTESIAN_POINT ( 'NONE',  ( 0.07650453896958853139, 0.2049999333333333562, -0.07650453896958855915 ) ) ;
#4835 = LINE ( 'NONE', #884, #1019 ) ;
#4836 = CARTESIAN_POINT ( 'NONE',  ( 0.06250000000000001388, 0.01000000000000000021, 0.1219999999999999835 ) ) ;
#4837 = LINE ( 'NONE', #2809, #4245 ) ;
#4838 = EDGE_CURVE ( 'NONE', #2458, #539, #1955, .T. ) ;
#4839 = PLANE ( 'NONE',  #2100 ) ;
#4840 = DIRECTION ( 'NONE',  ( -1.000000000000000000, 0.0000000000000000000, 0.0000000000000000000 ) ) ;
#4841 = DIRECTION ( 'NONE',  ( 0.0000000000000000000, 0.0000000000000000000, 1.000000000000000000 ) ) ;
#4842 = ADVANCED_FACE ( 'NONE', ( #4894 ), #3610, .T. ) ;
#4843 = ADVANCED_FACE ( 'NONE', ( #2171 ), #3770, .F. ) ;
#4844 = CARTESIAN_POINT ( 'NONE',  ( 0.05000000000000000278, 0.01000000000000000021, -0.1419999999999996543 ) ) ;
#4845 = DIRECTION ( 'NONE',  ( -1.000000000000000000, 0.0000000000000000000, 0.0000000000000000000 ) ) ;
#4846 = DIRECTION ( 'NONE',  ( 0.0000000000000000000, -0.0000000000000000000, 1.000000000000000000 ) ) ;
#4847 = ORIENTED_EDGE ( 'NONE', *, *, #2427, .T. ) ;
#4848 = EDGE_LOOP ( 'NONE', ( #4645, #5044, #855, #3444 ) ) ;
#4849 = DIRECTION ( 'NONE',  ( -1.000000000000000000, -8.537024980200826748E-16, 0.0000000000000000000 ) ) ;
#4850 = DIRECTION ( 'NONE',  ( -1.000000000000000000, 0.0000000000000000000, -0.0000000000000000000 ) ) ;
#4851 = LENGTH_MEASURE_WITH_UNIT ( LENGTH_MEASURE( 0.02539999999999999897 ), #3599 );
#4852 = DIRECTION ( 'NONE',  ( 0.0000000000000000000, 0.0000000000000000000, 1.000000000000000000 ) ) ;
#4853 = EDGE_CURVE ( 'NONE', #2, #3561, #2750, .T. ) ;
#4854 = ORIENTED_EDGE ( 'NONE', *, *, #269, .F. ) ;
#4855 = ORIENTED_EDGE ( 'NONE', *, *, #3492, .F. ) ;
#4856 = DIRECTION ( 'NONE',  ( 0.0000000000000000000, 0.0000000000000000000, -1.000000000000000000 ) ) ;
#4857 = DIRECTION ( 'NONE',  ( 1.000000000000000000, 0.0000000000000000000, -0.0000000000000000000 ) ) ;
#4858 = VECTOR ( 'NONE', #465, 39.37007874015748143 ) ;
#4859 = ADVANCED_FACE ( 'NONE', ( #4822 ), #3622, .T. ) ;
#4860 = CARTESIAN_POINT ( 'NONE',  ( -0.1319999999999999785, 0.1333333333333332482, -0.1319999999999999785 ) ) ;
#4861 = CARTESIAN_POINT ( 'NONE',  ( 0.1219999999999994977, 0.0000000000000000000, -0.08500000004565745615 ) ) ;
#4862 = EDGE_CURVE ( 'NONE', #3058, #4082, #901, .T. ) ;
#4863 = AXIS2_PLACEMENT_3D ( 'NONE', #4919, #3339, #582 ) ;
#4864 = ORIENTED_EDGE ( 'NONE', *, *, #3929, .T. ) ;
#4865 = ORIENTED_EDGE ( 'NONE', *, *, #3891, .F. ) ;
#4866 = LINE ( 'NONE', #4002, #2071 ) ;
#4867 = VECTOR ( 'NONE', #4679, 39.37007874015748143 ) ;
#4868 = DIRECTION ( 'NONE',  ( 1.000000000000000000, -1.530255967303269802E-15, 0.0000000000000000000 ) ) ;
#4869 = PLANE ( 'NONE',  #4492 ) ;
#4870 = DIRECTION ( 'NONE',  ( -0.0000000000000000000, -1.000000000000000000, -0.0000000000000000000 ) ) ;
#4871 = EDGE_CURVE ( 'NONE', #376, #4888, #3266, .T. ) ;
#4872 = CARTESIAN_POINT ( 'NONE',  ( -0.1649970392176944856, 0.0000000000000000000, -0.1219999999999999835 ) ) ;
#4873 = CARTESIAN_POINT ( 'NONE',  ( 0.0000000000000000000, 0.07166666666666667018, 0.0000000000000000000 ) ) ;
#4874 = CIRCLE ( 'NONE', #2851, 0.01000000000000000368 ) ;
#4875 = ORIENTED_EDGE ( 'NONE', *, *, #644, .T. ) ;
#4876 = ORIENTED_EDGE ( 'NONE', *, *, #3354, .T. ) ;
#4877 = ORIENTED_EDGE ( 'NONE', *, *, #1898, .F. ) ;
#4878 =( NAMED_UNIT ( * ) SI_UNIT ( $, .STERADIAN. ) SOLID_ANGLE_UNIT ( ) );
#4879 = LINE ( 'NONE', #458, #4622 ) ;
#4880 = DIRECTION ( 'NONE',  ( 0.0000000000000000000, 0.0000000000000000000, 1.000000000000000000 ) ) ;
#4881 = CARTESIAN_POINT ( 'NONE',  ( -0.06249999999999999306, 0.01000000000000000021, 0.07199999999999998068 ) ) ;
#4882 = ADVANCED_FACE ( 'NONE', ( #4014 ), #2841, .T. ) ;
#4883 = CIRCLE ( 'NONE', #3939, 0.009999999999999995004 ) ;
#4884 = VECTOR ( 'NONE', #611, 39.37007874015748143 ) ;
#4885 = ORIENTED_EDGE ( 'NONE', *, *, #2453, .T. ) ;
#4886 = DIMENSIONAL_EXPONENTS ( 1.000000000000000000, 0.0000000000000000000, 0.0000000000000000000, 0.0000000000000000000, 0.0000000000000000000, 0.0000000000000000000, 0.0000000000000000000 ) ;
#4887 = CARTESIAN_POINT ( 'NONE',  ( -0.1275788215583597285, 0.01567333688023187649, -0.1219999999999999835 ) ) ;
#4888 = VERTEX_POINT ( 'NONE', #1652 ) ;
#4889 = STYLED_ITEM ( 'NONE', ( #4038 ), #3079 ) ;
#4890 = DIRECTION ( 'NONE',  ( 0.0000000000000000000, 0.0000000000000000000, -1.000000000000000000 ) ) ;
#4891 = CIRCLE ( 'NONE', #2867, 0.009999999999999995004 ) ;
#4892 = PLANE ( 'NONE',  #2781 ) ;
#4893 = ADVANCED_FACE ( 'NONE', ( #6 ), #4908, .F. ) ;
#4894 = FACE_OUTER_BOUND ( 'NONE', #2927, .T. ) ;
#4895 = CYLINDRICAL_SURFACE ( 'NONE', #1891, 0.009999999999999995004 ) ;
#4896 = CIRCLE ( 'NONE', #3041, 0.009999999999999995004 ) ;
#4897 = ORIENTED_EDGE ( 'NONE', *, *, #3449, .F. ) ;
#4898 = CARTESIAN_POINT ( 'NONE',  ( -0.1328941562142821886, 0.01567333688023188343, -0.1219999999999999835 ) ) ;
#4899 = ORIENTED_EDGE ( 'NONE', *, *, #2015, .T. ) ;
#4900 = CARTESIAN_POINT ( 'NONE',  ( 0.1275788215583597562, 0.005673336880231876281, -0.1219999999999999835 ) ) ;
#4901 = LINE ( 'NONE', #2792, #2228 ) ;
#4902 = STYLED_ITEM ( 'NONE', ( #955 ), #3963 ) ;
#4903 = CARTESIAN_POINT ( 'NONE',  ( -0.06249999999999999306, 0.01000000000000000021, -0.07199999999999998068 ) ) ;
#4904 = FACE_OUTER_BOUND ( 'NONE', #4088, .T. ) ;
#4905 = CARTESIAN_POINT ( 'NONE',  ( 0.1404987072757753475, 0.004405796420591500881, -0.1219999999999999835 ) ) ;
#4906 = DIRECTION ( 'NONE',  ( 0.0000000000000000000, -1.000000000000000000, 0.0000000000000000000 ) ) ;
#4907 = VECTOR ( 'NONE', #2872, 39.37007874015748143 ) ;
#4908 = PLANE ( 'NONE',  #371 ) ;
#4909 = ORIENTED_EDGE ( 'NONE', *, *, #4246, .T. ) ;
#4910 = ORIENTED_EDGE ( 'NONE', *, *, #322, .T. ) ;
#4911 = AXIS2_PLACEMENT_3D ( 'NONE', #2735, #3859, #1868 ) ;
#4912 = ORIENTED_EDGE ( 'NONE', *, *, #2452, .F. ) ;
#4913 = SURFACE_STYLE_USAGE ( .BOTH. , #4964 ) ;
#4914 = CARTESIAN_POINT ( 'NONE',  ( 0.1219999999999994977, 0.02567333688023188190, 0.08500000004565745615 ) ) ;
#4915 = SURFACE_SIDE_STYLE ('',( #3221 ) ) ;
#4916 = CYLINDRICAL_SURFACE ( 'NONE', #605, 0.009999999999999995004 ) ;
#4917 = ORIENTED_EDGE ( 'NONE', *, *, #3369, .F. ) ;
#4918 = CARTESIAN_POINT ( 'NONE',  ( 0.1319999999999999785, 0.1333333333333332482, -0.1119999999999999885 ) ) ;
#4919 = CARTESIAN_POINT ( 'NONE',  ( 0.1119999999999999607, 0.1433333333333333404, -0.1119999999999999885 ) ) ;
#4920 = DIRECTION ( 'NONE',  ( -0.0000000000000000000, 0.0000000000000000000, 1.000000000000000000 ) ) ;
#4921 = VECTOR ( 'NONE', #887, 39.37007874015748143 ) ;
#4922 = ORIENTED_EDGE ( 'NONE', *, *, #3326, .F. ) ;
#4923 = ORIENTED_EDGE ( 'NONE', *, *, #4853, .F. ) ;
#4924 = ORIENTED_EDGE ( 'NONE', *, *, #3587, .F. ) ;
#4925 = FACE_OUTER_BOUND ( 'NONE', #4297, .T. ) ;
#4926 =( NAMED_UNIT ( * ) PLANE_ANGLE_UNIT ( ) SI_UNIT ( $, .RADIAN. ) );
#4927 = FACE_OUTER_BOUND ( 'NONE', #3558, .T. ) ;
#4928 = EDGE_CURVE ( 'NONE', #2689, #3502, #1219, .T. ) ;
#4929 = ADVANCED_FACE ( 'NONE', ( #2104 ), #2820, .T. ) ;
#4930 = CARTESIAN_POINT ( 'NONE',  ( -0.1328941562142821331, 0.02567333688023188190, -0.1219999999999999835 ) ) ;
#4931 = EDGE_CURVE ( 'NONE', #4170, #9, #1713, .T. ) ;
#4932 = ORIENTED_EDGE ( 'NONE', *, *, #5129, .F. ) ;
#4933 = ORIENTED_EDGE ( 'NONE', *, *, #4609, .T. ) ;
#4934 =( CONVERSION_BASED_UNIT ( 'INCH', #4528 ) LENGTH_UNIT ( ) NAMED_UNIT ( #1295 ) );
#4935 = DIRECTION ( 'NONE',  ( 1.000000000000000000, 0.0000000000000000000, 0.0000000000000000000 ) ) ;
#4936 =( NAMED_UNIT ( * ) SI_UNIT ( $, .STERADIAN. ) SOLID_ANGLE_UNIT ( ) );
#4937 = CARTESIAN_POINT ( 'NONE',  ( -0.1275788215583597285, 0.01567333688023187302, -0.01200000000000000198 ) ) ;
#4938 = DIRECTION ( 'NONE',  ( 0.0000000000000000000, -0.0000000000000000000, -1.000000000000000000 ) ) ;
#4939 = ORIENTED_EDGE ( 'NONE', *, *, #1335, .T. ) ;
#4940 = CARTESIAN_POINT ( 'NONE',  ( 0.05000000000000000278, 0.02000000000000000042, 0.07199999999999998068 ) ) ;
#4941 = FACE_OUTER_BOUND ( 'NONE', #2929, .T. ) ;
#4942 = FACE_OUTER_BOUND ( 'NONE', #1289, .T. ) ;
#4943 = EDGE_CURVE ( 'NONE', #2910, #2280, #696, .T. ) ;
#4944 = LENGTH_MEASURE_WITH_UNIT ( LENGTH_MEASURE( 0.02539999999999999897 ), #4574 );
#4945 = VERTEX_POINT ( 'NONE', #1981 ) ;
#4946 = ORIENTED_EDGE ( 'NONE', *, *, #2487, .T. ) ;
#4947 = VECTOR ( 'NONE', #3728, 39.37007874015748143 ) ;
#4948 = SURFACE_SIDE_STYLE ('',( #2060 ) ) ;
#4949 = ORIENTED_EDGE ( 'NONE', *, *, #846, .T. ) ;
#4950 = LENGTH_MEASURE_WITH_UNIT ( LENGTH_MEASURE( 0.02539999999999999897 ), #2533 );
#4951 = CARTESIAN_POINT ( 'NONE',  ( -0.05000000000000000278, 0.02000000000000000042, -0.07199999999999998068 ) ) ;
#4952 = CARTESIAN_POINT ( 'NONE',  ( -0.1541028830034117947, 0.02000000000000000042, -0.1219999999999999835 ) ) ;
#4953 = EDGE_CURVE ( 'NONE', #3183, #1761, #4901, .T. ) ;
#4954 = STYLED_ITEM ( 'NONE', ( #3767 ), #419 ) ;
#4955 = DIRECTION ( 'NONE',  ( 0.0000000000000000000, 0.0000000000000000000, 1.000000000000000000 ) ) ;
#4956 = DIRECTION ( 'NONE',  ( 1.000000000000000000, 0.0000000000000000000, 0.0000000000000000000 ) ) ;
#4957 =( LENGTH_UNIT ( ) NAMED_UNIT ( * ) SI_UNIT ( $, .METRE. ) );
#4958 = PLANE ( 'NONE',  #4115 ) ;
#4959 = DIRECTION ( 'NONE',  ( 0.0000000000000000000, -0.0000000000000000000, 1.000000000000000000 ) ) ;
#4960 = ORIENTED_EDGE ( 'NONE', *, *, #4372, .F. ) ;
#4961 = EDGE_LOOP ( 'NONE', ( #1252, #3869, #3059, #3583 ) ) ;
#4962 = EDGE_CURVE ( 'NONE', #5207, #4629, #109, .T. ) ;
#4963 = ORIENTED_EDGE ( 'NONE', *, *, #4134, .T. ) ;
#4964 = SURFACE_SIDE_STYLE ('',( #2139 ) ) ;
#4965 = DIRECTION ( 'NONE',  ( -1.000000000000000000, -1.530255967303269802E-15, 0.0000000000000000000 ) ) ;
#4966 = LINE ( 'NONE', #1350, #2627 ) ;
#4967 = VECTOR ( 'NONE', #2349, 39.37007874015748143 ) ;
#4968 = CARTESIAN_POINT ( 'NONE',  ( 0.1487875483474893623, 0.01000000000000000021, -0.06099999999999999173 ) ) ;
#4969 = FACE_OUTER_BOUND ( 'NONE', #3556, .T. ) ;
#4970 = ADVANCED_FACE ( 'NONE', ( #1297 ), #1624, .T. ) ;
#4971 = CIRCLE ( 'NONE', #1677, 0.01999999999999999001 ) ;
#4972 = AXIS2_PLACEMENT_3D ( 'NONE', #3864, #4180, #1009 ) ;
#4973 = ORIENTED_EDGE ( 'NONE', *, *, #22, .T. ) ;
#4974 = CARTESIAN_POINT ( 'NONE',  ( -0.1487875483474893623, 0.0000000000000000000, 0.08500000004565745615 ) ) ;
#4975 = CARTESIAN_POINT ( 'NONE',  ( 0.05000000000000000278, 0.01000000000000000021, -0.1020000000000000351 ) ) ;
#4976 = AXIS2_PLACEMENT_3D ( 'NONE', #1386, #1744, #5090 ) ;
#4977 = PRESENTATION_LAYER_ASSIGNMENT (  '', '', ( #4797 ) ) ;
#4978 = APPLICATION_PROTOCOL_DEFINITION ( 'draft international standard', 'automotive_design', 1998, #1901 ) ;
#4979 = CIRCLE ( 'NONE', #1276, 0.009999999999999995004 ) ;
#4980 = ADVANCED_FACE ( 'NONE', ( #2481 ), #2815, .F. ) ;
#4981 = CARTESIAN_POINT ( 'NONE',  ( 0.1219999999999994977, 0.02567333688023188190, -0.08500000004565745615 ) ) ;
#4982 = VERTEX_POINT ( 'NONE', #894 ) ;
#4983 = CARTESIAN_POINT ( 'NONE',  ( 0.05500000000000001416, 0.02000000000000000042, -0.08200000000000000344 ) ) ;
#4984 = PLANE ( 'NONE',  #691 ) ;
#4985 =( LENGTH_UNIT ( ) NAMED_UNIT ( * ) SI_UNIT ( $, .METRE. ) );
#4986 = DIRECTION ( 'NONE',  ( 1.000000000000000000, -1.530255967303269802E-15, 0.0000000000000000000 ) ) ;
#4987 = VECTOR ( 'NONE', #1660, 39.37007874015748143 ) ;
#4988 = ADVANCED_FACE ( 'NONE', ( #4096 ), #1237, .F. ) ;
#4989 = PLANE ( 'NONE',  #444 ) ;
#4990 =( LENGTH_UNIT ( ) NAMED_UNIT ( * ) SI_UNIT ( $, .METRE. ) );
#4991 = LINE ( 'NONE', #1008, #2472 ) ;
#4992 = VECTOR ( 'NONE', #4559, 39.37007874015748854 ) ;
#4993 = EDGE_LOOP ( 'NONE', ( #1278, #391, #2175 ) ) ;
#4994 = ORIENTED_EDGE ( 'NONE', *, *, #4928, .F. ) ;
#4995 = ORIENTED_EDGE ( 'NONE', *, *, #4070, .T. ) ;
#4996 = PRESENTATION_LAYER_ASSIGNMENT (  '', '', ( #287 ) ) ;
#4997 = CARTESIAN_POINT ( 'NONE',  ( 0.06650453896958855027, 0.2049999333333333562, 0.06650453896958853639 ) ) ;
#4998 = DIRECTION ( 'NONE',  ( 0.0000000000000000000, 0.0000000000000000000, 1.000000000000000000 ) ) ;
#4999 = CARTESIAN_POINT ( 'NONE',  ( 0.05000000000000000278, 0.01000000000000000021, 0.1020000000000000351 ) ) ;
#5000 = CARTESIAN_POINT ( 'NONE',  ( 0.1328941562142821331, 0.02567333688023188190, -0.1219999999999999835 ) ) ;
#5001 = VECTOR ( 'NONE', #3496, 39.37007874015748143 ) ;
#5002 = ORIENTED_EDGE ( 'NONE', *, *, #5093, .T. ) ;
#5003 = EDGE_CURVE ( 'NONE', #4187, #4453, #3325, .T. ) ;
#5004 = CARTESIAN_POINT ( 'NONE',  ( 0.05018797385280763385, 0.2139999333333333364, 0.05018797385280814732 ) ) ;
#5005 = CARTESIAN_POINT ( 'NONE',  ( 0.1119999999999999607, 0.1433333333333333404, -0.1119999999999999885 ) ) ;
#5006 = EDGE_CURVE ( 'NONE', #3745, #2366, #4040, .T. ) ;
#5007 =( NAMED_UNIT ( * ) PLANE_ANGLE_UNIT ( ) SI_UNIT ( $, .RADIAN. ) );
#5008 = ORIENTED_EDGE ( 'NONE', *, *, #2725, .T. ) ;
#5009 = PRESENTATION_STYLE_ASSIGNMENT (( #3373 ) ) ;
#5010 = ORIENTED_EDGE ( 'NONE', *, *, #3492, .T. ) ;
#5011 = CARTESIAN_POINT ( 'NONE',  ( -0.1275788215583597285, 0.01567333688023187649, -0.1219999999999999835 ) ) ;
#5012 = PRESENTATION_STYLE_ASSIGNMENT (( #3076 ) ) ;
#5013 = CARTESIAN_POINT ( 'NONE',  ( 0.1541028830034117947, 0.02000000000000000042, -0.1219999999999999835 ) ) ;
#5014 = EDGE_CURVE ( 'NONE', #2916, #3466, #1708, .T. ) ;
#5015 =( GEOMETRIC_REPRESENTATION_CONTEXT ( 3 ) GLOBAL_UNCERTAINTY_ASSIGNED_CONTEXT ( ( #2670 ) ) GLOBAL_UNIT_ASSIGNED_CONTEXT ( ( #1327, #5007, #995 ) ) REPRESENTATION_CONTEXT ( 'NONE', 'WORKASPACE' ) );
#5016 = SURFACE_STYLE_FILL_AREA ( #626 ) ;
#5017 =( NAMED_UNIT ( * ) SI_UNIT ( $, .STERADIAN. ) SOLID_ANGLE_UNIT ( ) );
#5018 = FACE_OUTER_BOUND ( 'NONE', #1229, .T. ) ;
#5019 = VERTEX_POINT ( 'NONE', #3296 ) ;
#5020 = VERTEX_POINT ( 'NONE', #3702 ) ;
#5021 = ORIENTED_EDGE ( 'NONE', *, *, #2444, .F. ) ;
#5022 = DIRECTION ( 'NONE',  ( 0.0000000000000000000, 1.000000000000000000, 0.0000000000000000000 ) ) ;
#5023 = CARTESIAN_POINT ( 'NONE',  ( 0.06250000000000001388, 0.01000000000000000021, 0.07199999999999998068 ) ) ;
#5024 = CARTESIAN_POINT ( 'NONE',  ( -0.1649970392176944578, 0.01000000000000000021, -0.1219999999999999835 ) ) ;
#5025 = DIRECTION ( 'NONE',  ( -0.0000000000000000000, 0.0000000000000000000, 1.000000000000000000 ) ) ;
#5026 = ORIENTED_EDGE ( 'NONE', *, *, #32, .F. ) ;
#5027 = CYLINDRICAL_SURFACE ( 'NONE', #2622, 0.009999999999999995004 ) ;
#5028 = DIRECTION ( 'NONE',  ( 0.0000000000000000000, -1.000000000000000000, 0.0000000000000000000 ) ) ;
#5029 = DIRECTION ( 'NONE',  ( -1.000000000000000000, 0.0000000000000000000, -0.0000000000000000000 ) ) ;
#5030 = ADVANCED_FACE ( 'NONE', ( #2836 ), #4869, .T. ) ;
#5031 = ORIENTED_EDGE ( 'NONE', *, *, #383, .T. ) ;
#5032 = ORIENTED_EDGE ( 'NONE', *, *, #2996, .T. ) ;
#5033 = CARTESIAN_POINT ( 'NONE',  ( -0.1219999999999995255, 0.02567333688023188190, -0.1219999999999999835 ) ) ;
#5034 = ORIENTED_EDGE ( 'NONE', *, *, #3243, .T. ) ;
#5035 = DIRECTION ( 'NONE',  ( 0.0000000000000000000, 0.0000000000000000000, 1.000000000000000000 ) ) ;
#5036 = DIMENSIONAL_EXPONENTS ( 1.000000000000000000, 0.0000000000000000000, 0.0000000000000000000, 0.0000000000000000000, 0.0000000000000000000, 0.0000000000000000000, 0.0000000000000000000 ) ;
#5037 = LINE ( 'NONE', #189, #3218 ) ;
#5038 = CLOSED_SHELL ( 'NONE', ( #1643, #4980, #1440, #2992, #4433, #2767, #3117, #4249, #3822, #4842 ) ) ;
#5039 = AXIS2_PLACEMENT_3D ( 'NONE', #4900, #3614, #25 ) ;
#5040 = DIRECTION ( 'NONE',  ( 0.5594203579408524307, 0.8288841071713995978, 0.0000000000000000000 ) ) ;
#5041 = CARTESIAN_POINT ( 'NONE',  ( -0.1219999999999995255, 0.02567333688023188190, -0.1219999999999999835 ) ) ;
#5042 = ORIENTED_EDGE ( 'NONE', *, *, #4491, .T. ) ;
#5043 = VECTOR ( 'NONE', #5181, 39.37007874015748143 ) ;
#5044 = ORIENTED_EDGE ( 'NONE', *, *, #2706, .F. ) ;
#5045 = UNCERTAINTY_MEASURE_WITH_UNIT (LENGTH_MEASURE( 1.000000000000000082E-05 ), #2415, 'distance_accuracy_value', 'NONE');
#5046 = ORIENTED_EDGE ( 'NONE', *, *, #1662, .F. ) ;
#5047 = EDGE_CURVE ( 'NONE', #1558, #959, #478, .T. ) ;
#5048 = FACE_OUTER_BOUND ( 'NONE', #355, .T. ) ;
#5049 = LINE ( 'NONE', #3036, #3181 ) ;
#5050 = DIRECTION ( 'NONE',  ( 1.000000000000000000, 0.0000000000000000000, -0.0000000000000000000 ) ) ;
#5051 = VECTOR ( 'NONE', #88, 39.37007874015748143 ) ;
#5052 = ORIENTED_EDGE ( 'NONE', *, *, #2475, .F. ) ;
#5053 = MECHANICAL_DESIGN_GEOMETRIC_PRESENTATION_REPRESENTATION (  '', ( #3022 ), #4525 ) ;
#5054 = FILL_AREA_STYLE ('',( #3438 ) ) ;
#5055 = ADVANCED_FACE ( 'NONE', ( #1417 ), #2331, .T. ) ;
#5056 = PLANE ( 'NONE',  #266 ) ;
#5057 = LINE ( 'NONE', #1436, #3949 ) ;
#5058 = AXIS2_PLACEMENT_3D ( 'NONE', #3085, #1117, #3485 ) ;
#5059 = ORIENTED_EDGE ( 'NONE', *, *, #4072, .T. ) ;
#5060 = ORIENTED_EDGE ( 'NONE', *, *, #2944, .F. ) ;
#5061 = CARTESIAN_POINT ( 'NONE',  ( -0.1541028830034118224, 0.01000000000000000021, -0.1219999999999999835 ) ) ;
#5062 = EDGE_CURVE ( 'NONE', #4135, #1807, #669, .T. ) ;
#5063 = ORIENTED_EDGE ( 'NONE', *, *, #4792, .T. ) ;
#5064 = AXIS2_PLACEMENT_3D ( 'NONE', #433, #3627, #1635 ) ;
#5065 = CARTESIAN_POINT ( 'NONE',  ( -0.1219999999999995255, 0.01567333688023188343, -0.1219999999999999835 ) ) ;
#5066 = CARTESIAN_POINT ( 'NONE',  ( -0.1219999999999994977, 0.01567333688023188343, 0.01200000004565745897 ) ) ;
#5067 = AXIS2_PLACEMENT_3D ( 'NONE', #2530, #4121, #530 ) ;
#5068 = CARTESIAN_POINT ( 'NONE',  ( 0.05000000000000000278, 0.0000000000000000000, 0.09199999999999995681 ) ) ;
#5069 = SPHERICAL_SURFACE ( 'NONE', #1616, 0.01000000000000000021 ) ;
#5070 = CIRCLE ( 'NONE', #1275, 0.009999999999999995004 ) ;
#5071 = MECHANICAL_DESIGN_GEOMETRIC_PRESENTATION_REPRESENTATION (  '', ( #4797 ), #3465 ) ;
#5072 =( NAMED_UNIT ( * ) SI_UNIT ( $, .STERADIAN. ) SOLID_ANGLE_UNIT ( ) );
#5073 = CARTESIAN_POINT ( 'NONE',  ( 0.1404987072757753475, 0.004405796420591505218, -0.1219999999999999835 ) ) ;
#5074 = AXIS2_PLACEMENT_3D ( 'NONE', #2824, #4140, #4081 ) ;
#5075 = MECHANICAL_DESIGN_GEOMETRIC_PRESENTATION_REPRESENTATION (  '', ( #2108 ), #1687 ) ;
#5076 = CARTESIAN_POINT ( 'NONE',  ( -0.06650453896958855027, 0.2149999333333333373, 0.07650453896958853139 ) ) ;
#5077 = DIRECTION ( 'NONE',  ( 1.000000000000000000, 0.0000000000000000000, 0.0000000000000000000 ) ) ;
#5078 = ORIENTED_EDGE ( 'NONE', *, *, #3436, .F. ) ;
#5079 = AXIS2_PLACEMENT_3D ( 'NONE', #1900, #2370, #3917 ) ;
#5080 = EDGE_LOOP ( 'NONE', ( #3135, #3322, #4758, #655 ) ) ;
#5081 = ORIENTED_EDGE ( 'NONE', *, *, #271, .F. ) ;
#5082 = SURFACE_SIDE_STYLE ('',( #699 ) ) ;
#5083 = DIRECTION ( 'NONE',  ( 0.0000000000000000000, 1.000000000000000000, 0.0000000000000000000 ) ) ;
#5084 = LINE ( 'NONE', #1459, #5161 ) ;
#5085 = PLANE ( 'NONE',  #5058 ) ;
#5086 = CARTESIAN_POINT ( 'NONE',  ( -0.1275788215583597562, 0.005673336880231876281, 0.01200000004565746244 ) ) ;
#5087 = EDGE_CURVE ( 'NONE', #385, #3482, #1180, .T. ) ;
#5088 = ORIENTED_EDGE ( 'NONE', *, *, #1388, .T. ) ;
#5089 = SURFACE_STYLE_USAGE ( .BOTH. , #3419 ) ;
#5090 = DIRECTION ( 'NONE',  ( 0.0000000000000000000, -0.0000000000000000000, 1.000000000000000000 ) ) ;
#5091 = CARTESIAN_POINT ( 'NONE',  ( 0.1328941562142821886, 0.01567333688023188343, -0.1219999999999999835 ) ) ;
#5092 = CARTESIAN_POINT ( 'NONE',  ( -0.1541028830034118224, 0.01000000000000000021, -0.01200000000000000198 ) ) ;
#5093 = EDGE_CURVE ( 'NONE', #4945, #1222, #4837, .T. ) ;
#5094 = ORIENTED_EDGE ( 'NONE', *, *, #4405, .F. ) ;
#5095 = DIRECTION ( 'NONE',  ( 0.0000000000000000000, 0.0000000000000000000, 1.000000000000000000 ) ) ;
#5096 = AXIS2_PLACEMENT_3D ( 'NONE', #3784, #1756, #3383 ) ;
#5097 = ORIENTED_EDGE ( 'NONE', *, *, #3057, .T. ) ;
#5098 = DIRECTION ( 'NONE',  ( 0.0000000000000000000, 0.0000000000000000000, 1.000000000000000000 ) ) ;
#5099 = CARTESIAN_POINT ( 'NONE',  ( 0.05000000000000000278, 0.0000000000000000000, 0.0000000000000000000 ) ) ;
#5100 = EDGE_CURVE ( 'NONE', #4590, #4344, #2889, .T. ) ;
#5101 = CARTESIAN_POINT ( 'NONE',  ( 0.1411829972859962035, 0.02126754045964037235, 0.06100000004565745565 ) ) ;
#5102 = EDGE_CURVE ( 'NONE', #4676, #455, #1233, .T. ) ;
#5103 = ORIENTED_EDGE ( 'NONE', *, *, #3889, .T. ) ;
#5104 = ORIENTED_EDGE ( 'NONE', *, *, #3680, .F. ) ;
#5105 = VERTEX_POINT ( 'NONE', #1618 ) ;
#5106 =( NAMED_UNIT ( * ) SI_UNIT ( $, .STERADIAN. ) SOLID_ANGLE_UNIT ( ) );
#5107 = DIRECTION ( 'NONE',  ( 1.000000000000000000, -8.537024980200826748E-16, 0.0000000000000000000 ) ) ;
#5108 = EDGE_CURVE ( 'NONE', #3711, #1286, #2832, .T. ) ;
#5109 = CARTESIAN_POINT ( 'NONE',  ( 0.1358676626300737711, 0.01126754045964036693, -0.06099999999999999173 ) ) ;
#5110 = ORIENTED_EDGE ( 'NONE', *, *, #3905, .F. ) ;
#5111 = PLANE ( 'NONE',  #1763 ) ;
#5112 = LINE ( 'NONE', #3094, #4733 ) ;
#5113 = PLANE ( 'NONE',  #758 ) ;
#5114 = ORIENTED_EDGE ( 'NONE', *, *, #83, .T. ) ;
#5115 = CARTESIAN_POINT ( 'NONE',  ( 0.1541028830034118224, 0.01000000000000000021, 0.01200000004565746244 ) ) ;
#5116 = SURFACE_STYLE_USAGE ( .BOTH. , #186 ) ;
#5117 = DIRECTION ( 'NONE',  ( -1.384382429221754630E-16, 1.000000000000000000, 0.0000000000000000000 ) ) ;
#5118 = DIRECTION ( 'NONE',  ( 0.0000000000000000000, 1.000000000000000000, 0.0000000000000000000 ) ) ;
#5119 = LINE ( 'NONE', #3078, #4475 ) ;
#5120 = ADVANCED_FACE ( 'NONE', ( #4434 ), #4390, .T. ) ;
#5121 = CARTESIAN_POINT ( 'NONE',  ( 0.1275788215583597562, 0.005673336880231876281, -0.06099999999999999173 ) ) ;
#5122 = ORIENTED_EDGE ( 'NONE', *, *, #3665, .T. ) ;
#5123 = LINE ( 'NONE', #3232, #4769 ) ;
#5124 = ADVANCED_FACE ( 'NONE', ( #5182 ), #4895, .F. ) ;
#5125 =( LENGTH_UNIT ( ) NAMED_UNIT ( * ) SI_UNIT ( $, .METRE. ) );
#5126 = CARTESIAN_POINT ( 'NONE',  ( 0.1541028830034117947, 0.02000000000000000042, 0.06100000004565745565 ) ) ;
#5127 = CARTESIAN_POINT ( 'NONE',  ( 0.01833333333333329873, 0.01000000000000000021, 0.08200000000000000344 ) ) ;
#5128 = AXIS2_PLACEMENT_3D ( 'NONE', #3196, #1951, #1230 ) ;
#5129 = EDGE_CURVE ( 'NONE', #1971, #2910, #4831, .T. ) ;
#5130 = ORIENTED_EDGE ( 'NONE', *, *, #3291, .F. ) ;
#5131 = CARTESIAN_POINT ( 'NONE',  ( -0.05000000000000000278, 0.02000000000000000042, 0.08199999999999998956 ) ) ;
#5132 = VECTOR ( 'NONE', #1141, 39.37007874015748143 ) ;
#5133 = DIRECTION ( 'NONE',  ( -0.0000000000000000000, -0.0000000000000000000, 1.000000000000000000 ) ) ;
#5134 = AXIS2_PLACEMENT_3D ( 'NONE', #3468, #3922, #565 ) ;
#5135 = CARTESIAN_POINT ( 'NONE',  ( 0.1219999999999995255, 0.02567333688023188190, -0.1219999999999999835 ) ) ;
#5136 = ORIENTED_EDGE ( 'NONE', *, *, #3082, .F. ) ;
#5137 = AXIS2_PLACEMENT_3D ( 'NONE', #3327, #954, #1314 ) ;
#5138 = LINE ( 'NONE', #3910, #4570 ) ;
#5139 = EDGE_CURVE ( 'NONE', #2074, #959, #443, .T. ) ;
#5140 = VECTOR ( 'NONE', #3001, 39.37007874015748143 ) ;
#5141 = VECTOR ( 'NONE', #628, 39.37007874015748143 ) ;
#5142 = ORIENTED_EDGE ( 'NONE', *, *, #3687, .F. ) ;
#5143 = DIRECTION ( 'NONE',  ( 0.0000000000000000000, 0.0000000000000000000, 1.000000000000000000 ) ) ;
#5144 = PRESENTATION_LAYER_ASSIGNMENT (  '', '', ( #2193 ) ) ;
#5145 = ORIENTED_EDGE ( 'NONE', *, *, #3506, .T. ) ;
#5146 = VECTOR ( 'NONE', #2812, 39.37007874015748143 ) ;
#5147 = PRESENTATION_LAYER_ASSIGNMENT (  '', '', ( #4300 ) ) ;
#5148 = CARTESIAN_POINT ( 'NONE',  ( 0.1328941562142821886, 0.01567333688023188343, -0.08500000004565745615 ) ) ;
#5149 = CARTESIAN_POINT ( 'NONE',  ( -0.05500000000000000028, 0.01000000000000000021, 0.1019999999999999934 ) ) ;
#5150 = CIRCLE ( 'NONE', #1190, 0.009999999999999995004 ) ;
#5151 = ORIENTED_EDGE ( 'NONE', *, *, #1662, .T. ) ;
#5152 = ORIENTED_EDGE ( 'NONE', *, *, #2286, .T. ) ;
#5153 = DIRECTION ( 'NONE',  ( -0.0000000000000000000, -0.0000000000000000000, -1.000000000000000000 ) ) ;
#5154 = VECTOR ( 'NONE', #1163, 39.37007874015748143 ) ;
#5155 = LENGTH_MEASURE_WITH_UNIT ( LENGTH_MEASURE( 0.02539999999999999897 ), #2430 );
#5156 = CARTESIAN_POINT ( 'NONE',  ( 0.1541028830034118224, 0.01000000000000000021, -0.06099999999999999173 ) ) ;
#5157 = EDGE_CURVE ( 'NONE', #2085, #1195, #859, .T. ) ;
#5158 = CARTESIAN_POINT ( 'NONE',  ( -0.01833333333333326057, 0.0000000000000000000, -0.07199999999999996680 ) ) ;
#5159 = ORIENTED_EDGE ( 'NONE', *, *, #3260, .F. ) ;
#5160 = PLANE ( 'NONE',  #5128 ) ;
#5161 = VECTOR ( 'NONE', #3063, 39.37007874015748143 ) ;
#5162 = EDGE_CURVE ( 'NONE', #986, #2793, #71, .T. ) ;
#5163 = DIRECTION ( 'NONE',  ( -1.000000000000000000, 0.0000000000000000000, 0.0000000000000000000 ) ) ;
#5164 = CIRCLE ( 'NONE', #3805, 0.009999999999999995004 ) ;
#5165 = FACE_OUTER_BOUND ( 'NONE', #2585, .T. ) ;
#5166 = VERTEX_POINT ( 'NONE', #1288 ) ;
#5167 = DIMENSIONAL_EXPONENTS ( 1.000000000000000000, 0.0000000000000000000, 0.0000000000000000000, 0.0000000000000000000, 0.0000000000000000000, 0.0000000000000000000, 0.0000000000000000000 ) ;
#5168 =( GEOMETRIC_REPRESENTATION_CONTEXT ( 3 ) GLOBAL_UNCERTAINTY_ASSIGNED_CONTEXT ( ( #2191 ) ) GLOBAL_UNIT_ASSIGNED_CONTEXT ( ( #388, #70, #3229 ) ) REPRESENTATION_CONTEXT ( 'NONE', 'WORKASPACE' ) );
#5169 = CARTESIAN_POINT ( 'NONE',  ( 0.06650453896958855027, 0.2149999333333333373, 0.06650453896958853639 ) ) ;
#5170 = VECTOR ( 'NONE', #1075, 39.37007874015748143 ) ;
#5171 = ORIENTED_EDGE ( 'NONE', *, *, #4738, .F. ) ;
#5172 = ORIENTED_EDGE ( 'NONE', *, *, #3652, .F. ) ;
#5173 = VERTEX_POINT ( 'NONE', #47 ) ;
#5174 = PRESENTATION_STYLE_ASSIGNMENT (( #2773 ) ) ;
#5175 = DIRECTION ( 'NONE',  ( 1.000000000000000000, 0.0000000000000000000, 0.0000000000000000000 ) ) ;
#5176 = DIRECTION ( 'NONE',  ( 0.0000000000000000000, 0.0000000000000000000, -1.000000000000000000 ) ) ;
#5177 = DIRECTION ( 'NONE',  ( 0.0000000000000000000, 0.0000000000000000000, 1.000000000000000000 ) ) ;
#5178 = EDGE_LOOP ( 'NONE', ( #3892, #3247, #661, #3638 ) ) ;
#5179 = DIRECTION ( 'NONE',  ( -0.5594203579408524307, -0.8288841071713997088, 0.0000000000000000000 ) ) ;
#5180 = ORIENTED_EDGE ( 'NONE', *, *, #2127, .F. ) ;
#5181 = DIRECTION ( 'NONE',  ( 0.5594203579408524307, 0.8288841071713997088, 0.0000000000000000000 ) ) ;
#5182 = FACE_OUTER_BOUND ( 'NONE', #3410, .T. ) ;
#5183 = EDGE_LOOP ( 'NONE', ( #4550, #1166, #2310, #1084 ) ) ;
#5184 = LINE ( 'NONE', #3153, #2714 ) ;
#5185 = FACE_OUTER_BOUND ( 'NONE', #4194, .T. ) ;
#5186 = CARTESIAN_POINT ( 'NONE',  ( -0.07650453896958855915, 0.1433333333333333404, -0.07650453896958855915 ) ) ;
#5187 = VERTEX_POINT ( 'NONE', #4490 ) ;
#5188 = UNCERTAINTY_MEASURE_WITH_UNIT (LENGTH_MEASURE( 1.000000000000000082E-05 ), #2253, 'distance_accuracy_value', 'NONE');
#5189 = LENGTH_MEASURE_WITH_UNIT ( LENGTH_MEASURE( 0.02539999999999999897 ), #1600 );
#5190 = LENGTH_MEASURE_WITH_UNIT ( LENGTH_MEASURE( 0.02539999999999999897 ), #2795 );
#5191 = VERTEX_POINT ( 'NONE', #3253 ) ;
#5192 = EDGE_CURVE ( 'NONE', #2234, #5173, #3169, .T. ) ;
#5193 = ORIENTED_EDGE ( 'NONE', *, *, #3142, .T. ) ;
#5194 = ORIENTED_EDGE ( 'NONE', *, *, #900, .F. ) ;
#5195 = DIRECTION ( 'NONE',  ( -1.000000000000000000, 0.0000000000000000000, 0.0000000000000000000 ) ) ;
#5196 = FILL_AREA_STYLE_COLOUR ( '', #72 ) ;
#5197 = LINE ( 'NONE', #746, #3454 ) ;
#5198 = PLANE ( 'NONE',  #3277 ) ;
#5199 = CARTESIAN_POINT ( 'NONE',  ( -0.1220000000000004969, 0.07166666666666667018, -0.1219999999999999835 ) ) ;
#5200 = CIRCLE ( 'NONE', #4277, 0.009999999999999995004 ) ;
#5201 = ORIENTED_EDGE ( 'NONE', *, *, #3190, .T. ) ;
#5202 = EDGE_CURVE ( 'NONE', #2724, #3007, #3664, .T. ) ;
#5203 = PRESENTATION_LAYER_ASSIGNMENT (  '', '', ( #2264 ) ) ;
#5204 = EDGE_LOOP ( 'NONE', ( #4464, #2993, #1189, #1724 ) ) ;
#5205 = DIRECTION ( 'NONE',  ( 0.0000000000000000000, 0.0000000000000000000, 1.000000000000000000 ) ) ;
#5206 = AXIS2_PLACEMENT_3D ( 'NONE', #4952, #809, #1236 ) ;
#5207 = VERTEX_POINT ( 'NONE', #4784 ) ;
#5208 = CARTESIAN_POINT ( 'NONE',  ( 0.1411829972859962035, 0.02126754045964037235, 0.08500000004565745615 ) ) ;
#5209 = AXIS2_PLACEMENT_3D ( 'NONE', #2933, #4481, #877 ) ;
#5210 = LINE ( 'NONE', #3957, #2283 ) ;
#5211 = CARTESIAN_POINT ( 'NONE',  ( 0.1649970392176944856, 0.0000000000000000000, 0.01200000004565745897 ) ) ;
ENDSEC;
END-ISO-10303-21;
