ISO-10303-21;
HEADER;
FILE_DESCRIPTION (( 'STEP AP214' ),
    '1' );
FILE_NAME ('LT1963AES8#PBF.STEP',
    '2023-05-22T04:35:08',
    ( '' ),
    ( '' ),
    'SwSTEP 2.0',
    'SolidWorks 2022',
    '' );
FILE_SCHEMA (( 'AUTOMOTIVE_DESIGN' ));
ENDSEC;

DATA;
#1 = EDGE_CURVE ( 'NONE', #2329, #1690, #1247, .T. ) ;
#2 = CARTESIAN_POINT ( 'NONE',  ( 2.500000000000000000, -0.3939999999999999614, 0.1789999999999999925 ) ) ;
#3 = ORIENTED_EDGE ( 'NONE', *, *, #2705, .T. ) ;
#4 = ORIENTED_EDGE ( 'NONE', *, *, #1970, .F. ) ;
#5 = CARTESIAN_POINT ( 'NONE',  ( -2.422999999999999599, 1.663999999999999924, 0.3180000000000000049 ) ) ;
#6 = VECTOR ( 'NONE', #3322, 1000.000000000000000 ) ;
#7 = FACE_OUTER_BOUND ( 'NONE', #1523, .T. ) ;
#8 = CYLINDRICAL_SURFACE ( 'NONE', #2369, 0.07937499999999998723 ) ;
#9 = CARTESIAN_POINT ( 'NONE',  ( -2.669999999999999929, 1.663999999999999924, 0.1590000000000000024 ) ) ;
#10 = DIRECTION ( 'NONE',  ( 0.000000000000000000, -1.000000000000000000, 0.000000000000000000 ) ) ;
#11 = CARTESIAN_POINT ( 'NONE',  ( -2.510887506327666774, 0.8760000000000000009, 0.1383925439670798951 ) ) ;
#12 = CARTESIAN_POINT ( 'NONE',  ( -1.994000000000000217, -2.501999999999999780, 0.000000000000000000 ) ) ;
#13 = VERTEX_POINT ( 'NONE', #1875 ) ;
#14 = ORIENTED_EDGE ( 'NONE', *, *, #1804, .F. ) ;
#15 = PLANE ( 'NONE',  #3630 ) ;
#16 = ADVANCED_FACE ( 'NONE', ( #1856 ), #3062, .T. ) ;
#17 = DIRECTION ( 'NONE',  ( 0.000000000000000000, -1.000000000000000000, 0.000000000000000000 ) ) ;
#18 = ORIENTED_EDGE ( 'NONE', *, *, #3680, .T. ) ;
#19 = EDGE_CURVE ( 'NONE', #3646, #2940, #3375, .T. ) ;
#20 = CARTESIAN_POINT ( 'NONE',  ( -2.669999999999999929, 2.145999999999999908, 0.1590000000000000024 ) ) ;
#21 = ORIENTED_EDGE ( 'NONE', *, *, #3329, .F. ) ;
#22 = ORIENTED_EDGE ( 'NONE', *, *, #2594, .F. ) ;
#23 = SURFACE_STYLE_FILL_AREA ( #943 ) ;
#24 = EDGE_CURVE ( 'NONE', #1611, #264, #2151, .T. ) ;
#25 = CARTESIAN_POINT ( 'NONE',  ( 2.576000000000000068, 1.663999999999999924, 0.2000000000000000111 ) ) ;
#26 = CARTESIAN_POINT ( 'NONE',  ( 2.669999999999999929, 0.8760000000000000009, 0.1590000000000000024 ) ) ;
#27 = AXIS2_PLACEMENT_3D ( 'NONE', #2450, #393, #2467 ) ;
#28 = DIRECTION ( 'NONE',  ( -0.7931070766835158770, 0.000000000000000000, 0.6090822316522849222 ) ) ;
#29 = DIRECTION ( 'NONE',  ( 0.000000000000000000, 1.000000000000000000, 0.000000000000000000 ) ) ;
#30 = CARTESIAN_POINT ( 'NONE',  ( 2.669999999999999929, 0.3939999999999999614, 0.000000000000000000 ) ) ;
#31 = ORIENTED_EDGE ( 'NONE', *, *, #2070, .F. ) ;
#32 = VERTEX_POINT ( 'NONE', #1264 ) ;
#33 = CARTESIAN_POINT ( 'NONE',  ( 2.516000000000000014, 0.8760000000000000009, 0.1179999999999999938 ) ) ;
#34 = DIRECTION ( 'NONE',  ( 1.000000000000000000, 0.000000000000000000, 0.000000000000000000 ) ) ;
#35 = ORIENTED_EDGE ( 'NONE', *, *, #1907, .T. ) ;
#36 = MECHANICAL_DESIGN_GEOMETRIC_PRESENTATION_REPRESENTATION (  '', ( #3160 ), #2162 ) ;
#37 = CARTESIAN_POINT ( 'NONE',  ( -2.516593682343122307, 0.7153333333333334876, 0.1181580582861557344 ) ) ;
#38 = VERTEX_POINT ( 'NONE', #1593 ) ;
#39 = ORIENTED_EDGE ( 'NONE', *, *, #250, .F. ) ;
#40 = STYLED_ITEM ( 'NONE', ( #205 ), #2169 ) ;
#41 = EDGE_CURVE ( 'NONE', #739, #3111, #3177, .T. ) ;
#42 = ADVANCED_FACE ( 'NONE', ( #1302 ), #976, .T. ) ;
#43 = VECTOR ( 'NONE', #2068, 1000.000000000000000 ) ;
#44 = CARTESIAN_POINT ( 'NONE',  ( 2.592999999999999972, 0.8760000000000000009, 0.1379999999999999838 ) ) ;
#45 = AXIS2_PLACEMENT_3D ( 'NONE', #1135, #801, #210 ) ;
#46 = PLANE ( 'NONE',  #290 ) ;
#47 = CARTESIAN_POINT ( 'NONE',  ( -2.500000000000000000, -2.145999999999999908, 0.1789999999999999925 ) ) ;
#48 = AXIS2_PLACEMENT_3D ( 'NONE', #3561, #578, #2971 ) ;
#49 = DIRECTION ( 'NONE',  ( -0.7931070766835158770, 0.000000000000000000, 0.6090822316522849222 ) ) ;
#50 = EDGE_CURVE ( 'NONE', #1959, #3117, #3433, .T. ) ;
#51 = CARTESIAN_POINT ( 'NONE',  ( 2.669999999999999929, -0.3939999999999999614, 0.07900000000000000078 ) ) ;
#52 = CARTESIAN_POINT ( 'NONE',  ( -1.994000000000000217, 2.501999999999999780, 0.000000000000000000 ) ) ;
#53 = ORIENTED_EDGE ( 'NONE', *, *, #804, .F. ) ;
#54 = CLOSED_SHELL ( 'NONE', ( #2475, #1326, #1514, #3178, #852, #1834, #307, #225, #1113, #3843, #2240, #2010, #2819, #3253 ) ) ;
#55 = CARTESIAN_POINT ( 'NONE',  ( 3.099000000000000199, 0.3939999999999999614, 0.07900000000000000078 ) ) ;
#56 = B_SPLINE_CURVE_WITH_KNOTS ( 'NONE', 3,
 ( #1022, #1582, #1661, #2216 ),
 .UNSPECIFIED., .F., .F.,
 ( 4, 4 ),
 ( 0.000000000000000000, 1.000000000000000000 ),
 .UNSPECIFIED. ) ;
#57 = ORIENTED_EDGE ( 'NONE', *, *, #3511, .T. ) ;
#58 = CARTESIAN_POINT ( 'NONE',  ( -2.422999999999999599, -1.663999999999999924, 0.3180000000000000049 ) ) ;
#59 = ORIENTED_EDGE ( 'NONE', *, *, #3577, .F. ) ;
#60 = VERTEX_POINT ( 'NONE', #183 ) ;
#61 = CARTESIAN_POINT ( 'NONE',  ( -2.576339779398220120, -1.985333333333333394, 0.2000910519956014544 ) ) ;
#62 = VECTOR ( 'NONE', #3601, 1000.000000000000000 ) ;
#63 = CARTESIAN_POINT ( 'NONE',  ( 2.576000000000000068, 2.145999999999999908, 0.2000000000000000111 ) ) ;
#64 = EDGE_CURVE ( 'NONE', #451, #3719, #3700, .T. ) ;
#65 = CARTESIAN_POINT ( 'NONE',  ( -2.669999999999999929, 0.8760000000000000009, 0.1590000000000000024 ) ) ;
#66 = CARTESIAN_POINT ( 'NONE',  ( -2.669999999999999929, -0.3939999999999999614, 0.07900000000000000078 ) ) ;
#67 = VECTOR ( 'NONE', #1018, 1000.000000000000000 ) ;
#68 = ADVANCED_FACE ( 'NONE', ( #1373 ), #3580, .T. ) ;
#69 = CARTESIAN_POINT ( 'NONE',  ( -2.516593682343122307, 1.824666666666666437, 0.1181580582861557344 ) ) ;
#70 = FACE_OUTER_BOUND ( 'NONE', #631, .T. ) ;
#71 = ORIENTED_EDGE ( 'NONE', *, *, #2496, .F. ) ;
#72 = ADVANCED_FACE ( 'NONE', ( #3815 ), #810, .T. ) ;
#73 = SURFACE_SIDE_STYLE ('',( #2761 ) ) ;
#74 = DIRECTION ( 'NONE',  ( -1.000000000000000000, 0.000000000000000000, 0.000000000000000000 ) ) ;
#75 = ORIENTED_EDGE ( 'NONE', *, *, #877, .F. ) ;
#76 = CARTESIAN_POINT ( 'NONE',  ( -2.516000000000000014, 0.8760000000000000009, 0.1179999999999999938 ) ) ;
#77 = CARTESIAN_POINT ( 'NONE',  ( 2.499825768919332170, -1.985333333333333394, 0.1789547451738525141 ) ) ;
#78 = ORIENTED_EDGE ( 'NONE', *, *, #2260, .F. ) ;
#79 = DIRECTION ( 'NONE',  ( -0.000000000000000000, 1.000000000000000000, 0.000000000000000000 ) ) ;
#80 = DIRECTION ( 'NONE',  ( 0.000000000000000000, 1.000000000000000000, 0.000000000000000000 ) ) ;
#81 = ORIENTED_EDGE ( 'NONE', *, *, #1810, .T. ) ;
#82 = PLANE ( 'NONE',  #1851 ) ;
#83 = CARTESIAN_POINT ( 'NONE',  ( 2.669999999999999929, 2.145999999999999908, 0.1590000000000000024 ) ) ;
#84 = CARTESIAN_POINT ( 'NONE',  ( 3.099000000000000199, -1.663999999999999924, 0.000000000000000000 ) ) ;
#85 = DIRECTION ( 'NONE',  ( 0.000000000000000000, 1.000000000000000000, 0.000000000000000000 ) ) ;
#86 = ORIENTED_EDGE ( 'NONE', *, *, #1613, .T. ) ;
#87 = EDGE_CURVE ( 'NONE', #1818, #1319, #2424, .T. ) ;
#88 = DIRECTION ( 'NONE',  ( 1.000000000000000000, 0.000000000000000000, 0.000000000000000000 ) ) ;
#89 = VERTEX_POINT ( 'NONE', #892 ) ;
#90 = CARTESIAN_POINT ( 'NONE',  ( -2.592999999999999972, -1.663999999999999924, 0.1379999999999999838 ) ) ;
#91 = CARTESIAN_POINT ( 'NONE',  ( -2.422999999999999599, 0.3939999999999999614, 0.2380000000000000171 ) ) ;
#92 = VERTEX_POINT ( 'NONE', #533 ) ;
#93 = CARTESIAN_POINT ( 'NONE',  ( -1.994000000000000217, -2.501999999999999780, 1.752999999999999892 ) ) ;
#94 = VECTOR ( 'NONE', #1073, 1000.000000000000000 ) ;
#95 = VECTOR ( 'NONE', #2234, 1000.000000000000000 ) ;
#96 = CARTESIAN_POINT ( 'NONE',  ( 2.587098972876761493, -0.3939999999999999614, 0.1586038308920786621 ) ) ;
#97 = ORIENTED_EDGE ( 'NONE', *, *, #3171, .F. ) ;
#98 = DIRECTION ( 'NONE',  ( 0.000000000000000000, -1.000000000000000000, 0.000000000000000000 ) ) ;
#99 = VECTOR ( 'NONE', #1617, 1000.000000000000000 ) ;
#100 = CARTESIAN_POINT ( 'NONE',  ( 2.669999999999999929, -0.5546666666666666412, 0.07962499999999998745 ) ) ;
#101 = PLANE ( 'NONE',  #1020 ) ;
#102 = AXIS2_PLACEMENT_3D ( 'NONE', #1989, #3216, #3193 ) ;
#103 = CARTESIAN_POINT ( 'NONE',  ( -1.994000000000000217, -1.663999999999999924, 0.2380000000000000171 ) ) ;
#104 = VERTEX_POINT ( 'NONE', #597 ) ;
#105 = SURFACE_STYLE_USAGE ( .BOTH. , #3090 ) ;
#106 = CARTESIAN_POINT ( 'NONE',  ( -2.669999999999999929, 1.663999999999999924, 0.07900000000000000078 ) ) ;
#107 = UNCERTAINTY_MEASURE_WITH_UNIT (LENGTH_MEASURE( 1.000000000000000082E-05 ), #2982, 'distance_accuracy_value', 'NONE');
#108 = EDGE_CURVE ( 'NONE', #3624, #818, #738, .T. ) ;
#109 = ORIENTED_EDGE ( 'NONE', *, *, #274, .F. ) ;
#110 = CARTESIAN_POINT ( 'NONE',  ( 1.994000000000000217, -1.663999999999999924, 0.2380000000000000171 ) ) ;
#111 = CARTESIAN_POINT ( 'NONE',  ( -2.422999999999999599, 0.7153333333333334876, 0.2383749999999999758 ) ) ;
#112 = ADVANCED_FACE ( 'NONE', ( #2889 ), #1183, .T. ) ;
#113 = EDGE_LOOP ( 'NONE', ( #831, #1571, #2949, #157 ) ) ;
#114 = DIRECTION ( 'NONE',  ( 1.000000000000000000, 0.000000000000000000, 0.000000000000000000 ) ) ;
#115 = EDGE_CURVE ( 'NONE', #1191, #1497, #3509, .T. ) ;
#116 = CARTESIAN_POINT ( 'NONE',  ( -2.576000000000000068, -1.663999999999999924, 0.2000000000000000111 ) ) ;
#117 = ORIENTED_EDGE ( 'NONE', *, *, #1777, .F. ) ;
#118 = CARTESIAN_POINT ( 'NONE',  ( -2.516000000000000014, 1.663999999999999924, 0.1179999999999999938 ) ) ;
#119 = DIRECTION ( 'NONE',  ( 1.000000000000000000, 0.000000000000000000, 0.000000000000000000 ) ) ;
#120 = VECTOR ( 'NONE', #572, 1000.000000000000000 ) ;
#121 = CARTESIAN_POINT ( 'NONE',  ( 2.516593682343122307, 0.7153333333333334876, 0.1181580582861557344 ) ) ;
#122 = PLANE ( 'NONE',  #1169 ) ;
#123 = VERTEX_POINT ( 'NONE', #1995 ) ;
#124 = VECTOR ( 'NONE', #890, 1000.000000000000000 ) ;
#125 = CARTESIAN_POINT ( 'NONE',  ( 2.592999999999999972, 1.663999999999999924, 0.1379999999999999838 ) ) ;
#126 = LINE ( 'NONE', #768, #1031 ) ;
#127 = CARTESIAN_POINT ( 'NONE',  ( 1.994000000000000217, 2.145999999999999908, 0.3180000000000000049 ) ) ;
#128 = ORIENTED_EDGE ( 'NONE', *, *, #442, .F. ) ;
#129 = EDGE_CURVE ( 'NONE', #489, #3624, #2317, .T. ) ;
#130 = B_SPLINE_CURVE_WITH_KNOTS ( 'NONE', 3,
 ( #3729, #764, #121, #1041 ),
 .UNSPECIFIED., .F., .F.,
 ( 4, 4 ),
 ( 0.000000000000000000, 1.000000000000000000 ),
 .UNSPECIFIED. ) ;
#131 = FILL_AREA_STYLE_COLOUR ( '', #1037 ) ;
#132 = CARTESIAN_POINT ( 'NONE',  ( -2.500000000000000000, 0.3939999999999999614, 0.1789999999999999925 ) ) ;
#133 = EDGE_CURVE ( 'NONE', #1493, #2613, #1630, .T. ) ;
#134 = DIRECTION ( 'NONE',  ( 0.000000000000000000, 1.000000000000000000, 0.000000000000000000 ) ) ;
#135 = ADVANCED_FACE ( 'NONE', ( #1430 ), #2632, .T. ) ;
#136 = EDGE_LOOP ( 'NONE', ( #3745, #2829, #2426, #3348 ) ) ;
#137 = DIRECTION ( 'NONE',  ( 0.000000000000000000, -1.000000000000000000, 0.000000000000000000 ) ) ;
#138 = DIRECTION ( 'NONE',  ( 0.000000000000000000, 1.000000000000000000, 0.000000000000000000 ) ) ;
#139 = B_SPLINE_CURVE_WITH_KNOTS ( 'NONE', 3,
 ( #1367, #3121, #3767, #1901 ),
 .UNSPECIFIED., .F., .F.,
 ( 4, 4 ),
 ( 0.000000000000000000, 1.000000000000000000 ),
 .UNSPECIFIED. ) ;
#140 = CARTESIAN_POINT ( 'NONE',  ( -2.576339779398220120, -0.7153333333333334876, 0.2000910519956014544 ) ) ;
#141 = CARTESIAN_POINT ( 'NONE',  ( 2.576000000000000068, 0.3939999999999999614, 0.2000000000000000111 ) ) ;
#142 = EDGE_LOOP ( 'NONE', ( #1857, #2008, #1863, #4 ) ) ;
#143 = DIRECTION ( 'NONE',  ( 1.000000000000000000, 0.000000000000000000, 0.000000000000000000 ) ) ;
#144 = DIRECTION ( 'NONE',  ( 0.000000000000000000, -1.000000000000000000, 0.000000000000000000 ) ) ;
#145 = DIRECTION ( 'NONE',  ( 0.000000000000000000, 1.000000000000000000, 0.000000000000000000 ) ) ;
#146 = ORIENTED_EDGE ( 'NONE', *, *, #3196, .F. ) ;
#147 = DIRECTION ( 'NONE',  ( 0.000000000000000000, -1.000000000000000000, 0.000000000000000000 ) ) ;
#148 = CARTESIAN_POINT ( 'NONE',  ( 2.669999999999999929, 0.3939999999999999614, 0.07900000000000000078 ) ) ;
#149 = ORIENTED_EDGE ( 'NONE', *, *, #417, .F. ) ;
#150 = VERTEX_POINT ( 'NONE', #848 ) ;
#151 = ADVANCED_FACE ( 'NONE', ( #1746 ), #2043, .F. ) ;
#152 = CARTESIAN_POINT ( 'NONE',  ( -2.669999999999999929, -2.145999999999999908, 0.07900000000000000078 ) ) ;
#153 = COLOUR_RGB ( '',0.7215686274509803821, 0.7215686274509803821, 0.7215686274509803821 ) ;
#154 = CIRCLE ( 'NONE', #1092, 0.07937499999999989009 ) ;
#155 = CARTESIAN_POINT ( 'NONE',  ( 2.516000000000000014, -0.8760000000000000009, 0.1179999999999999938 ) ) ;
#156 = CARTESIAN_POINT ( 'NONE',  ( -2.422999999999999599, -0.8760000000000000009, 0.2380000000000000171 ) ) ;
#157 = ORIENTED_EDGE ( 'NONE', *, *, #1731, .F. ) ;
#158 = AXIS2_PLACEMENT_3D ( 'NONE', #3590, #2749, #2428 ) ;
#159 = CARTESIAN_POINT ( 'NONE',  ( 2.422999999999999599, -1.663999999999999924, 0.3180000000000000049 ) ) ;
#160 = ADVANCED_FACE ( 'NONE', ( #3249 ), #280, .T. ) ;
#161 = AXIS2_PLACEMENT_3D ( 'NONE', #200, #2083, #2931 ) ;
#162 = CARTESIAN_POINT ( 'NONE',  ( 2.592999999999999972, -2.145999999999999908, 0.1379999999999999838 ) ) ;
#163 = FACE_OUTER_BOUND ( 'NONE', #294, .T. ) ;
#164 = CIRCLE ( 'NONE', #2352, 0.1587499999999997802 ) ;
#165 = ORIENTED_EDGE ( 'NONE', *, *, #1112, .T. ) ;
#166 = AXIS2_PLACEMENT_3D ( 'NONE', #3358, #927, #2408 ) ;
#167 = CARTESIAN_POINT ( 'NONE',  ( 2.422999999999999599, 1.663999999999999924, 0.3180000000000000049 ) ) ;
#168 = DIRECTION ( 'NONE',  ( 1.000000000000000000, 0.000000000000000000, 0.000000000000000000 ) ) ;
#169 = DIRECTION ( 'NONE',  ( 0.9658855493432024764, 0.000000000000000000, -0.2589693139543370881 ) ) ;
#170 = EDGE_LOOP ( 'NONE', ( #792, #3627, #395, #750 ) ) ;
#171 = ORIENTED_EDGE ( 'NONE', *, *, #1329, .F. ) ;
#172 = DIRECTION ( 'NONE',  ( 0.000000000000000000, 1.000000000000000000, 0.000000000000000000 ) ) ;
#173 =( LENGTH_UNIT ( ) NAMED_UNIT ( * ) SI_UNIT ( .MILLI., .METRE. ) );
#174 = EDGE_CURVE ( 'NONE', #3757, #186, #218, .T. ) ;
#175 = CARTESIAN_POINT ( 'NONE',  ( 1.994000000000000217, 0.3939999999999999614, 0.2380000000000000171 ) ) ;
#176 = CARTESIAN_POINT ( 'NONE',  ( -2.669999999999999929, -0.3939999999999999614, 0.000000000000000000 ) ) ;
#177 = EDGE_LOOP ( 'NONE', ( #1458, #1605, #1209, #1132 ) ) ;
#178 = DIRECTION ( 'NONE',  ( 0.7931070766835159880, 0.000000000000000000, 0.6090822316522849222 ) ) ;
#179 = AXIS2_PLACEMENT_3D ( 'NONE', #2614, #3274, #2911 ) ;
#180 = ADVANCED_FACE ( 'NONE', ( #1450 ), #2356, .F. ) ;
#181 = CARTESIAN_POINT ( 'NONE',  ( -2.592999999999999972, -2.145999999999999908, 0.1379999999999999838 ) ) ;
#182 = CARTESIAN_POINT ( 'NONE',  ( 3.099000000000000199, 0.8760000000000000009, 0.000000000000000000 ) ) ;
#183 = CARTESIAN_POINT ( 'NONE',  ( 2.669999999999999929, 0.8760000000000000009, 0.000000000000000000 ) ) ;
#184 = PRESENTATION_LAYER_ASSIGNMENT (  '', '', ( #2495 ) ) ;
#185 = EDGE_CURVE ( 'NONE', #1228, #2571, #3363, .T. ) ;
#186 = VERTEX_POINT ( 'NONE', #1868 ) ;
#187 = EDGE_LOOP ( 'NONE', ( #202, #171, #1286, #2612 ) ) ;
#188 = CARTESIAN_POINT ( 'NONE',  ( 1.994000000000000217, 0.3939999999999999614, 0.3180000000000000049 ) ) ;
#189 = PLANE ( 'NONE',  #2595 ) ;
#190 = ORIENTED_EDGE ( 'NONE', *, *, #2864, .F. ) ;
#191 = EDGE_LOOP ( 'NONE', ( #3332, #3095, #2059, #2995 ) ) ;
#192 = LINE ( 'NONE', #2601, #3367 ) ;
#193 =( NAMED_UNIT ( * ) PLANE_ANGLE_UNIT ( ) SI_UNIT ( $, .RADIAN. ) );
#194 = CARTESIAN_POINT ( 'NONE',  ( -2.576000000000000068, -0.3939999999999999614, 0.2000000000000000111 ) ) ;
#195 = CARTESIAN_POINT ( 'NONE',  ( -3.099000000000000199, -0.3939999999999999614, 0.000000000000000000 ) ) ;
#196 = ORIENTED_EDGE ( 'NONE', *, *, #2894, .T. ) ;
#197 = CARTESIAN_POINT ( 'NONE',  ( -3.099000000000000199, -0.8760000000000000009, 0.000000000000000000 ) ) ;
#198 = CARTESIAN_POINT ( 'NONE',  ( -2.669999999999999929, -0.8760000000000000009, 0.1590000000000000024 ) ) ;
#199 = LINE ( 'NONE', #3497, #2912 ) ;
#200 = CARTESIAN_POINT ( 'NONE',  ( -1.278000000000000025, 1.905000000000000027, 1.752999999999999892 ) ) ;
#201 = VERTEX_POINT ( 'NONE', #1202 ) ;
#202 = ORIENTED_EDGE ( 'NONE', *, *, #741, .T. ) ;
#203 = EDGE_CURVE ( 'NONE', #3316, #1218, #3031, .T. ) ;
#204 = CARTESIAN_POINT ( 'NONE',  ( 2.576339779398220120, -1.985333333333333394, 0.2000910519956014544 ) ) ;
#205 = PRESENTATION_STYLE_ASSIGNMENT (( #2000 ) ) ;
#206 = ADVANCED_FACE ( 'NONE', ( #70 ), #931, .T. ) ;
#207 = CARTESIAN_POINT ( 'NONE',  ( 1.994000000000000217, 2.501999999999999780, 1.752999999999999892 ) ) ;
#208 = ORIENTED_EDGE ( 'NONE', *, *, #1066, .T. ) ;
#209 = ORIENTED_EDGE ( 'NONE', *, *, #954, .T. ) ;
#210 = DIRECTION ( 'NONE',  ( 0.7931070766835159880, 0.000000000000000000, -0.6090822316522849222 ) ) ;
#211 = VECTOR ( 'NONE', #790, 1000.000000000000000 ) ;
#212 = FACE_OUTER_BOUND ( 'NONE', #1817, .T. ) ;
#213 = VERTEX_POINT ( 'NONE', #3598 ) ;
#214 = PLANE ( 'NONE',  #3387 ) ;
#215 = DIRECTION ( 'NONE',  ( 0.000000000000000000, 0.000000000000000000, 1.000000000000000000 ) ) ;
#216 = AXIS2_PLACEMENT_3D ( 'NONE', #1539, #3865, #3320 ) ;
#217 = DIRECTION ( 'NONE',  ( 0.2589693139543370881, 0.000000000000000000, 0.9658855493432024764 ) ) ;
#218 = LINE ( 'NONE', #828, #671 ) ;
#219 = VERTEX_POINT ( 'NONE', #12 ) ;
#220 = B_SPLINE_CURVE_WITH_KNOTS ( 'NONE', 3,
 ( #3702, #1012, #425, #3644 ),
 .UNSPECIFIED., .F., .F.,
 ( 4, 4 ),
 ( 0.000000000000000000, 1.000000000000000000 ),
 .UNSPECIFIED. ) ;
#221 = VERTEX_POINT ( 'NONE', #3675 ) ;
#222 = VECTOR ( 'NONE', #858, 1000.000000000000000 ) ;
#223 = DIRECTION ( 'NONE',  ( -0.7931070766835159880, 0.000000000000000000, -0.6090822316522849222 ) ) ;
#224 = AXIS2_PLACEMENT_3D ( 'NONE', #855, #17, #561 ) ;
#225 = ADVANCED_FACE ( 'NONE', ( #1841 ), #339, .T. ) ;
#226 = DIRECTION ( 'NONE',  ( -0.7931070766835159880, 0.000000000000000000, 0.6090822316522849222 ) ) ;
#227 = VECTOR ( 'NONE', #802, 1000.000000000000000 ) ;
#228 = EDGE_CURVE ( 'NONE', #3013, #744, #2693, .T. ) ;
#229 = CARTESIAN_POINT ( 'NONE',  ( 2.422999999999999599, 0.8760000000000000009, 0.1590000000000000024 ) ) ;
#230 = ORIENTED_EDGE ( 'NONE', *, *, #2914, .T. ) ;
#231 = ORIENTED_EDGE ( 'NONE', *, *, #643, .F. ) ;
#232 = SURFACE_STYLE_USAGE ( .BOTH. , #522 ) ;
#233 = EDGE_CURVE ( 'NONE', #1095, #537, #3637, .T. ) ;
#234 = AXIS2_PLACEMENT_3D ( 'NONE', #366, #1892, #3078 ) ;
#235 = DIRECTION ( 'NONE',  ( 1.000000000000000000, 0.000000000000000000, 0.000000000000000000 ) ) ;
#236 = CARTESIAN_POINT ( 'NONE',  ( 2.669999999999999929, 2.145999999999999908, 0.000000000000000000 ) ) ;
#237 = FACE_OUTER_BOUND ( 'NONE', #113, .T. ) ;
#238 = VERTEX_POINT ( 'NONE', #950 ) ;
#239 = CARTESIAN_POINT ( 'NONE',  ( -1.994000000000000217, 1.663999999999999924, 0.2380000000000000171 ) ) ;
#240 = DIRECTION ( 'NONE',  ( 0.000000000000000000, -1.000000000000000000, 0.000000000000000000 ) ) ;
#241 = PLANE ( 'NONE',  #1706 ) ;
#242 = CARTESIAN_POINT ( 'NONE',  ( 2.592999999999999972, 0.8760000000000000009, 0.1379999999999999838 ) ) ;
#243 = EDGE_LOOP ( 'NONE', ( #53, #1748, #1016, #3260 ) ) ;
#244 = ORIENTED_EDGE ( 'NONE', *, *, #185, .T. ) ;
#245 = DIRECTION ( 'NONE',  ( 0.000000000000000000, 0.000000000000000000, 1.000000000000000000 ) ) ;
#246 = VECTOR ( 'NONE', #2471, 1000.000000000000000 ) ;
#247 = CARTESIAN_POINT ( 'NONE',  ( 2.592999999999999972, -2.145999999999999908, 0.1379999999999999838 ) ) ;
#248 = ORIENTED_EDGE ( 'NONE', *, *, #1310, .T. ) ;
#249 = AXIS2_PLACEMENT_3D ( 'NONE', #1181, #3617, #2755 ) ;
#250 = EDGE_CURVE ( 'NONE', #835, #1436, #3484, .T. ) ;
#251 = CARTESIAN_POINT ( 'NONE',  ( -2.516000000000000014, 0.8760000000000000009, 0.1179999999999999938 ) ) ;
#252 = VERTEX_POINT ( 'NONE', #2712 ) ;
#253 = ORIENTED_EDGE ( 'NONE', *, *, #3566, .F. ) ;
#254 = ADVANCED_FACE ( 'NONE', ( #656 ), #3655, .T. ) ;
#255 = CARTESIAN_POINT ( 'NONE',  ( 2.592999999999999972, -2.145999999999999908, 0.1379999999999999838 ) ) ;
#256 = CARTESIAN_POINT ( 'NONE',  ( -2.516000000000000014, 2.145999999999999908, 0.1179999999999999938 ) ) ;
#257 = DIRECTION ( 'NONE',  ( 1.000000000000000000, 0.000000000000000000, 0.000000000000000000 ) ) ;
#258 = ORIENTED_EDGE ( 'NONE', *, *, #1584, .T. ) ;
#259 = CARTESIAN_POINT ( 'NONE',  ( 2.500000000000000000, 1.663999999999999924, 0.1789999999999999925 ) ) ;
#260 = CARTESIAN_POINT ( 'NONE',  ( -1.178305000000000158, 1.905000000000000027, 1.752999999999999892 ) ) ;
#261 = DIRECTION ( 'NONE',  ( 0.000000000000000000, 0.000000000000000000, 1.000000000000000000 ) ) ;
#262 = DIRECTION ( 'NONE',  ( 1.000000000000000000, 0.000000000000000000, 0.000000000000000000 ) ) ;
#263 = ORIENTED_EDGE ( 'NONE', *, *, #1685, .T. ) ;
#264 = VERTEX_POINT ( 'NONE', #3326 ) ;
#265 = CARTESIAN_POINT ( 'NONE',  ( -2.669999999999999929, 0.3939999999999999614, 0.07900000000000000078 ) ) ;
#266 = PLANE ( 'NONE',  #2417 ) ;
#267 = ORIENTED_EDGE ( 'NONE', *, *, #2438, .F. ) ;
#268 = CARTESIAN_POINT ( 'NONE',  ( 1.994000000000000217, 0.3939999999999999614, 0.2380000000000000171 ) ) ;
#269 = ORIENTED_EDGE ( 'NONE', *, *, #1810, .F. ) ;
#270 = ORIENTED_EDGE ( 'NONE', *, *, #3370, .T. ) ;
#271 = CARTESIAN_POINT ( 'NONE',  ( -2.669999999999999929, 1.663999999999999924, 0.000000000000000000 ) ) ;
#272 = B_SPLINE_CURVE_WITH_KNOTS ( 'NONE', 3,
 ( #1772, #1149, #545, #292 ),
 .UNSPECIFIED., .F., .F.,
 ( 4, 4 ),
 ( 0.000000000000000000, 1.000000000000000000 ),
 .UNSPECIFIED. ) ;
#273 = CARTESIAN_POINT ( 'NONE',  ( -3.099000000000000199, 1.663999999999999924, 0.07900000000000000078 ) ) ;
#274 = EDGE_CURVE ( 'NONE', #835, #2628, #2498, .T. ) ;
#275 = DIRECTION ( 'NONE',  ( 0.000000000000000000, 1.000000000000000000, 0.000000000000000000 ) ) ;
#276 = CARTESIAN_POINT ( 'NONE',  ( -3.099000000000000199, -2.145999999999999908, 0.07900000000000000078 ) ) ;
#277 = ORIENTED_EDGE ( 'NONE', *, *, #3441, .F. ) ;
#278 = CARTESIAN_POINT ( 'NONE',  ( -2.422999999999999599, -1.824666666666666437, 0.2383749999999999758 ) ) ;
#279 = DIRECTION ( 'NONE',  ( 0.000000000000000000, -1.000000000000000000, 0.000000000000000000 ) ) ;
#280 = CYLINDRICAL_SURFACE ( 'NONE', #1289, 0.1587500000000000022 ) ;
#281 = EDGE_LOOP ( 'NONE', ( #2839, #3488, #3076, #3763 ) ) ;
#282 = ORIENTED_EDGE ( 'NONE', *, *, #948, .T. ) ;
#283 = ADVANCED_FACE ( 'NONE', ( #638 ), #1522, .T. ) ;
#284 = DIRECTION ( 'NONE',  ( 0.000000000000000000, 0.000000000000000000, -1.000000000000000000 ) ) ;
#285 = AXIS2_PLACEMENT_3D ( 'NONE', #438, #1336, #1627 ) ;
#286 = AXIS2_PLACEMENT_3D ( 'NONE', #868, #1764, #215 ) ;
#287 = CARTESIAN_POINT ( 'NONE',  ( 2.669999999999999929, -0.8760000000000000009, 0.000000000000000000 ) ) ;
#288 = VECTOR ( 'NONE', #2729, 1000.000000000000000 ) ;
#289 = ORIENTED_EDGE ( 'NONE', *, *, #2077, .T. ) ;
#290 = AXIS2_PLACEMENT_3D ( 'NONE', #945, #3283, #1178 ) ;
#291 = CIRCLE ( 'NONE', #608, 0.09969499999999990869 ) ;
#292 = CARTESIAN_POINT ( 'NONE',  ( -2.422999999999999599, 2.145999999999999908, 0.3180000000000000049 ) ) ;
#293 = AXIS2_PLACEMENT_3D ( 'NONE', #573, #1118, #3243 ) ;
#294 = EDGE_LOOP ( 'NONE', ( #2555, #1151, #2443, #1921 ) ) ;
#295 = VERTEX_POINT ( 'NONE', #3054 ) ;
#296 = PLANE ( 'NONE',  #2734 ) ;
#297 = FACE_OUTER_BOUND ( 'NONE', #2812, .T. ) ;
#298 = DIRECTION ( 'NONE',  ( 0.000000000000000000, 0.000000000000000000, -1.000000000000000000 ) ) ;
#299 = DIRECTION ( 'NONE',  ( 0.000000000000000000, 0.000000000000000000, 1.000000000000000000 ) ) ;
#300 = ADVANCED_FACE ( 'NONE', ( #1487 ), #359, .T. ) ;
#301 = DIRECTION ( 'NONE',  ( 0.000000000000000000, 1.000000000000000000, 0.000000000000000000 ) ) ;
#302 = CARTESIAN_POINT ( 'NONE',  ( 2.576000000000000068, -1.663999999999999924, 0.2000000000000000111 ) ) ;
#303 = ORIENTED_EDGE ( 'NONE', *, *, #979, .F. ) ;
#304 = ORIENTED_EDGE ( 'NONE', *, *, #3070, .T. ) ;
#305 = B_SPLINE_CURVE_WITH_KNOTS ( 'NONE', 3,
 ( #116, #3434, #61, #1307 ),
 .UNSPECIFIED., .F., .F.,
 ( 4, 4 ),
 ( 0.000000000000000000, 1.000000000000000000 ),
 .UNSPECIFIED. ) ;
#306 = ADVANCED_FACE ( 'NONE', ( #3072 ), #2451, .T. ) ;
#307 = ADVANCED_FACE ( 'NONE', ( #2106 ), #678, .T. ) ;
#308 = CARTESIAN_POINT ( 'NONE',  ( 2.669999999999999929, 0.8760000000000000009, 0.07900000000000000078 ) ) ;
#309 = ORIENTED_EDGE ( 'NONE', *, *, #2331, .F. ) ;
#310 = CARTESIAN_POINT ( 'NONE',  ( -2.576000000000000068, 2.145999999999999908, 0.2000000000000000111 ) ) ;
#311 = ORIENTED_EDGE ( 'NONE', *, *, #1922, .T. ) ;
#312 = ORIENTED_EDGE ( 'NONE', *, *, #19, .F. ) ;
#313 = CARTESIAN_POINT ( 'NONE',  ( 2.669999999999999929, -2.145999999999999908, 0.07900000000000000078 ) ) ;
#314 = AXIS2_PLACEMENT_3D ( 'NONE', #1763, #299, #2968 ) ;
#315 = B_SPLINE_CURVE_WITH_KNOTS ( 'NONE', 3,
 ( #66, #2374, #928, #1254 ),
 .UNSPECIFIED., .F., .F.,
 ( 4, 4 ),
 ( 0.000000000000000000, 1.000000000000000000 ),
 .UNSPECIFIED. ) ;
#316 = CARTESIAN_POINT ( 'NONE',  ( -2.581549486438380558, -2.145999999999999908, 0.1793019154460393227 ) ) ;
#317 = CARTESIAN_POINT ( 'NONE',  ( 3.099000000000000199, 1.663999999999999924, 0.000000000000000000 ) ) ;
#318 = DIRECTION ( 'NONE',  ( 0.000000000000000000, -1.000000000000000000, 0.000000000000000000 ) ) ;
#319 = CARTESIAN_POINT ( 'NONE',  ( -1.994000000000000217, 2.501999999999999780, 1.752999999999999892 ) ) ;
#320 = LINE ( 'NONE', #1840, #1576 ) ;
#321 = CARTESIAN_POINT ( 'NONE',  ( 2.669999999999999929, -2.145999999999999908, 0.000000000000000000 ) ) ;
#322 = VERTEX_POINT ( 'NONE', #2180 ) ;
#323 = ORIENTED_EDGE ( 'NONE', *, *, #1211, .F. ) ;
#324 = DIRECTION ( 'NONE',  ( 0.000000000000000000, 0.000000000000000000, -1.000000000000000000 ) ) ;
#325 = CARTESIAN_POINT ( 'NONE',  ( 1.994000000000000217, 0.3939999999999999614, 0.2380000000000000171 ) ) ;
#326 = EDGE_CURVE ( 'NONE', #331, #1470, #2854, .T. ) ;
#327 = VERTEX_POINT ( 'NONE', #1786 ) ;
#328 = PRODUCT_DEFINITION ( 'UNKNOWN', '', #3327, #2493 ) ;
#329 = LINE ( 'NONE', #1192, #3479 ) ;
#330 = ORIENTED_EDGE ( 'NONE', *, *, #820, .F. ) ;
#331 = VERTEX_POINT ( 'NONE', #2509 ) ;
#332 = CARTESIAN_POINT ( 'NONE',  ( 2.669999999999999929, -1.663999999999999924, 0.07900000000000000078 ) ) ;
#333 = EDGE_CURVE ( 'NONE', #2016, #3328, #56, .T. ) ;
#334 = CARTESIAN_POINT ( 'NONE',  ( 1.994000000000000217, -1.663999999999999924, 0.3180000000000000049 ) ) ;
#335 = FACE_OUTER_BOUND ( 'NONE', #1176, .T. ) ;
#336 = DIRECTION ( 'NONE',  ( 0.000000000000000000, 1.000000000000000000, 0.000000000000000000 ) ) ;
#337 = CYLINDRICAL_SURFACE ( 'NONE', #3264, 0.1587500000000000022 ) ;
#338 = DIRECTION ( 'NONE',  ( 0.000000000000000000, 0.000000000000000000, 1.000000000000000000 ) ) ;
#339 = PLANE ( 'NONE',  #1720 ) ;
#340 = EDGE_LOOP ( 'NONE', ( #2910, #2188, #1109, #3508 ) ) ;
#341 = LINE ( 'NONE', #3366, #1809 ) ;
#342 = CARTESIAN_POINT ( 'NONE',  ( -1.994000000000000217, 2.145999999999999908, 0.2380000000000000171 ) ) ;
#343 = UNCERTAINTY_MEASURE_WITH_UNIT (LENGTH_MEASURE( 1.000000000000000082E-05 ), #3157, 'distance_accuracy_value', 'NONE');
#344 = ORIENTED_EDGE ( 'NONE', *, *, #1447, .F. ) ;
#345 = EDGE_CURVE ( 'NONE', #1203, #1788, #1407, .T. ) ;
#346 = CIRCLE ( 'NONE', #2665, 0.07937499999999989009 ) ;
#347 = CARTESIAN_POINT ( 'NONE',  ( -2.516000000000000014, 2.145999999999999908, 0.1179999999999999938 ) ) ;
#348 = ORIENTED_EDGE ( 'NONE', *, *, #3089, .T. ) ;
#349 = ORIENTED_EDGE ( 'NONE', *, *, #1040, .T. ) ;
#350 = LINE ( 'NONE', #1480, #915 ) ;
#351 = ADVANCED_FACE ( 'NONE', ( #2548 ), #122, .T. ) ;
#352 = VECTOR ( 'NONE', #2644, 1000.000000000000000 ) ;
#353 = DIRECTION ( 'NONE',  ( 0.000000000000000000, -1.000000000000000000, 0.000000000000000000 ) ) ;
#354 = EDGE_CURVE ( 'NONE', #1997, #32, #731, .T. ) ;
#355 = LINE ( 'NONE', #889, #973 ) ;
#356 = VECTOR ( 'NONE', #2707, 1000.000000000000000 ) ;
#357 = CARTESIAN_POINT ( 'NONE',  ( 2.422999999999999599, 0.8760000000000000009, 0.1590000000000000024 ) ) ;
#358 = CARTESIAN_POINT ( 'NONE',  ( -1.994000000000000217, -0.8760000000000000009, 0.2380000000000000171 ) ) ;
#359 = PLANE ( 'NONE',  #2604 ) ;
#360 = VERTEX_POINT ( 'NONE', #3103 ) ;
#361 = VECTOR ( 'NONE', #770, 1000.000000000000000 ) ;
#362 = CARTESIAN_POINT ( 'NONE',  ( -1.994000000000000217, 2.145999999999999908, 0.2380000000000000171 ) ) ;
#363 = DIRECTION ( 'NONE',  ( 0.000000000000000000, 0.000000000000000000, -1.000000000000000000 ) ) ;
#364 = ORIENTED_EDGE ( 'NONE', *, *, #2946, .F. ) ;
#365 = CARTESIAN_POINT ( 'NONE',  ( -2.592999999999999972, 2.145999999999999908, 0.1379999999999999838 ) ) ;
#366 = CARTESIAN_POINT ( 'NONE',  ( 2.516000000000000014, 2.145999999999999908, 0.1179999999999999938 ) ) ;
#367 = VERTEX_POINT ( 'NONE', #1074 ) ;
#368 = LINE ( 'NONE', #1266, #3546 ) ;
#369 = AXIS2_PLACEMENT_3D ( 'NONE', #1423, #275, #3242 ) ;
#370 = CARTESIAN_POINT ( 'NONE',  ( 2.500000000000000000, -1.663999999999999924, 0.1789999999999999925 ) ) ;
#371 = AXIS2_PLACEMENT_3D ( 'NONE', #3557, #867, #178 ) ;
#372 = ORIENTED_EDGE ( 'NONE', *, *, #924, .T. ) ;
#373 = DIRECTION ( 'NONE',  ( -0.000000000000000000, 1.000000000000000000, 0.000000000000000000 ) ) ;
#374 = EDGE_CURVE ( 'NONE', #1774, #2016, #139, .T. ) ;
#375 = DIRECTION ( 'NONE',  ( 1.000000000000000000, 0.000000000000000000, 0.000000000000000000 ) ) ;
#376 = EDGE_CURVE ( 'NONE', #428, #3704, #711, .T. ) ;
#377 = PLANE ( 'NONE',  #2397 ) ;
#378 = CARTESIAN_POINT ( 'NONE',  ( 3.099000000000000199, -2.145999999999999908, 0.000000000000000000 ) ) ;
#379 = ORIENTED_EDGE ( 'NONE', *, *, #1543, .F. ) ;
#380 = SURFACE_STYLE_USAGE ( .BOTH. , #2143 ) ;
#381 = DIRECTION ( 'NONE',  ( 0.000000000000000000, -1.000000000000000000, 0.000000000000000000 ) ) ;
#382 = ORIENTED_EDGE ( 'NONE', *, *, #1506, .T. ) ;
#383 = CYLINDRICAL_SURFACE ( 'NONE', #3051, 0.07937499999999998723 ) ;
#384 = CARTESIAN_POINT ( 'NONE',  ( -2.422999999999999599, 0.5546666666666666412, 0.2383749999999999758 ) ) ;
#385 = ORIENTED_EDGE ( 'NONE', *, *, #3406, .F. ) ;
#386 = DIRECTION ( 'NONE',  ( 0.000000000000000000, 0.000000000000000000, 1.000000000000000000 ) ) ;
#387 = CARTESIAN_POINT ( 'NONE',  ( 2.422999999999999599, 1.663999999999999924, 0.2380000000000000171 ) ) ;
#388 = ORIENTED_EDGE ( 'NONE', *, *, #2754, .T. ) ;
#389 = PRESENTATION_STYLE_ASSIGNMENT (( #1325 ) ) ;
#390 = DIRECTION ( 'NONE',  ( 0.000000000000000000, 0.000000000000000000, -1.000000000000000000 ) ) ;
#391 = ADVANCED_FACE ( 'NONE', ( #2792 ), #1604, .F. ) ;
#392 = AXIS2_PLACEMENT_3D ( 'NONE', #3009, #2414, #3619 ) ;
#393 = DIRECTION ( 'NONE',  ( 0.000000000000000000, 1.000000000000000000, 0.000000000000000000 ) ) ;
#394 = CARTESIAN_POINT ( 'NONE',  ( 2.576339779398220120, 0.5546666666666666412, 0.2000910519956014544 ) ) ;
#395 = ORIENTED_EDGE ( 'NONE', *, *, #2093, .F. ) ;
#396 = PRESENTATION_STYLE_ASSIGNMENT (( #105 ) ) ;
#397 = B_SPLINE_CURVE_WITH_KNOTS ( 'NONE', 3,
 ( #1235, #278, #2433, #3341 ),
 .UNSPECIFIED., .F., .F.,
 ( 4, 4 ),
 ( 0.000000000000000000, 1.000000000000000000 ),
 .UNSPECIFIED. ) ;
#398 = CARTESIAN_POINT ( 'NONE',  ( 2.422999999999999599, 0.8760000000000000009, 0.2380000000000000171 ) ) ;
#399 = EDGE_CURVE ( 'NONE', #295, #859, #2845, .T. ) ;
#400 = ORIENTED_EDGE ( 'NONE', *, *, #3311, .T. ) ;
#401 = AXIS2_PLACEMENT_3D ( 'NONE', #3819, #2474, #381 ) ;
#402 = DIRECTION ( 'NONE',  ( 0.7931070766835159880, 0.000000000000000000, 0.6090822316522849222 ) ) ;
#403 = CARTESIAN_POINT ( 'NONE',  ( 2.500000000000000000, -2.145999999999999908, 0.1789999999999999925 ) ) ;
#404 = ORIENTED_EDGE ( 'NONE', *, *, #129, .T. ) ;
#405 = CARTESIAN_POINT ( 'NONE',  ( 2.516000000000000014, -2.145999999999999908, 0.1179999999999999938 ) ) ;
#406 = B_SPLINE_CURVE_WITH_KNOTS ( 'NONE', 3,
 ( #259, #3195, #1076, #1446 ),
 .UNSPECIFIED., .F., .F.,
 ( 4, 4 ),
 ( 0.000000000000000000, 1.000000000000000000 ),
 .UNSPECIFIED. ) ;
#407 = FACE_OUTER_BOUND ( 'NONE', #986, .T. ) ;
#408 = VERTEX_POINT ( 'NONE', #3730 ) ;
#409 = FACE_OUTER_BOUND ( 'NONE', #2981, .T. ) ;
#410 = VECTOR ( 'NONE', #2770, 1000.000000000000000 ) ;
#411 = DIRECTION ( 'NONE',  ( 0.000000000000000000, 1.000000000000000000, 0.000000000000000000 ) ) ;
#412 = B_SPLINE_CURVE_WITH_KNOTS ( 'NONE', 3,
 ( #1945, #2559, #1108, #2302 ),
 .UNSPECIFIED., .F., .F.,
 ( 4, 4 ),
 ( 0.000000000000000000, 1.000000000000000000 ),
 .UNSPECIFIED. ) ;
#413 = DIRECTION ( 'NONE',  ( 0.000000000000000000, 1.000000000000000000, 0.000000000000000000 ) ) ;
#414 = VECTOR ( 'NONE', #2415, 1000.000000000000000 ) ;
#415 = DIRECTION ( 'NONE',  ( 0.7931070766835159880, 0.000000000000000000, -0.6090822316522849222 ) ) ;
#416 = ORIENTED_EDGE ( 'NONE', *, *, #2917, .T. ) ;
#417 = EDGE_CURVE ( 'NONE', #3183, #1191, #3133, .T. ) ;
#418 = LINE ( 'NONE', #2830, #1186 ) ;
#419 = FACE_OUTER_BOUND ( 'NONE', #2267, .T. ) ;
#420 = CYLINDRICAL_SURFACE ( 'NONE', #3791, 0.07937499999999998723 ) ;
#421 = EDGE_CURVE ( 'NONE', #2272, #3789, #1043, .T. ) ;
#422 = ORIENTED_EDGE ( 'NONE', *, *, #2312, .T. ) ;
#423 = EDGE_CURVE ( 'NONE', #408, #2319, #2237, .T. ) ;
#424 = EDGE_CURVE ( 'NONE', #3279, #1531, #3112, .T. ) ;
#425 = CARTESIAN_POINT ( 'NONE',  ( -2.593421871689254754, -0.5546666666666666412, 0.1381150559152513890 ) ) ;
#426 = CARTESIAN_POINT ( 'NONE',  ( 2.669999999999999929, 0.3939999999999999614, 0.000000000000000000 ) ) ;
#427 = PLANE ( 'NONE',  #1341 ) ;
#428 = VERTEX_POINT ( 'NONE', #450 ) ;
#429 = CARTESIAN_POINT ( 'NONE',  ( 2.500000000000000000, 0.8760000000000000009, 0.1789999999999999925 ) ) ;
#430 = DIRECTION ( 'NONE',  ( 0.000000000000000000, 0.000000000000000000, 1.000000000000000000 ) ) ;
#431 = STYLED_ITEM ( 'NONE', ( #1259 ), #3382 ) ;
#432 = CARTESIAN_POINT ( 'NONE',  ( -2.422999999999999599, -1.824666666666666437, 0.3177499999999999769 ) ) ;
#433 = DIRECTION ( 'NONE',  ( 0.000000000000000000, 1.000000000000000000, 0.000000000000000000 ) ) ;
#434 = EDGE_LOOP ( 'NONE', ( #1762, #2807, #959, #2243, #3468, #1148, #3296, #622, #2908, #3209, #543, #3822 ) ) ;
#435 = AXIS2_PLACEMENT_3D ( 'NONE', #1580, #2789, #1002 ) ;
#436 = STYLED_ITEM ( 'NONE', ( #2307 ), #3205 ) ;
#437 = CARTESIAN_POINT ( 'NONE',  ( 3.099000000000000199, -0.8760000000000000009, 0.07900000000000000078 ) ) ;
#438 = CARTESIAN_POINT ( 'NONE',  ( -2.669999999999999929, 0.8760000000000000009, 0.000000000000000000 ) ) ;
#439 = ORIENTED_EDGE ( 'NONE', *, *, #3660, .T. ) ;
#440 = EDGE_CURVE ( 'NONE', #89, #1479, #2487, .T. ) ;
#441 = CARTESIAN_POINT ( 'NONE',  ( -2.516000000000000014, -0.8760000000000000009, 0.1179999999999999938 ) ) ;
#442 = EDGE_CURVE ( 'NONE', #1344, #408, #3456, .T. ) ;
#443 = DIRECTION ( 'NONE',  ( 0.000000000000000000, -1.000000000000000000, 0.000000000000000000 ) ) ;
#444 = VERTEX_POINT ( 'NONE', #765 ) ;
#445 = VERTEX_POINT ( 'NONE', #1953 ) ;
#446 = DIRECTION ( 'NONE',  ( 0.000000000000000000, -1.000000000000000000, 0.000000000000000000 ) ) ;
#447 = ADVANCED_FACE ( 'NONE', ( #3155 ), #471, .T. ) ;
#448 = CARTESIAN_POINT ( 'NONE',  ( 3.099000000000000199, -0.3939999999999999614, 0.07900000000000000078 ) ) ;
#449 = DIRECTION ( 'NONE',  ( 0.000000000000000000, 1.000000000000000000, 0.000000000000000000 ) ) ;
#450 = CARTESIAN_POINT ( 'NONE',  ( 2.516000000000000014, 2.145999999999999908, 0.1179999999999999938 ) ) ;
#451 = VERTEX_POINT ( 'NONE', #1005 ) ;
#452 = CARTESIAN_POINT ( 'NONE',  ( 1.994000000000000217, 2.501999999999999780, 1.752999999999999892 ) ) ;
#453 = AXIS2_PLACEMENT_3D ( 'NONE', #984, #1502, #2179 ) ;
#454 = CARTESIAN_POINT ( 'NONE',  ( -2.592999999999999972, -0.8760000000000000009, 0.1379999999999999838 ) ) ;
#455 = LINE ( 'NONE', #3755, #3787 ) ;
#456 = VERTEX_POINT ( 'NONE', #2199 ) ;
#457 = CARTESIAN_POINT ( 'NONE',  ( -1.994000000000000217, -0.3939999999999999614, 0.3180000000000000049 ) ) ;
#458 = DIRECTION ( 'NONE',  ( 0.000000000000000000, -1.000000000000000000, 0.000000000000000000 ) ) ;
#459 = ADVANCED_FACE ( 'NONE', ( #237 ), #1462, .T. ) ;
#460 = DIRECTION ( 'NONE',  ( -0.7931070766835159880, 0.000000000000000000, 0.6090822316522849222 ) ) ;
#461 = ORIENTED_EDGE ( 'NONE', *, *, #741, .F. ) ;
#462 = ORIENTED_EDGE ( 'NONE', *, *, #1107, .T. ) ;
#463 = CARTESIAN_POINT ( 'NONE',  ( 2.422999999999999599, 1.663999999999999924, 0.3180000000000000049 ) ) ;
#464 = AXIS2_PLACEMENT_3D ( 'NONE', #1352, #2844, #2810 ) ;
#465 = AXIS2_PLACEMENT_3D ( 'NONE', #1101, #477, #2832 ) ;
#466 = AXIS2_PLACEMENT_3D ( 'NONE', #1356, #144, #2274 ) ;
#467 = DIRECTION ( 'NONE',  ( 1.000000000000000000, 0.000000000000000000, 0.000000000000000000 ) ) ;
#468 = EDGE_CURVE ( 'NONE', #3162, #3519, #3649, .T. ) ;
#469 = VECTOR ( 'NONE', #353, 1000.000000000000000 ) ;
#470 = CARTESIAN_POINT ( 'NONE',  ( 3.099000000000000199, -2.145999999999999908, 0.000000000000000000 ) ) ;
#471 = PLANE ( 'NONE',  #788 ) ;
#472 = ORIENTED_EDGE ( 'NONE', *, *, #1758, .T. ) ;
#473 = VECTOR ( 'NONE', #1032, 1000.000000000000000 ) ;
#474 = CARTESIAN_POINT ( 'NONE',  ( -2.499825768919332170, 0.5546666666666666412, 0.1789547451738525141 ) ) ;
#475 = AXIS2_PLACEMENT_3D ( 'NONE', #695, #2565, #1936 ) ;
#476 = CARTESIAN_POINT ( 'NONE',  ( 3.099000000000000199, -0.3939999999999999614, 0.07900000000000000078 ) ) ;
#477 = DIRECTION ( 'NONE',  ( -0.000000000000000000, 1.000000000000000000, 0.000000000000000000 ) ) ;
#478 = CARTESIAN_POINT ( 'NONE',  ( 2.576000000000000068, 2.145999999999999908, 0.2000000000000000111 ) ) ;
#479 = VERTEX_POINT ( 'NONE', #3827 ) ;
#480 = VERTEX_POINT ( 'NONE', #822 ) ;
#481 = DIRECTION ( 'NONE',  ( 0.000000000000000000, 1.000000000000000000, 0.000000000000000000 ) ) ;
#482 = ORIENTED_EDGE ( 'NONE', *, *, #1813, .T. ) ;
#483 = ORIENTED_EDGE ( 'NONE', *, *, #926, .F. ) ;
#484 = LINE ( 'NONE', #255, #3074 ) ;
#485 = B_SPLINE_CURVE_WITH_KNOTS ( 'NONE', 3,
 ( #313, #632, #3609, #332 ),
 .UNSPECIFIED., .F., .F.,
 ( 4, 4 ),
 ( 0.000000000000000000, 1.000000000000000000 ),
 .UNSPECIFIED. ) ;
#486 = EDGE_CURVE ( 'NONE', #3141, #89, #3674, .T. ) ;
#487 = CARTESIAN_POINT ( 'NONE',  ( -2.516000000000000014, -0.8760000000000000009, 0.1179999999999999938 ) ) ;
#488 = CARTESIAN_POINT ( 'NONE',  ( 3.099000000000000199, -0.8760000000000000009, 0.07900000000000000078 ) ) ;
#489 = VERTEX_POINT ( 'NONE', #1180 ) ;
#490 = DIRECTION ( 'NONE',  ( 0.000000000000000000, 0.000000000000000000, 1.000000000000000000 ) ) ;
#491 = PRESENTATION_LAYER_ASSIGNMENT (  '', '', ( #1674 ) ) ;
#492 = DIRECTION ( 'NONE',  ( 0.000000000000000000, 0.000000000000000000, 1.000000000000000000 ) ) ;
#493 = CARTESIAN_POINT ( 'NONE',  ( 3.099000000000000199, 0.3939999999999999614, 0.07900000000000000078 ) ) ;
#494 = EDGE_LOOP ( 'NONE', ( #282, #2276, #3842, #1104 ) ) ;
#495 = ORIENTED_EDGE ( 'NONE', *, *, #3018, .F. ) ;
#496 = ORIENTED_EDGE ( 'NONE', *, *, #228, .F. ) ;
#497 = EDGE_CURVE ( 'NONE', #3420, #1997, #843, .T. ) ;
#498 = CARTESIAN_POINT ( 'NONE',  ( -1.994000000000000217, -2.145999999999999908, 0.3180000000000000049 ) ) ;
#499 = B_SPLINE_CURVE_WITH_KNOTS ( 'NONE', 3,
 ( #3535, #3597, #532, #3579 ),
 .UNSPECIFIED., .F., .F.,
 ( 4, 4 ),
 ( 0.000000000000000000, 1.000000000000000000 ),
 .UNSPECIFIED. ) ;
#500 = CARTESIAN_POINT ( 'NONE',  ( -3.099000000000000199, 0.8760000000000000009, 0.07900000000000000078 ) ) ;
#501 = ORIENTED_EDGE ( 'NONE', *, *, #3712, .F. ) ;
#502 = ORIENTED_EDGE ( 'NONE', *, *, #2260, .T. ) ;
#503 = CYLINDRICAL_SURFACE ( 'NONE', #3298, 0.1587500000000000022 ) ;
#504 = CARTESIAN_POINT ( 'NONE',  ( -2.669999999999999929, -1.663999999999999924, 0.1590000000000000024 ) ) ;
#505 = CARTESIAN_POINT ( 'NONE',  ( 2.669999999999999929, -0.8760000000000000009, 0.1590000000000000024 ) ) ;
#506 = CARTESIAN_POINT ( 'NONE',  ( -2.422999999999999599, -0.3939999999999999614, 0.2380000000000000171 ) ) ;
#507 = ORIENTED_EDGE ( 'NONE', *, *, #1884, .F. ) ;
#508 = CARTESIAN_POINT ( 'NONE',  ( 2.422999999999999599, 2.145999999999999908, 0.2380000000000000171 ) ) ;
#509 = EDGE_CURVE ( 'NONE', #1908, #367, #2627, .T. ) ;
#510 = FACE_OUTER_BOUND ( 'NONE', #2867, .T. ) ;
#511 = CARTESIAN_POINT ( 'NONE',  ( 3.099000000000000199, -1.663999999999999924, 0.07900000000000000078 ) ) ;
#512 = CARTESIAN_POINT ( 'NONE',  ( 2.669999999999999929, 1.663999999999999924, 0.1590000000000000024 ) ) ;
#513 = ORIENTED_EDGE ( 'NONE', *, *, #1170, .T. ) ;
#514 = ORIENTED_EDGE ( 'NONE', *, *, #3618, .T. ) ;
#515 = CARTESIAN_POINT ( 'NONE',  ( 2.669999999999999929, -0.8760000000000000009, 0.1590000000000000024 ) ) ;
#516 = ADVANCED_FACE ( 'NONE', ( #1136 ), #1678, .F. ) ;
#517 = EDGE_CURVE ( 'NONE', #2046, #690, #1115, .T. ) ;
#518 = VECTOR ( 'NONE', #2434, 1000.000000000000000 ) ;
#519 = FACE_OUTER_BOUND ( 'NONE', #3477, .T. ) ;
#520 = ORIENTED_EDGE ( 'NONE', *, *, #1, .F. ) ;
#521 = VERTEX_POINT ( 'NONE', #2036 ) ;
#522 = SURFACE_SIDE_STYLE ('',( #799 ) ) ;
#523 = DIRECTION ( 'NONE',  ( -0.7931070766835159880, 0.000000000000000000, -0.6090822316522849222 ) ) ;
#524 = AXIS2_PLACEMENT_3D ( 'NONE', #2144, #1298, #1009 ) ;
#525 = CARTESIAN_POINT ( 'NONE',  ( 2.669999999999999929, 0.8760000000000000009, 0.07900000000000000078 ) ) ;
#526 = ORIENTED_EDGE ( 'NONE', *, *, #2210, .T. ) ;
#527 = CIRCLE ( 'NONE', #3241, 0.07937499999999990397 ) ;
#528 = LINE ( 'NONE', #1718, #3820 ) ;
#529 = AXIS2_PLACEMENT_3D ( 'NONE', #920, #585, #2939 ) ;
#530 = DIRECTION ( 'NONE',  ( 0.000000000000000000, 0.000000000000000000, 1.000000000000000000 ) ) ;
#531 = CIRCLE ( 'NONE', #1712, 0.07937499999999990397 ) ;
#532 = CARTESIAN_POINT ( 'NONE',  ( -2.587098972876761493, 1.663999999999999924, 0.1586038308920786621 ) ) ;
#533 = CARTESIAN_POINT ( 'NONE',  ( -2.422999999999999599, -2.145999999999999908, 0.3180000000000000049 ) ) ;
#534 = ORIENTED_EDGE ( 'NONE', *, *, #1942, .F. ) ;
#535 = EDGE_CURVE ( 'NONE', #639, #1774, #3736, .T. ) ;
#536 = VECTOR ( 'NONE', #1474, 1000.000000000000000 ) ;
#537 = VERTEX_POINT ( 'NONE', #506 ) ;
#538 = DIRECTION ( 'NONE',  ( 0.000000000000000000, 0.000000000000000000, 1.000000000000000000 ) ) ;
#539 = VECTOR ( 'NONE', #3844, 1000.000000000000000 ) ;
#540 = LINE ( 'NONE', #3275, #1224 ) ;
#541 = ADVANCED_FACE ( 'NONE', ( #551 ), #1443, .T. ) ;
#542 = AXIS2_PLACEMENT_3D ( 'NONE', #2606, #865, #257 ) ;
#543 = ORIENTED_EDGE ( 'NONE', *, *, #971, .T. ) ;
#544 = EDGE_CURVE ( 'NONE', #3704, #213, #3430, .T. ) ;
#545 = CARTESIAN_POINT ( 'NONE',  ( -2.422999999999999599, 1.985333333333333394, 0.3177499999999999769 ) ) ;
#546 = VERTEX_POINT ( 'NONE', #3513 ) ;
#547 = ORIENTED_EDGE ( 'NONE', *, *, #233, .F. ) ;
#548 = VECTOR ( 'NONE', #2952, 1000.000000000000000 ) ;
#549 = SURFACE_SIDE_STYLE ('',( #3807 ) ) ;
#550 = CARTESIAN_POINT ( 'NONE',  ( 2.669999999999999929, 2.145999999999999908, 0.000000000000000000 ) ) ;
#551 = FACE_OUTER_BOUND ( 'NONE', #777, .T. ) ;
#552 = VERTEX_POINT ( 'NONE', #2310 ) ;
#553 = DIRECTION ( 'NONE',  ( -0.000000000000000000, 1.000000000000000000, 0.000000000000000000 ) ) ;
#554 = CARTESIAN_POINT ( 'NONE',  ( -2.422999999999999599, -2.145999999999999908, 0.1590000000000000024 ) ) ;
#555 = PLANE ( 'NONE',  #2716 ) ;
#556 = DIRECTION ( 'NONE',  ( 0.000000000000000000, -1.000000000000000000, 0.000000000000000000 ) ) ;
#557 = EDGE_LOOP ( 'NONE', ( #3001, #3409 ) ) ;
#558 = EDGE_LOOP ( 'NONE', ( #1324, #483, #856, #1166 ) ) ;
#559 = DIRECTION ( 'NONE',  ( 0.000000000000000000, -1.000000000000000000, 0.000000000000000000 ) ) ;
#560 = VECTOR ( 'NONE', #1938, 1000.000000000000000 ) ;
#561 = DIRECTION ( 'NONE',  ( 0.7931070766835158770, 0.000000000000000000, 0.6090822316522849222 ) ) ;
#562 = EDGE_LOOP ( 'NONE', ( #3467, #2890, #1749, #1223, #258, #3344, #2452, #2639, #3104, #2926, #942, #18 ) ) ;
#563 = AXIS2_PLACEMENT_3D ( 'NONE', #1038, #3069, #2235 ) ;
#564 = EDGE_CURVE ( 'NONE', #1354, #3309, #3555, .T. ) ;
#565 = DIRECTION ( 'NONE',  ( 0.000000000000000000, -1.000000000000000000, 0.000000000000000000 ) ) ;
#566 = EDGE_LOOP ( 'NONE', ( #3549, #3297, #3643, #1239 ) ) ;
#567 = VERTEX_POINT ( 'NONE', #525 ) ;
#568 = CARTESIAN_POINT ( 'NONE',  ( 2.422999999999999599, -2.145999999999999908, 0.1590000000000000024 ) ) ;
#569 = ADVANCED_FACE ( 'NONE', ( #212 ), #3810, .T. ) ;
#570 = EDGE_CURVE ( 'NONE', #546, #2613, #1042, .T. ) ;
#571 = CARTESIAN_POINT ( 'NONE',  ( 2.593421871689254754, -1.985333333333333394, 0.1381150559152513890 ) ) ;
#572 = DIRECTION ( 'NONE',  ( 0.000000000000000000, -1.000000000000000000, 0.000000000000000000 ) ) ;
#573 = CARTESIAN_POINT ( 'NONE',  ( -2.422999999999999599, -1.663999999999999924, 0.1590000000000000024 ) ) ;
#574 = EDGE_LOOP ( 'NONE', ( #2598, #323, #3446, #1583 ) ) ;
#575 = PLANE ( 'NONE',  #314 ) ;
#576 = FACE_OUTER_BOUND ( 'NONE', #1932, .T. ) ;
#577 = LINE ( 'NONE', #3814, #1146 ) ;
#578 = DIRECTION ( 'NONE',  ( 0.000000000000000000, 1.000000000000000000, 0.000000000000000000 ) ) ;
#579 = VERTEX_POINT ( 'NONE', #488 ) ;
#580 = EDGE_LOOP ( 'NONE', ( #3781, #1219, #2505, #2934 ) ) ;
#581 = CARTESIAN_POINT ( 'NONE',  ( -2.581549486438380558, 0.3939999999999999614, 0.1793019154460393227 ) ) ;
#582 = DIRECTION ( 'NONE',  ( 0.7931070766835159880, 0.000000000000000000, -0.6090822316522849222 ) ) ;
#583 = ORIENTED_EDGE ( 'NONE', *, *, #755, .T. ) ;
#584 = CIRCLE ( 'NONE', #2011, 0.1587499999999997802 ) ;
#585 = DIRECTION ( 'NONE',  ( 0.000000000000000000, 1.000000000000000000, 0.000000000000000000 ) ) ;
#586 = VERTEX_POINT ( 'NONE', #1384 ) ;
#587 = EDGE_LOOP ( 'NONE', ( #823, #1771, #2217, #797 ) ) ;
#588 = LINE ( 'NONE', #1775, #669 ) ;
#589 = ADVANCED_FACE ( 'NONE', ( #2583 ), #3788, .T. ) ;
#590 = DIRECTION ( 'NONE',  ( -1.000000000000000000, 0.000000000000000000, 0.000000000000000000 ) ) ;
#591 = DIRECTION ( 'NONE',  ( 0.000000000000000000, -1.000000000000000000, 0.000000000000000000 ) ) ;
#592 = DIRECTION ( 'NONE',  ( 1.000000000000000000, 0.000000000000000000, 0.000000000000000000 ) ) ;
#593 = EDGE_CURVE ( 'NONE', #3141, #3162, #3785, .T. ) ;
#594 = DIRECTION ( 'NONE',  ( 0.000000000000000000, -1.000000000000000000, 0.000000000000000000 ) ) ;
#595 = ADVANCED_FACE ( 'NONE', ( #2154 ), #82, .T. ) ;
#596 = LINE ( 'NONE', #2970, #3653 ) ;
#597 = CARTESIAN_POINT ( 'NONE',  ( 2.669999999999999929, -1.663999999999999924, 0.000000000000000000 ) ) ;
#598 = ORIENTED_EDGE ( 'NONE', *, *, #3759, .T. ) ;
#599 = VERTEX_POINT ( 'NONE', #3614 ) ;
#600 = B_SPLINE_CURVE_WITH_KNOTS ( 'NONE', 3,
 ( #3512, #2035, #821, #2293 ),
 .UNSPECIFIED., .F., .F.,
 ( 4, 4 ),
 ( 0.000000000000000000, 1.000000000000000000 ),
 .UNSPECIFIED. ) ;
#601 = VECTOR ( 'NONE', #3826, 1000.000000000000000 ) ;
#602 = DIRECTION ( 'NONE',  ( 0.000000000000000000, -1.000000000000000000, 0.000000000000000000 ) ) ;
#603 = AXIS2_PLACEMENT_3D ( 'NONE', #2345, #2029, #861 ) ;
#604 = VECTOR ( 'NONE', #2354, 1000.000000000000000 ) ;
#605 = ORIENTED_EDGE ( 'NONE', *, *, #2697, .F. ) ;
#606 = CIRCLE ( 'NONE', #2532, 0.1587499999999997802 ) ;
#607 = AXIS2_PLACEMENT_3D ( 'NONE', #2820, #3760, #226 ) ;
#608 = AXIS2_PLACEMENT_3D ( 'NONE', #3786, #1154, #2309 ) ;
#609 = DIRECTION ( 'NONE',  ( -0.7931070766835159880, 0.000000000000000000, 0.6090822316522849222 ) ) ;
#610 = AXIS2_PLACEMENT_3D ( 'NONE', #3750, #433, #2811 ) ;
#611 = ORIENTED_EDGE ( 'NONE', *, *, #886, .F. ) ;
#612 = ORIENTED_EDGE ( 'NONE', *, *, #687, .T. ) ;
#613 = DIRECTION ( 'NONE',  ( 0.2589693139543370881, 0.000000000000000000, 0.9658855493432024764 ) ) ;
#614 = LINE ( 'NONE', #1499, #2473 ) ;
#615 = CARTESIAN_POINT ( 'NONE',  ( -2.500000000000000000, -0.3939999999999999614, 0.1789999999999999925 ) ) ;
#616 = CARTESIAN_POINT ( 'NONE',  ( -2.499825768919332170, -0.7153333333333334876, 0.1789547451738525141 ) ) ;
#617 = DIRECTION ( 'NONE',  ( -1.000000000000000000, 0.000000000000000000, 0.000000000000000000 ) ) ;
#618 = ADVANCED_FACE ( 'NONE', ( #1821 ), #2448, .T. ) ;
#619 = CARTESIAN_POINT ( 'NONE',  ( 1.994000000000000217, 1.663999999999999924, 0.2380000000000000171 ) ) ;
#620 = CARTESIAN_POINT ( 'NONE',  ( 2.587098972876761493, -1.663999999999999924, 0.1586038308920786621 ) ) ;
#621 = VERTEX_POINT ( 'NONE', #674 ) ;
#622 = ORIENTED_EDGE ( 'NONE', *, *, #1064, .T. ) ;
#623 = CARTESIAN_POINT ( 'NONE',  ( -1.994000000000000217, -0.8760000000000000009, 0.3180000000000000049 ) ) ;
#624 = CARTESIAN_POINT ( 'NONE',  ( 2.422999999999999599, -0.3939999999999999614, 0.2380000000000000171 ) ) ;
#625 = ADVANCED_FACE ( 'NONE', ( #3594 ), #1837, .T. ) ;
#626 = EDGE_CURVE ( 'NONE', #3646, #1887, #3666, .T. ) ;
#627 = EDGE_LOOP ( 'NONE', ( #3582, #3164, #2994, #1619 ) ) ;
#628 = VECTOR ( 'NONE', #864, 1000.000000000000000 ) ;
#629 = DIRECTION ( 'NONE',  ( 0.000000000000000000, -1.000000000000000000, 0.000000000000000000 ) ) ;
#630 = VERTEX_POINT ( 'NONE', #3651 ) ;
#631 = EDGE_LOOP ( 'NONE', ( #3606, #1080, #149, #2676 ) ) ;
#632 = CARTESIAN_POINT ( 'NONE',  ( 2.669999999999999929, -1.985333333333333394, 0.07962499999999998745 ) ) ;
#633 = AXIS2_PLACEMENT_3D ( 'NONE', #3381, #1621, #411 ) ;
#634 = DIRECTION ( 'NONE',  ( 0.000000000000000000, 1.000000000000000000, 0.000000000000000000 ) ) ;
#635 = CARTESIAN_POINT ( 'NONE',  ( -1.994000000000000217, 2.145999999999999908, 0.2380000000000000171 ) ) ;
#636 = CARTESIAN_POINT ( 'NONE',  ( -2.592999999999999972, 0.8760000000000000009, 0.1379999999999999838 ) ) ;
#637 = CARTESIAN_POINT ( 'NONE',  ( 2.422999999999999599, 0.3939999999999999614, 0.3180000000000000049 ) ) ;
#638 = FACE_OUTER_BOUND ( 'NONE', #1303, .T. ) ;
#639 = VERTEX_POINT ( 'NONE', #3576 ) ;
#640 = EDGE_CURVE ( 'NONE', #3063, #3604, #527, .T. ) ;
#641 = DIRECTION ( 'NONE',  ( 0.2589693139543370881, 0.000000000000000000, 0.9658855493432024764 ) ) ;
#642 = ORIENTED_EDGE ( 'NONE', *, *, #736, .T. ) ;
#643 = EDGE_CURVE ( 'NONE', #2225, #360, #3632, .T. ) ;
#644 = ADVANCED_FACE ( 'NONE', ( #3006 ), #3321, .T. ) ;
#645 = B_SPLINE_CURVE_WITH_KNOTS ( 'NONE', 3,
 ( #1251, #3413, #2232, #1914 ),
 .UNSPECIFIED., .F., .F.,
 ( 4, 4 ),
 ( 0.000000000000000000, 1.000000000000000000 ),
 .UNSPECIFIED. ) ;
#646 = SURFACE_STYLE_USAGE ( .BOTH. , #940 ) ;
#647 = ORIENTED_EDGE ( 'NONE', *, *, #1560, .F. ) ;
#648 = ORIENTED_EDGE ( 'NONE', *, *, #399, .F. ) ;
#649 = DIRECTION ( 'NONE',  ( 1.000000000000000000, 0.000000000000000000, 0.000000000000000000 ) ) ;
#650 = AXIS2_PLACEMENT_3D ( 'NONE', #1140, #847, #2082 ) ;
#651 = CARTESIAN_POINT ( 'NONE',  ( -2.422999999999999599, 1.824666666666666437, 0.2383749999999999758 ) ) ;
#652 = DIRECTION ( 'NONE',  ( 0.000000000000000000, 0.000000000000000000, 1.000000000000000000 ) ) ;
#653 = DIRECTION ( 'NONE',  ( -0.000000000000000000, 1.000000000000000000, 0.000000000000000000 ) ) ;
#654 = CARTESIAN_POINT ( 'NONE',  ( 2.669999999999999929, 0.3939999999999999614, 0.1590000000000000024 ) ) ;
#655 = CARTESIAN_POINT ( 'NONE',  ( 2.422999999999999599, 0.5546666666666666412, 0.3177499999999999769 ) ) ;
#656 = FACE_OUTER_BOUND ( 'NONE', #1700, .T. ) ;
#657 = ORIENTED_EDGE ( 'NONE', *, *, #2045, .T. ) ;
#658 = LINE ( 'NONE', #1844, #2437 ) ;
#659 = EDGE_CURVE ( 'NONE', #1690, #2457, #3048, .T. ) ;
#660 = CARTESIAN_POINT ( 'NONE',  ( 1.994000000000000217, 1.663999999999999924, 0.3180000000000000049 ) ) ;
#661 = AXIS2_PLACEMENT_3D ( 'NONE', #2587, #3460, #1046 ) ;
#662 = EDGE_LOOP ( 'NONE', ( #2599, #146, #1279, #1505 ) ) ;
#663 = VECTOR ( 'NONE', #748, 1000.000000000000000 ) ;
#664 = AXIS2_PLACEMENT_3D ( 'NONE', #899, #1437, #1225 ) ;
#665 = EDGE_CURVE ( 'NONE', #1497, #567, #1962, .T. ) ;
#666 = CARTESIAN_POINT ( 'NONE',  ( 1.994000000000000217, -1.663999999999999924, 0.3180000000000000049 ) ) ;
#667 = ORIENTED_EDGE ( 'NONE', *, *, #909, .T. ) ;
#668 = ORIENTED_EDGE ( 'NONE', *, *, #399, .T. ) ;
#669 = VECTOR ( 'NONE', #3705, 1000.000000000000000 ) ;
#670 = DIRECTION ( 'NONE',  ( 0.000000000000000000, 0.000000000000000000, -1.000000000000000000 ) ) ;
#671 = VECTOR ( 'NONE', #2063, 1000.000000000000000 ) ;
#672 = CARTESIAN_POINT ( 'NONE',  ( 2.422999999999999599, 1.824666666666666437, 0.2383749999999999758 ) ) ;
#673 = ORIENTED_EDGE ( 'NONE', *, *, #2101, .T. ) ;
#674 = CARTESIAN_POINT ( 'NONE',  ( 2.422999999999999599, -1.663999999999999924, 0.2380000000000000171 ) ) ;
#675 = AXIS2_PLACEMENT_3D ( 'NONE', #2373, #373, #1214 ) ;
#676 = PLANE ( 'NONE',  #2624 ) ;
#677 = CARTESIAN_POINT ( 'NONE',  ( -1.994000000000000217, -2.145999999999999908, 0.3180000000000000049 ) ) ;
#678 = PLANE ( 'NONE',  #921 ) ;
#679 = VERTEX_POINT ( 'NONE', #2432 ) ;
#680 = CARTESIAN_POINT ( 'NONE',  ( 2.422999999999999599, -2.145999999999999908, 0.3180000000000000049 ) ) ;
#681 = EDGE_LOOP ( 'NONE', ( #3088, #3175, #3310, #2634 ) ) ;
#682 = CARTESIAN_POINT ( 'NONE',  ( 2.669999999999999929, 0.3939999999999999614, 0.1590000000000000024 ) ) ;
#683 = ORIENTED_EDGE ( 'NONE', *, *, #1, .T. ) ;
#684 = EDGE_LOOP ( 'NONE', ( #2108, #1550, #2181, #1248, #513, #977, #3244, #3379, #1000, #2161, #1103, #3556 ) ) ;
#685 = PLANE ( 'NONE',  #3671 ) ;
#686 =( GEOMETRIC_REPRESENTATION_CONTEXT ( 3 ) GLOBAL_UNCERTAINTY_ASSIGNED_CONTEXT ( ( #2340 ) ) GLOBAL_UNIT_ASSIGNED_CONTEXT ( ( #1870, #3640, #1569 ) ) REPRESENTATION_CONTEXT ( 'NONE', 'WORKASPACE' ) );
#687 = EDGE_CURVE ( 'NONE', #3394, #2148, #1865, .T. ) ;
#688 = LINE ( 'NONE', #3648, #469 ) ;
#689 =( GEOMETRIC_REPRESENTATION_CONTEXT ( 3 ) GLOBAL_UNCERTAINTY_ASSIGNED_CONTEXT ( ( #3877 ) ) GLOBAL_UNIT_ASSIGNED_CONTEXT ( ( #173, #193, #3784 ) ) REPRESENTATION_CONTEXT ( 'NONE', 'WORKASPACE' ) );
#690 = VERTEX_POINT ( 'NONE', #2732 ) ;
#691 = CARTESIAN_POINT ( 'NONE',  ( -1.994000000000000217, -2.501999999999999780, 0.000000000000000000 ) ) ;
#692 = FACE_OUTER_BOUND ( 'NONE', #662, .T. ) ;
#693 = EDGE_CURVE ( 'NONE', #2176, #1774, #936, .T. ) ;
#694 = CARTESIAN_POINT ( 'NONE',  ( 3.099000000000000199, -1.663999999999999924, 0.000000000000000000 ) ) ;
#695 = CARTESIAN_POINT ( 'NONE',  ( -2.422999999999999599, 2.145999999999999908, 0.1590000000000000024 ) ) ;
#696 = ORIENTED_EDGE ( 'NONE', *, *, #3533, .T. ) ;
#697 = CARTESIAN_POINT ( 'NONE',  ( -2.592999999999999972, 0.3939999999999999614, 0.1379999999999999838 ) ) ;
#698 = CARTESIAN_POINT ( 'NONE',  ( -1.994000000000000217, 2.501999999999999780, 0.000000000000000000 ) ) ;
#699 = UNCERTAINTY_MEASURE_WITH_UNIT (LENGTH_MEASURE( 1.000000000000000082E-05 ), #2899, 'distance_accuracy_value', 'NONE');
#700 = EDGE_LOOP ( 'NONE', ( #706, #763, #3772, #2803 ) ) ;
#701 = CARTESIAN_POINT ( 'NONE',  ( -2.516000000000000014, -1.663999999999999924, 0.1179999999999999938 ) ) ;
#702 = VERTEX_POINT ( 'NONE', #907 ) ;
#703 = EDGE_LOOP ( 'NONE', ( #2114, #2846, #2054, #879 ) ) ;
#704 = DIRECTION ( 'NONE',  ( 0.000000000000000000, -1.000000000000000000, 0.000000000000000000 ) ) ;
#705 = CARTESIAN_POINT ( 'NONE',  ( 2.576000000000000068, -0.3939999999999999614, 0.2000000000000000111 ) ) ;
#706 = ORIENTED_EDGE ( 'NONE', *, *, #953, .T. ) ;
#707 = EDGE_CURVE ( 'NONE', #883, #150, #355, .T. ) ;
#708 = SURFACE_STYLE_FILL_AREA ( #3099 ) ;
#709 = CARTESIAN_POINT ( 'NONE',  ( 2.669999999999999929, -0.8760000000000000009, 0.07900000000000000078 ) ) ;
#710 = DIRECTION ( 'NONE',  ( 0.000000000000000000, -1.000000000000000000, 0.000000000000000000 ) ) ;
#711 = LINE ( 'NONE', #1058, #2738 ) ;
#712 = ORIENTED_EDGE ( 'NONE', *, *, #3065, .T. ) ;
#713 = ADVANCED_FACE ( 'NONE', ( #3285 ), #1541, .T. ) ;
#714 =( NAMED_UNIT ( * ) SI_UNIT ( $, .STERADIAN. ) SOLID_ANGLE_UNIT ( ) );
#715 = CARTESIAN_POINT ( 'NONE',  ( 3.099000000000000199, 2.145999999999999908, 0.000000000000000000 ) ) ;
#716 = CARTESIAN_POINT ( 'NONE',  ( -1.994000000000000217, 2.501999999999999780, 1.752999999999999892 ) ) ;
#717 = ORIENTED_EDGE ( 'NONE', *, *, #3424, .F. ) ;
#718 = AXIS2_PLACEMENT_3D ( 'NONE', #493, #2513, #2888 ) ;
#719 = CARTESIAN_POINT ( 'NONE',  ( 1.994000000000000217, -2.145999999999999908, 0.2380000000000000171 ) ) ;
#720 = CARTESIAN_POINT ( 'NONE',  ( -1.994000000000000217, 2.145999999999999908, 0.3180000000000000049 ) ) ;
#721 = AXIS2_PLACEMENT_3D ( 'NONE', #1632, #3096, #1894 ) ;
#722 = LINE ( 'NONE', #3354, #3165 ) ;
#723 = EDGE_LOOP ( 'NONE', ( #2937, #2591, #1842, #3659 ) ) ;
#724 = CARTESIAN_POINT ( 'NONE',  ( 2.499825768919332170, 0.5546666666666666412, 0.1789547451738525141 ) ) ;
#725 = AXIS2_PLACEMENT_3D ( 'NONE', #2147, #2171, #402 ) ;
#726 = FACE_OUTER_BOUND ( 'NONE', #2436, .T. ) ;
#727 = CIRCLE ( 'NONE', #1719, 0.1587499999999997802 ) ;
#728 = B_SPLINE_CURVE_WITH_KNOTS ( 'NONE', 3,
 ( #1643, #2849, #1977, #1060 ),
 .UNSPECIFIED., .F., .F.,
 ( 4, 4 ),
 ( 0.000000000000000000, 1.000000000000000000 ),
 .UNSPECIFIED. ) ;
#729 = CARTESIAN_POINT ( 'NONE',  ( -2.422999999999999599, -2.145999999999999908, 0.3180000000000000049 ) ) ;
#730 = AXIS2_PLACEMENT_3D ( 'NONE', #2122, #1217, #911 ) ;
#731 = LINE ( 'NONE', #1920, #2856 ) ;
#732 = VERTEX_POINT ( 'NONE', #1484 ) ;
#733 = DIRECTION ( 'NONE',  ( -0.7931070766835159880, 0.000000000000000000, 0.6090822316522849222 ) ) ;
#734 = EDGE_CURVE ( 'NONE', #264, #1444, #791, .T. ) ;
#735 = CARTESIAN_POINT ( 'NONE',  ( 2.516000000000000014, 0.3939999999999999614, 0.1179999999999999938 ) ) ;
#736 = EDGE_CURVE ( 'NONE', #3032, #1412, #2470, .T. ) ;
#737 = DIRECTION ( 'NONE',  ( 0.000000000000000000, -1.000000000000000000, 0.000000000000000000 ) ) ;
#738 = CIRCLE ( 'NONE', #2928, 0.1587499999999997802 ) ;
#739 = VERTEX_POINT ( 'NONE', #3436 ) ;
#740 = B_SPLINE_CURVE_WITH_KNOTS ( 'NONE', 3,
 ( #1360, #1928, #1670, #1030 ),
 .UNSPECIFIED., .F., .F.,
 ( 4, 4 ),
 ( 0.000000000000000000, 1.000000000000000000 ),
 .UNSPECIFIED. ) ;
#741 = EDGE_CURVE ( 'NONE', #252, #295, #2195, .T. ) ;
#742 = DIRECTION ( 'NONE',  ( 0.000000000000000000, 0.000000000000000000, -1.000000000000000000 ) ) ;
#743 = CARTESIAN_POINT ( 'NONE',  ( 1.994000000000000217, -2.145999999999999908, 0.2380000000000000171 ) ) ;
#744 = VERTEX_POINT ( 'NONE', #2543 ) ;
#745 = CARTESIAN_POINT ( 'NONE',  ( -2.516000000000000014, -0.3939999999999999614, 0.1179999999999999938 ) ) ;
#746 = DIRECTION ( 'NONE',  ( 0.000000000000000000, 1.000000000000000000, 0.000000000000000000 ) ) ;
#747 = MECHANICAL_DESIGN_GEOMETRIC_PRESENTATION_REPRESENTATION (  '', ( #431 ), #1245 ) ;
#748 = DIRECTION ( 'NONE',  ( 1.000000000000000000, 0.000000000000000000, 0.000000000000000000 ) ) ;
#749 = CARTESIAN_POINT ( 'NONE',  ( -2.669999999999999929, 0.8760000000000000009, 0.000000000000000000 ) ) ;
#750 = ORIENTED_EDGE ( 'NONE', *, *, #2387, .F. ) ;
#751 = VECTOR ( 'NONE', #3812, 1000.000000000000000 ) ;
#752 = CARTESIAN_POINT ( 'NONE',  ( 2.669999999999999929, 2.145999999999999908, 0.07900000000000000078 ) ) ;
#753 = DIRECTION ( 'NONE',  ( -0.000000000000000000, 1.000000000000000000, 0.000000000000000000 ) ) ;
#754 = DIRECTION ( 'NONE',  ( 0.000000000000000000, -1.000000000000000000, 0.000000000000000000 ) ) ;
#755 = EDGE_CURVE ( 'NONE', #104, #630, #2765, .T. ) ;
#756 = ORIENTED_EDGE ( 'NONE', *, *, #440, .T. ) ;
#757 = SURFACE_SIDE_STYLE ('',( #3482 ) ) ;
#758 = EDGE_CURVE ( 'NONE', #3775, #1788, #2075, .T. ) ;
#759 = DIRECTION ( 'NONE',  ( 1.000000000000000000, 0.000000000000000000, 0.000000000000000000 ) ) ;
#760 = ADVANCED_FACE ( 'NONE', ( #409 ), #2824, .T. ) ;
#761 = CARTESIAN_POINT ( 'NONE',  ( 1.994000000000000217, -2.501999999999999780, 1.752999999999999892 ) ) ;
#762 = VERTEX_POINT ( 'NONE', #3669 ) ;
#763 = ORIENTED_EDGE ( 'NONE', *, *, #50, .F. ) ;
#764 = CARTESIAN_POINT ( 'NONE',  ( 2.516593682343122307, 0.5546666666666666412, 0.1181580582861557344 ) ) ;
#765 = CARTESIAN_POINT ( 'NONE',  ( 1.994000000000000217, -0.3939999999999999614, 0.2380000000000000171 ) ) ;
#766 = ORIENTED_EDGE ( 'NONE', *, *, #2103, .T. ) ;
#767 = SURFACE_STYLE_USAGE ( .BOTH. , #1007 ) ;
#768 = CARTESIAN_POINT ( 'NONE',  ( -1.994000000000000217, 1.663999999999999924, 0.3180000000000000049 ) ) ;
#769 = LINE ( 'NONE', #182, #211 ) ;
#770 = DIRECTION ( 'NONE',  ( 1.000000000000000000, 0.000000000000000000, 0.000000000000000000 ) ) ;
#771 = ORIENTED_EDGE ( 'NONE', *, *, #3108, .F. ) ;
#772 = EDGE_LOOP ( 'NONE', ( #209, #3626, #2378, #598, #3462, #3683, #1023, #696, #1645, #526, #793, #348 ) ) ;
#773 = MANIFOLD_SOLID_BREP ( 'Imported1', #1358 ) ;
#774 =( LENGTH_UNIT ( ) NAMED_UNIT ( * ) SI_UNIT ( .MILLI., .METRE. ) );
#775 = EDGE_CURVE ( 'NONE', #150, #1996, #1657, .T. ) ;
#776 = CARTESIAN_POINT ( 'NONE',  ( 2.669999999999999929, -0.3939999999999999614, 0.1590000000000000024 ) ) ;
#777 = EDGE_LOOP ( 'NONE', ( #263, #3495, #1636, #3202 ) ) ;
#778 = ORIENTED_EDGE ( 'NONE', *, *, #1040, .F. ) ;
#779 = VECTOR ( 'NONE', #710, 1000.000000000000000 ) ;
#780 = CIRCLE ( 'NONE', #3353, 0.07937499999999989009 ) ;
#781 = AXIS2_PLACEMENT_3D ( 'NONE', #118, #3398, #137 ) ;
#782 = AXIS2_PLACEMENT_3D ( 'NONE', #776, #1085, #3487 ) ;
#783 = LINE ( 'NONE', #1900, #1586 ) ;
#784 = DIRECTION ( 'NONE',  ( 0.000000000000000000, 0.000000000000000000, 1.000000000000000000 ) ) ;
#785 = ORIENTED_EDGE ( 'NONE', *, *, #2551, .T. ) ;
#786 = AXIS2_PLACEMENT_3D ( 'NONE', #1231, #2963, #905 ) ;
#787 = FACE_OUTER_BOUND ( 'NONE', #177, .T. ) ;
#788 = AXIS2_PLACEMENT_3D ( 'NONE', #176, #1886, #3087 ) ;
#789 = PLANE ( 'NONE',  #3158 ) ;
#790 = DIRECTION ( 'NONE',  ( -1.000000000000000000, 0.000000000000000000, 0.000000000000000000 ) ) ;
#791 = B_SPLINE_CURVE_WITH_KNOTS ( 'NONE', 3,
 ( #1199, #3415, #3137, #1292 ),
 .UNSPECIFIED., .F., .F.,
 ( 4, 4 ),
 ( 0.000000000000000000, 1.000000000000000000 ),
 .UNSPECIFIED. ) ;
#792 = ORIENTED_EDGE ( 'NONE', *, *, #2283, .T. ) ;
#793 = ORIENTED_EDGE ( 'NONE', *, *, #1509, .T. ) ;
#794 = EDGE_LOOP ( 'NONE', ( #3656, #1268, #78, #972 ) ) ;
#795 = CARTESIAN_POINT ( 'NONE',  ( -2.669999999999999929, 0.7153333333333334876, 0.07962499999999998745 ) ) ;
#796 = PLANE ( 'NONE',  #1845 ) ;
#797 = ORIENTED_EDGE ( 'NONE', *, *, #2801, .F. ) ;
#798 = ORIENTED_EDGE ( 'NONE', *, *, #1212, .F. ) ;
#799 = SURFACE_STYLE_FILL_AREA ( #3490 ) ;
#800 = EDGE_CURVE ( 'NONE', #3013, #3259, #1948, .T. ) ;
#801 = DIRECTION ( 'NONE',  ( 0.000000000000000000, -1.000000000000000000, 0.000000000000000000 ) ) ;
#802 = DIRECTION ( 'NONE',  ( 0.000000000000000000, 0.000000000000000000, 1.000000000000000000 ) ) ;
#803 = ORIENTED_EDGE ( 'NONE', *, *, #174, .T. ) ;
#804 = EDGE_CURVE ( 'NONE', #3519, #2771, #2398, .T. ) ;
#805 =( NAMED_UNIT ( * ) SI_UNIT ( $, .STERADIAN. ) SOLID_ANGLE_UNIT ( ) );
#806 = VECTOR ( 'NONE', #2511, 1000.000000000000000 ) ;
#807 = EDGE_CURVE ( 'NONE', #1893, #221, #2506, .T. ) ;
#808 = CARTESIAN_POINT ( 'NONE',  ( 2.669999999999999929, -0.8760000000000000009, 0.07900000000000000078 ) ) ;
#809 = DIRECTION ( 'NONE',  ( -0.7931070766835159880, 0.000000000000000000, -0.6090822316522849222 ) ) ;
#810 = PLANE ( 'NONE',  #862 ) ;
#811 =( GEOMETRIC_REPRESENTATION_CONTEXT ( 3 ) GLOBAL_UNCERTAINTY_ASSIGNED_CONTEXT ( ( #3524 ) ) GLOBAL_UNIT_ASSIGNED_CONTEXT ( ( #2489, #1098, #805 ) ) REPRESENTATION_CONTEXT ( 'NONE', 'WORKASPACE' ) );
#812 = ORIENTED_EDGE ( 'NONE', *, *, #3038, .F. ) ;
#813 = ORIENTED_EDGE ( 'NONE', *, *, #3201, .T. ) ;
#814 = CARTESIAN_POINT ( 'NONE',  ( 2.576000000000000068, -2.145999999999999908, 0.2000000000000000111 ) ) ;
#815 = FACE_OUTER_BOUND ( 'NONE', #1768, .T. ) ;
#816 = DIRECTION ( 'NONE',  ( -1.000000000000000000, 0.000000000000000000, 0.000000000000000000 ) ) ;
#817 = ORIENTED_EDGE ( 'NONE', *, *, #775, .F. ) ;
#818 = VERTEX_POINT ( 'NONE', #463 ) ;
#819 = LINE ( 'NONE', #3239, #2223 ) ;
#820 = EDGE_CURVE ( 'NONE', #2817, #92, #2464, .T. ) ;
#821 = CARTESIAN_POINT ( 'NONE',  ( 2.669999999999999929, 1.985333333333333394, 0.07962499999999998745 ) ) ;
#822 = CARTESIAN_POINT ( 'NONE',  ( 2.500000000000000000, -0.8760000000000000009, 0.1789999999999999925 ) ) ;
#823 = ORIENTED_EDGE ( 'NONE', *, *, #2868, .T. ) ;
#824 = CARTESIAN_POINT ( 'NONE',  ( -3.099000000000000199, -0.3939999999999999614, 0.000000000000000000 ) ) ;
#825 = ADVANCED_FACE ( 'NONE', ( #982 ), #2177, .T. ) ;
#826 = DIRECTION ( 'NONE',  ( 0.000000000000000000, 0.000000000000000000, 1.000000000000000000 ) ) ;
#827 = CARTESIAN_POINT ( 'NONE',  ( 1.994000000000000217, 0.8760000000000000009, 0.2380000000000000171 ) ) ;
#828 = CARTESIAN_POINT ( 'NONE',  ( -3.099000000000000199, -1.663999999999999924, 0.000000000000000000 ) ) ;
#829 = EDGE_CURVE ( 'NONE', #883, #3507, #819, .T. ) ;
#830 = EDGE_LOOP ( 'NONE', ( #1546, #1156, #2026, #1724 ) ) ;
#831 = ORIENTED_EDGE ( 'NONE', *, *, #3829, .T. ) ;
#832 = CARTESIAN_POINT ( 'NONE',  ( 1.994000000000000217, -1.663999999999999924, 0.2380000000000000171 ) ) ;
#833 = DIRECTION ( 'NONE',  ( -1.000000000000000000, 0.000000000000000000, 0.000000000000000000 ) ) ;
#834 = ADVANCED_FACE ( 'NONE', ( #1440 ), #1710, .T. ) ;
#835 = VERTEX_POINT ( 'NONE', #1692 ) ;
#836 = CARTESIAN_POINT ( 'NONE',  ( 2.422999999999999599, -0.3939999999999999614, 0.2380000000000000171 ) ) ;
#837 = ORIENTED_EDGE ( 'NONE', *, *, #2909, .T. ) ;
#838 = ORIENTED_EDGE ( 'NONE', *, *, #1494, .T. ) ;
#839 = LINE ( 'NONE', #3806, #3057 ) ;
#840 = APPLICATION_PROTOCOL_DEFINITION ( 'draft international standard', 'automotive_design', 1998, #3870 ) ;
#841 = DIRECTION ( 'NONE',  ( 0.000000000000000000, 1.000000000000000000, 0.000000000000000000 ) ) ;
#842 = AXIS2_PLACEMENT_3D ( 'NONE', #1826, #34, #2456 ) ;
#843 = LINE ( 'NONE', #276, #1039 ) ;
#844 = ORIENTED_EDGE ( 'NONE', *, *, #2944, .F. ) ;
#845 = AXIS2_PLACEMENT_3D ( 'NONE', #3667, #980, #443 ) ;
#846 = CARTESIAN_POINT ( 'NONE',  ( -1.994000000000000217, -2.501999999999999780, 1.752999999999999892 ) ) ;
#847 = DIRECTION ( 'NONE',  ( 0.000000000000000000, 1.000000000000000000, 0.000000000000000000 ) ) ;
#848 = CARTESIAN_POINT ( 'NONE',  ( -3.099000000000000199, -0.3939999999999999614, 0.07900000000000000078 ) ) ;
#849 = EDGE_LOOP ( 'NONE', ( #86, #1142, #1573, #330 ) ) ;
#850 = VERTEX_POINT ( 'NONE', #3261 ) ;
#851 = STYLED_ITEM ( 'NONE', ( #2131 ), #2076 ) ;
#852 = ADVANCED_FACE ( 'NONE', ( #2268 ), #1382, .F. ) ;
#853 = CARTESIAN_POINT ( 'NONE',  ( -2.669999999999999929, -2.145999999999999908, 0.1590000000000000024 ) ) ;
#854 = VECTOR ( 'NONE', #2435, 1000.000000000000000 ) ;
#855 = CARTESIAN_POINT ( 'NONE',  ( -2.669999999999999929, -0.3939999999999999614, 0.1590000000000000024 ) ) ;
#856 = ORIENTED_EDGE ( 'NONE', *, *, #2264, .F. ) ;
#857 = ADVANCED_FACE ( 'NONE', ( #2290 ), #503, .T. ) ;
#858 = DIRECTION ( 'NONE',  ( -0.2589693139543370881, 0.000000000000000000, 0.9658855493432024764 ) ) ;
#859 = VERTEX_POINT ( 'NONE', #3510 ) ;
#860 = ORIENTED_EDGE ( 'NONE', *, *, #880, .T. ) ;
#861 = DIRECTION ( 'NONE',  ( 0.000000000000000000, 0.000000000000000000, 1.000000000000000000 ) ) ;
#862 = AXIS2_PLACEMENT_3D ( 'NONE', #870, #1102, #1141 ) ;
#863 = APPLICATION_CONTEXT ( 'automotive_design' ) ;
#864 = DIRECTION ( 'NONE',  ( 1.000000000000000000, 0.000000000000000000, 0.000000000000000000 ) ) ;
#865 = DIRECTION ( 'NONE',  ( 0.000000000000000000, 0.000000000000000000, 1.000000000000000000 ) ) ;
#866 = ORIENTED_EDGE ( 'NONE', *, *, #2326, .T. ) ;
#867 = DIRECTION ( 'NONE',  ( 0.000000000000000000, -1.000000000000000000, 0.000000000000000000 ) ) ;
#868 = CARTESIAN_POINT ( 'NONE',  ( 2.669999999999999929, 0.3939999999999999614, 0.1590000000000000024 ) ) ;
#869 = FACE_OUTER_BOUND ( 'NONE', #2748, .T. ) ;
#870 = CARTESIAN_POINT ( 'NONE',  ( 3.099000000000000199, -0.8760000000000000009, 0.000000000000000000 ) ) ;
#871 = ORIENTED_EDGE ( 'NONE', *, *, #1234, .T. ) ;
#872 = ORIENTED_EDGE ( 'NONE', *, *, #3712, .T. ) ;
#873 = AXIS2_PLACEMENT_3D ( 'NONE', #2741, #3583, #3291 ) ;
#874 = CARTESIAN_POINT ( 'NONE',  ( -2.422999999999999599, 2.145999999999999908, 0.2380000000000000171 ) ) ;
#875 = MANIFOLD_SOLID_BREP ( 'Imported2', #1540 ) ;
#876 = AXIS2_PLACEMENT_3D ( 'NONE', #1738, #3825, #467 ) ;
#877 = EDGE_CURVE ( 'NONE', #1908, #2488, #192, .T. ) ;
#878 = LINE ( 'NONE', #1189, #1912 ) ;
#879 = ORIENTED_EDGE ( 'NONE', *, *, #2146, .F. ) ;
#880 = EDGE_CURVE ( 'NONE', #579, #1511, #839, .T. ) ;
#881 = CARTESIAN_POINT ( 'NONE',  ( -2.576000000000000068, -1.663999999999999924, 0.2000000000000000111 ) ) ;
#882 = MANIFOLD_SOLID_BREP ( 'Imported3', #3246 ) ;
#883 = VERTEX_POINT ( 'NONE', #3573 ) ;
#884 = VERTEX_POINT ( 'NONE', #3337 ) ;
#885 = CARTESIAN_POINT ( 'NONE',  ( 2.516000000000000014, -1.663999999999999924, 0.1179999999999999938 ) ) ;
#886 = EDGE_CURVE ( 'NONE', #1436, #835, #3855, .T. ) ;
#887 = DIRECTION ( 'NONE',  ( 0.000000000000000000, 1.000000000000000000, 0.000000000000000000 ) ) ;
#888 = CARTESIAN_POINT ( 'NONE',  ( -2.669999999999999929, 0.8760000000000000009, 0.07900000000000000078 ) ) ;
#889 = CARTESIAN_POINT ( 'NONE',  ( -3.099000000000000199, -0.8760000000000000009, 0.07900000000000000078 ) ) ;
#890 = DIRECTION ( 'NONE',  ( 0.000000000000000000, 0.000000000000000000, -1.000000000000000000 ) ) ;
#891 = CARTESIAN_POINT ( 'NONE',  ( 2.592999999999999972, -0.3939999999999999614, 0.1379999999999999838 ) ) ;
#892 = CARTESIAN_POINT ( 'NONE',  ( -2.422999999999999599, -0.8760000000000000009, 0.2380000000000000171 ) ) ;
#893 = ORIENTED_EDGE ( 'NONE', *, *, #2727, .T. ) ;
#894 = ORIENTED_EDGE ( 'NONE', *, *, #115, .T. ) ;
#895 = DIRECTION ( 'NONE',  ( 0.000000000000000000, 0.000000000000000000, 1.000000000000000000 ) ) ;
#896 = MANIFOLD_SOLID_BREP ( 'Imported10', #1864 ) ;
#897 = DIRECTION ( 'NONE',  ( 0.000000000000000000, 0.000000000000000000, 1.000000000000000000 ) ) ;
#898 = ORIENTED_EDGE ( 'NONE', *, *, #3352, .F. ) ;
#899 = CARTESIAN_POINT ( 'NONE',  ( -2.422999999999999599, -1.663999999999999924, 0.1590000000000000024 ) ) ;
#900 = VERTEX_POINT ( 'NONE', #5 ) ;
#901 = EDGE_LOOP ( 'NONE', ( #2953, #3571, #14, #21 ) ) ;
#902 = CARTESIAN_POINT ( 'NONE',  ( 2.422999999999999599, -0.3939999999999999614, 0.3180000000000000049 ) ) ;
#903 = EDGE_CURVE ( 'NONE', #3259, #2209, #350, .T. ) ;
#904 = ADVANCED_FACE ( 'NONE', ( #2134 ), #2116, .F. ) ;
#905 = DIRECTION ( 'NONE',  ( 0.000000000000000000, -1.000000000000000000, 0.000000000000000000 ) ) ;
#906 = CARTESIAN_POINT ( 'NONE',  ( 2.669999999999999929, -2.145999999999999908, 0.1590000000000000024 ) ) ;
#907 = CARTESIAN_POINT ( 'NONE',  ( -1.994000000000000217, -0.3939999999999999614, 0.3180000000000000049 ) ) ;
#908 = LINE ( 'NONE', #1822, #2186 ) ;
#909 = EDGE_CURVE ( 'NONE', #201, #1896, #3864, .T. ) ;
#910 = CARTESIAN_POINT ( 'NONE',  ( 2.422999999999999599, -0.3939999999999999614, 0.1590000000000000024 ) ) ;
#911 = DIRECTION ( 'NONE',  ( 1.000000000000000000, 0.000000000000000000, 0.000000000000000000 ) ) ;
#912 = ORIENTED_EDGE ( 'NONE', *, *, #3131, .F. ) ;
#913 = ORIENTED_EDGE ( 'NONE', *, *, #1613, .F. ) ;
#914 = FACE_OUTER_BOUND ( 'NONE', #3600, .T. ) ;
#915 = VECTOR ( 'NONE', #1196, 1000.000000000000000 ) ;
#916 = FACE_OUTER_BOUND ( 'NONE', #3841, .T. ) ;
#917 = ORIENTED_EDGE ( 'NONE', *, *, #2331, .T. ) ;
#918 = PRESENTATION_LAYER_ASSIGNMENT (  '', '', ( #40 ) ) ;
#919 = B_SPLINE_CURVE_WITH_KNOTS ( 'NONE', 3,
 ( #2503, #3707, #1035, #3396 ),
 .UNSPECIFIED., .F., .F.,
 ( 4, 4 ),
 ( 0.000000000000000000, 1.000000000000000000 ),
 .UNSPECIFIED. ) ;
#920 = CARTESIAN_POINT ( 'NONE',  ( 2.422999999999999599, -1.663999999999999924, 0.1590000000000000024 ) ) ;
#921 = AXIS2_PLACEMENT_3D ( 'NONE', #378, #1566, #85 ) ;
#922 = ORIENTED_EDGE ( 'NONE', *, *, #3171, .T. ) ;
#923 = ORIENTED_EDGE ( 'NONE', *, *, #333, .F. ) ;
#924 = EDGE_CURVE ( 'NONE', #546, #238, #996, .T. ) ;
#925 = CARTESIAN_POINT ( 'NONE',  ( 2.422999999999999599, -1.663999999999999924, 0.1590000000000000024 ) ) ;
#926 = EDGE_CURVE ( 'NONE', #621, #2069, #2961, .T. ) ;
#927 = DIRECTION ( 'NONE',  ( -0.9658855493432024764, 0.000000000000000000, 0.2589693139543370881 ) ) ;
#928 = CARTESIAN_POINT ( 'NONE',  ( -2.669999999999999929, -0.7153333333333334876, 0.07962499999999998745 ) ) ;
#929 = EDGE_CURVE ( 'NONE', #3846, #3223, #2404, .T. ) ;
#930 = CARTESIAN_POINT ( 'NONE',  ( -2.516000000000000014, -0.8760000000000000009, 0.1179999999999999938 ) ) ;
#931 = PLANE ( 'NONE',  #2420 ) ;
#932 = ORIENTED_EDGE ( 'NONE', *, *, #1376, .F. ) ;
#933 = EDGE_CURVE ( 'NONE', #1990, #480, #1096, .T. ) ;
#934 = CYLINDRICAL_SURFACE ( 'NONE', #873, 0.07937499999999998723 ) ;
#935 = B_SPLINE_CURVE_WITH_KNOTS ( 'NONE', 3,
 ( #1867, #3307, #655, #637 ),
 .UNSPECIFIED., .F., .F.,
 ( 4, 4 ),
 ( 0.000000000000000000, 1.000000000000000000 ),
 .UNSPECIFIED. ) ;
#936 = B_SPLINE_CURVE_WITH_KNOTS ( 'NONE', 3,
 ( #47, #946, #2137, #3340 ),
 .UNSPECIFIED., .F., .F.,
 ( 4, 4 ),
 ( 0.000000000000000000, 1.000000000000000000 ),
 .UNSPECIFIED. ) ;
#937 = DIRECTION ( 'NONE',  ( 1.000000000000000000, 0.000000000000000000, 0.000000000000000000 ) ) ;
#938 = UNCERTAINTY_MEASURE_WITH_UNIT (LENGTH_MEASURE( 1.000000000000000082E-05 ), #1134, 'distance_accuracy_value', 'NONE');
#939 = ORIENTED_EDGE ( 'NONE', *, *, #3615, .F. ) ;
#940 = SURFACE_SIDE_STYLE ('',( #2515 ) ) ;
#941 = EDGE_LOOP ( 'NONE', ( #3562, #3489, #1876, #2185 ) ) ;
#942 = ORIENTED_EDGE ( 'NONE', *, *, #807, .T. ) ;
#943 = FILL_AREA_STYLE ('',( #1819 ) ) ;
#944 = CARTESIAN_POINT ( 'NONE',  ( -2.422999999999999599, 1.985333333333333394, 0.2383749999999999758 ) ) ;
#945 = CARTESIAN_POINT ( 'NONE',  ( -2.592999999999999972, -0.3939999999999999614, 0.1379999999999999838 ) ) ;
#946 = CARTESIAN_POINT ( 'NONE',  ( -2.499825768919332170, -1.985333333333333394, 0.1789547451738525141 ) ) ;
#947 = CARTESIAN_POINT ( 'NONE',  ( 1.994000000000000217, 1.663999999999999924, 0.3180000000000000049 ) ) ;
#948 = EDGE_CURVE ( 'NONE', #1578, #2200, #485, .T. ) ;
#949 = CARTESIAN_POINT ( 'NONE',  ( -2.669999999999999929, -0.5546666666666666412, 0.0002499999999999789717 ) ) ;
#950 = CARTESIAN_POINT ( 'NONE',  ( 2.422999999999999599, -0.8760000000000000009, 0.3180000000000000049 ) ) ;
#951 = VERTEX_POINT ( 'NONE', #3002 ) ;
#952 = DIRECTION ( 'NONE',  ( 1.000000000000000000, 0.000000000000000000, 0.000000000000000000 ) ) ;
#953 = EDGE_CURVE ( 'NONE', #3032, #3117, #2590, .T. ) ;
#954 = EDGE_CURVE ( 'NONE', #1262, #702, #2368, .T. ) ;
#955 = CARTESIAN_POINT ( 'NONE',  ( 1.994000000000000217, 2.145999999999999908, 0.3180000000000000049 ) ) ;
#956 = EDGE_LOOP ( 'NONE', ( #1588, #2460, #1725, #3476 ) ) ;
#957 = CARTESIAN_POINT ( 'NONE',  ( -2.499825768919332170, 1.824666666666666437, 0.1789547451738525141 ) ) ;
#958 = CARTESIAN_POINT ( 'NONE',  ( -1.994000000000000217, 2.501999999999999780, 0.000000000000000000 ) ) ;
#959 = ORIENTED_EDGE ( 'NONE', *, *, #1491, .T. ) ;
#960 = DIRECTION ( 'NONE',  ( -1.000000000000000000, 0.000000000000000000, 0.000000000000000000 ) ) ;
#961 = CIRCLE ( 'NONE', #2720, 0.07937499999999990397 ) ;
#962 = DIRECTION ( 'NONE',  ( -0.2589693139543370881, 0.000000000000000000, 0.9658855493432024764 ) ) ;
#963 = CARTESIAN_POINT ( 'NONE',  ( 2.593421871689254754, -1.824666666666666437, 0.1381150559152513890 ) ) ;
#964 = CARTESIAN_POINT ( 'NONE',  ( 2.422999999999999599, 0.3939999999999999614, 0.3180000000000000049 ) ) ;
#965 = DIRECTION ( 'NONE',  ( 0.000000000000000000, -1.000000000000000000, 0.000000000000000000 ) ) ;
#966 = CARTESIAN_POINT ( 'NONE',  ( -2.516593682343122307, 1.985333333333333394, 0.1181580582861557344 ) ) ;
#967 = DIRECTION ( 'NONE',  ( 0.000000000000000000, -1.000000000000000000, 0.000000000000000000 ) ) ;
#968 = ORIENTED_EDGE ( 'NONE', *, *, #1991, .T. ) ;
#969 =( NAMED_UNIT ( * ) SI_UNIT ( $, .STERADIAN. ) SOLID_ANGLE_UNIT ( ) );
#970 = DIRECTION ( 'NONE',  ( -1.000000000000000000, 0.000000000000000000, 0.000000000000000000 ) ) ;
#971 = EDGE_CURVE ( 'NONE', #2657, #1611, #2663, .T. ) ;
#972 = ORIENTED_EDGE ( 'NONE', *, *, #2364, .F. ) ;
#973 = VECTOR ( 'NONE', #2080, 1000.000000000000000 ) ;
#974 = VECTOR ( 'NONE', #3315, 1000.000000000000000 ) ;
#975 = CARTESIAN_POINT ( 'NONE',  ( -2.576000000000000068, -0.3939999999999999614, 0.2000000000000000111 ) ) ;
#976 = PLANE ( 'NONE',  #2745 ) ;
#977 = ORIENTED_EDGE ( 'NONE', *, *, #3196, .T. ) ;
#978 = CARTESIAN_POINT ( 'NONE',  ( -3.099000000000000199, 0.3939999999999999614, 0.07900000000000000078 ) ) ;
#979 = EDGE_CURVE ( 'NONE', #2069, #1985, #588, .T. ) ;
#980 = DIRECTION ( 'NONE',  ( 0.000000000000000000, 0.000000000000000000, -1.000000000000000000 ) ) ;
#981 = ORIENTED_EDGE ( 'NONE', *, *, #1159, .T. ) ;
#982 = FACE_OUTER_BOUND ( 'NONE', #3621, .T. ) ;
#983 = DIRECTION ( 'NONE',  ( -0.2589693139543370881, 0.000000000000000000, 0.9658855493432024764 ) ) ;
#984 = CARTESIAN_POINT ( 'NONE',  ( 1.994000000000000217, -1.663999999999999924, 0.3180000000000000049 ) ) ;
#985 = CARTESIAN_POINT ( 'NONE',  ( -1.377694999999999892, 1.905000000000000027, 1.752999999999999892 ) ) ;
#986 = EDGE_LOOP ( 'NONE', ( #898, #648, #461, #1381 ) ) ;
#987 = CARTESIAN_POINT ( 'NONE',  ( -3.099000000000000199, -1.663999999999999924, 0.000000000000000000 ) ) ;
#988 = DIRECTION ( 'NONE',  ( 0.000000000000000000, 0.000000000000000000, 1.000000000000000000 ) ) ;
#989 = EDGE_LOOP ( 'NONE', ( #683, #3217, #3208, #3668 ) ) ;
#990 = EDGE_CURVE ( 'NONE', #521, #1717, #2500, .T. ) ;
#991 = CARTESIAN_POINT ( 'NONE',  ( -3.099000000000000199, -2.145999999999999908, 0.000000000000000000 ) ) ;
#992 = ORIENTED_EDGE ( 'NONE', *, *, #442, .T. ) ;
#993 = ORIENTED_EDGE ( 'NONE', *, *, #1422, .F. ) ;
#994 = CARTESIAN_POINT ( 'NONE',  ( 2.669999999999999929, 0.8760000000000000009, 0.000000000000000000 ) ) ;
#995 = ADVANCED_FACE ( 'NONE', ( #1575 ), #3664, .T. ) ;
#996 = B_SPLINE_CURVE_WITH_KNOTS ( 'NONE', 3,
 ( #902, #3647, #1833, #1798 ),
 .UNSPECIFIED., .F., .F.,
 ( 4, 4 ),
 ( 0.000000000000000000, 1.000000000000000000 ),
 .UNSPECIFIED. ) ;
#997 = CARTESIAN_POINT ( 'NONE',  ( -3.099000000000000199, 1.663999999999999924, 0.000000000000000000 ) ) ;
#998 = CIRCLE ( 'NONE', #2308, 0.07937499999999989009 ) ;
#999 = EDGE_CURVE ( 'NONE', #1363, #850, #606, .T. ) ;
#1000 = ORIENTED_EDGE ( 'NONE', *, *, #354, .T. ) ;
#1001 = DIRECTION ( 'NONE',  ( 0.000000000000000000, 0.000000000000000000, -1.000000000000000000 ) ) ;
#1002 = DIRECTION ( 'NONE',  ( -0.7931070766835159880, 0.000000000000000000, -0.6090822316522849222 ) ) ;
#1003 = AXIS2_PLACEMENT_3D ( 'NONE', #1971, #1711, #235 ) ;
#1004 = LINE ( 'NONE', #470, #2522 ) ;
#1005 = CARTESIAN_POINT ( 'NONE',  ( -2.592999999999999972, 1.663999999999999924, 0.1379999999999999838 ) ) ;
#1006 = ORIENTED_EDGE ( 'NONE', *, *, #2969, .F. ) ;
#1007 = SURFACE_SIDE_STYLE ('',( #3752 ) ) ;
#1008 = CARTESIAN_POINT ( 'NONE',  ( -2.422999999999999599, 2.145999999999999908, 0.3180000000000000049 ) ) ;
#1009 = DIRECTION ( 'NONE',  ( -0.2589693139543370881, 0.000000000000000000, 0.9658855493432024764 ) ) ;
#1010 = ORIENTED_EDGE ( 'NONE', *, *, #3108, .T. ) ;
#1011 = B_SPLINE_CURVE_WITH_KNOTS ( 'NONE', 3,
 ( #236, #3284, #2924, #1778 ),
 .UNSPECIFIED., .F., .F.,
 ( 4, 4 ),
 ( 0.000000000000000000, 1.000000000000000000 ),
 .UNSPECIFIED. ) ;
#1012 = CARTESIAN_POINT ( 'NONE',  ( -2.593421871689254754, -0.7153333333333334876, 0.1381150559152513890 ) ) ;
#1013 = EDGE_LOOP ( 'NONE', ( #1137, #668, #813, #1755, #462, #1535, #922, #2699, #860, #837, #2289, #311 ) ) ;
#1014 = CARTESIAN_POINT ( 'NONE',  ( 2.669999999999999929, 0.3939999999999999614, 0.1590000000000000024 ) ) ;
#1015 = DIRECTION ( 'NONE',  ( -1.000000000000000000, 0.000000000000000000, 0.000000000000000000 ) ) ;
#1016 = ORIENTED_EDGE ( 'NONE', *, *, #593, .F. ) ;
#1017 = ADVANCED_FACE ( 'NONE', ( #2481 ), #1929, .T. ) ;
#1018 = DIRECTION ( 'NONE',  ( -1.000000000000000000, 0.000000000000000000, 0.000000000000000000 ) ) ;
#1019 = EDGE_CURVE ( 'NONE', #3520, #3394, #2174, .T. ) ;
#1020 = AXIS2_PLACEMENT_3D ( 'NONE', #2711, #3325, #29 ) ;
#1021 = LINE ( 'NONE', #487, #2977 ) ;
#1022 = CARTESIAN_POINT ( 'NONE',  ( -2.516000000000000014, -1.663999999999999924, 0.1179999999999999938 ) ) ;
#1023 = ORIENTED_EDGE ( 'NONE', *, *, #3723, .T. ) ;
#1024 = CARTESIAN_POINT ( 'NONE',  ( -2.500000000000000000, 0.3939999999999999614, 0.1789999999999999925 ) ) ;
#1025 = EDGE_CURVE ( 'NONE', #1444, #2657, #1610, .T. ) ;
#1026 = DIRECTION ( 'NONE',  ( 0.000000000000000000, 0.000000000000000000, -1.000000000000000000 ) ) ;
#1027 = PLANE ( 'NONE',  #661 ) ;
#1028 = ORIENTED_EDGE ( 'NONE', *, *, #374, .F. ) ;
#1029 = VECTOR ( 'NONE', #970, 1000.000000000000000 ) ;
#1030 = CARTESIAN_POINT ( 'NONE',  ( 2.516000000000000014, 2.145999999999999908, 0.1179999999999999938 ) ) ;
#1031 = VECTOR ( 'NONE', #1317, 1000.000000000000000 ) ;
#1032 = DIRECTION ( 'NONE',  ( 1.000000000000000000, 0.000000000000000000, 0.000000000000000000 ) ) ;
#1033 = VECTOR ( 'NONE', #1933, 1000.000000000000000 ) ;
#1034 = CIRCLE ( 'NONE', #1401, 0.1587499999999997802 ) ;
#1035 = CARTESIAN_POINT ( 'NONE',  ( -2.422999999999999599, -0.7153333333333334876, 0.2383749999999999758 ) ) ;
#1036 = ORIENTED_EDGE ( 'NONE', *, *, #2093, .T. ) ;
#1037 = COLOUR_RGB ( '',0.7215686274509803821, 0.7215686274509803821, 0.7215686274509803821 ) ;
#1038 = CARTESIAN_POINT ( 'NONE',  ( -2.422999999999999599, 1.663999999999999924, 0.1590000000000000024 ) ) ;
#1039 = VECTOR ( 'NONE', #2007, 1000.000000000000000 ) ;
#1040 = EDGE_CURVE ( 'NONE', #445, #1086, #1596, .T. ) ;
#1041 = CARTESIAN_POINT ( 'NONE',  ( 2.516000000000000014, 0.8760000000000000009, 0.1179999999999999938 ) ) ;
#1042 = CIRCLE ( 'NONE', #1532, 0.1587499999999997802 ) ;
#1043 = LINE ( 'NONE', #749, #3861 ) ;
#1044 = ORIENTED_EDGE ( 'NONE', *, *, #1904, .T. ) ;
#1045 = DIRECTION ( 'NONE',  ( 0.000000000000000000, -1.000000000000000000, 0.000000000000000000 ) ) ;
#1046 = DIRECTION ( 'NONE',  ( 0.000000000000000000, 1.000000000000000000, 0.000000000000000000 ) ) ;
#1047 = EDGE_CURVE ( 'NONE', #60, #850, #1421, .T. ) ;
#1048 = ORIENTED_EDGE ( 'NONE', *, *, #1758, .F. ) ;
#1049 = CARTESIAN_POINT ( 'NONE',  ( 1.994000000000000217, 1.663999999999999924, 0.2380000000000000171 ) ) ;
#1050 = CARTESIAN_POINT ( 'NONE',  ( 2.500000000000000000, -0.8760000000000000009, 0.1789999999999999925 ) ) ;
#1051 = B_SPLINE_CURVE_WITH_KNOTS ( 'NONE', 3,
 ( #25, #2430, #1197, #63 ),
 .UNSPECIFIED., .F., .F.,
 ( 4, 4 ),
 ( 0.000000000000000000, 1.000000000000000000 ),
 .UNSPECIFIED. ) ;
#1052 = CARTESIAN_POINT ( 'NONE',  ( 1.994000000000000217, 2.501999999999999780, 0.000000000000000000 ) ) ;
#1053 = VERTEX_POINT ( 'NONE', #3395 ) ;
#1054 = ORIENTED_EDGE ( 'NONE', *, *, #497, .F. ) ;
#1055 = CARTESIAN_POINT ( 'NONE',  ( -2.516593682343122307, -0.7153333333333334876, 0.1181580582861557344 ) ) ;
#1056 = DIRECTION ( 'NONE',  ( 0.000000000000000000, 1.000000000000000000, 0.000000000000000000 ) ) ;
#1057 = LINE ( 'NONE', #1660, #663 ) ;
#1058 = CARTESIAN_POINT ( 'NONE',  ( 2.516000000000000014, 2.145999999999999908, 0.1179999999999999938 ) ) ;
#1059 = ORIENTED_EDGE ( 'NONE', *, *, #2019, .T. ) ;
#1060 = CARTESIAN_POINT ( 'NONE',  ( -2.669999999999999929, -1.663999999999999924, 0.000000000000000000 ) ) ;
#1061 = CARTESIAN_POINT ( 'NONE',  ( 1.994000000000000217, -2.501999999999999780, 0.000000000000000000 ) ) ;
#1062 = CARTESIAN_POINT ( 'NONE',  ( 2.587098972876761493, 2.145999999999999908, 0.1586038308920786621 ) ) ;
#1063 = ORIENTED_EDGE ( 'NONE', *, *, #1616, .F. ) ;
#1064 = EDGE_CURVE ( 'NONE', #2640, #2764, #1614, .T. ) ;
#1065 = B_SPLINE_CURVE_WITH_KNOTS ( 'NONE', 3,
 ( #1544, #966, #69, #3342 ),
 .UNSPECIFIED., .F., .F.,
 ( 4, 4 ),
 ( 0.000000000000000000, 1.000000000000000000 ),
 .UNSPECIFIED. ) ;
#1066 = EDGE_CURVE ( 'NONE', #1053, #3000, #2821, .T. ) ;
#1067 =( NAMED_UNIT ( * ) SI_UNIT ( $, .STERADIAN. ) SOLID_ANGLE_UNIT ( ) );
#1068 = PLANE ( 'NONE',  #3232 ) ;
#1069 = CARTESIAN_POINT ( 'NONE',  ( -2.500000000000000000, -1.663999999999999924, 0.1789999999999999925 ) ) ;
#1070 = ORIENTED_EDGE ( 'NONE', *, *, #1394, .F. ) ;
#1071 = VERTEX_POINT ( 'NONE', #132 ) ;
#1072 = DIRECTION ( 'NONE',  ( 0.000000000000000000, 1.000000000000000000, 0.000000000000000000 ) ) ;
#1073 = DIRECTION ( 'NONE',  ( -1.000000000000000000, 0.000000000000000000, 0.000000000000000000 ) ) ;
#1074 = CARTESIAN_POINT ( 'NONE',  ( 3.099000000000000199, 0.3939999999999999614, 0.07900000000000000078 ) ) ;
#1075 = EDGE_LOOP ( 'NONE', ( #605, #3585, #1554, #3122 ) ) ;
#1076 = CARTESIAN_POINT ( 'NONE',  ( 2.510887506327666774, 1.663999999999999924, 0.1383925439670798951 ) ) ;
#1077 = CARTESIAN_POINT ( 'NONE',  ( -1.994000000000000217, 0.3939999999999999614, 0.2380000000000000171 ) ) ;
#1078 = LINE ( 'NONE', #3444, #1396 ) ;
#1079 = VERTEX_POINT ( 'NONE', #1321 ) ;
#1080 = ORIENTED_EDGE ( 'NONE', *, *, #115, .F. ) ;
#1081 = EDGE_LOOP ( 'NONE', ( #798, #2382, #771, #2542 ) ) ;
#1082 = CARTESIAN_POINT ( 'NONE',  ( 1.994000000000000217, 0.3939999999999999614, 0.2380000000000000171 ) ) ;
#1083 = ADVANCED_FACE ( 'NONE', ( #3432 ), #2835, .F. ) ;
#1084 = CARTESIAN_POINT ( 'NONE',  ( 1.994000000000000217, 0.8760000000000000009, 0.2380000000000000171 ) ) ;
#1085 = DIRECTION ( 'NONE',  ( 0.000000000000000000, 1.000000000000000000, 0.000000000000000000 ) ) ;
#1086 = VERTEX_POINT ( 'NONE', #978 ) ;
#1087 = ORIENTED_EDGE ( 'NONE', *, *, #1445, .F. ) ;
#1088 = DIRECTION ( 'NONE',  ( 0.000000000000000000, 0.000000000000000000, -1.000000000000000000 ) ) ;
#1089 = ADVANCED_FACE ( 'NONE', ( #2769 ), #3132, .T. ) ;
#1090 = PLANE ( 'NONE',  #876 ) ;
#1091 = STYLED_ITEM ( 'NONE', ( #1420 ), #875 ) ;
#1092 = AXIS2_PLACEMENT_3D ( 'NONE', #3547, #2383, #2979 ) ;
#1093 = CARTESIAN_POINT ( 'NONE',  ( -2.669999999999999929, 1.663999999999999924, 0.07900000000000000078 ) ) ;
#1094 = DIRECTION ( 'NONE',  ( 0.000000000000000000, -1.000000000000000000, 0.000000000000000000 ) ) ;
#1095 = VERTEX_POINT ( 'NONE', #2536 ) ;
#1096 = CIRCLE ( 'NONE', #3481, 0.07937499999999989009 ) ;
#1097 = B_SPLINE_CURVE_WITH_KNOTS ( 'NONE', 3,
 ( #1485, #2690, #2410, #3596 ),
 .UNSPECIFIED., .F., .F.,
 ( 4, 4 ),
 ( 0.000000000000000000, 1.000000000000000000 ),
 .UNSPECIFIED. ) ;
#1098 =( NAMED_UNIT ( * ) PLANE_ANGLE_UNIT ( ) SI_UNIT ( $, .RADIAN. ) );
#1099 = B_SPLINE_CURVE_WITH_KNOTS ( 'NONE', 3,
 ( #387, #672, #2751, #3686 ),
 .UNSPECIFIED., .F., .F.,
 ( 4, 4 ),
 ( 0.000000000000000000, 1.000000000000000000 ),
 .UNSPECIFIED. ) ;
#1100 = CARTESIAN_POINT ( 'NONE',  ( 2.669999999999999929, 0.8760000000000000009, 0.07900000000000000078 ) ) ;
#1101 = CARTESIAN_POINT ( 'NONE',  ( 2.669999999999999929, -1.663999999999999924, 0.07900000000000000078 ) ) ;
#1102 = DIRECTION ( 'NONE',  ( 1.000000000000000000, 0.000000000000000000, 0.000000000000000000 ) ) ;
#1103 = ORIENTED_EDGE ( 'NONE', *, *, #2938, .T. ) ;
#1104 = ORIENTED_EDGE ( 'NONE', *, *, #2700, .F. ) ;
#1105 = CARTESIAN_POINT ( 'NONE',  ( -3.099000000000000199, 0.8760000000000000009, 0.07900000000000000078 ) ) ;
#1106 = DIRECTION ( 'NONE',  ( 0.000000000000000000, 0.000000000000000000, -1.000000000000000000 ) ) ;
#1107 = EDGE_CURVE ( 'NONE', #480, #2718, #1240, .T. ) ;
#1108 = CARTESIAN_POINT ( 'NONE',  ( -2.669999999999999929, -1.985333333333333394, 0.07962499999999998745 ) ) ;
#1109 = ORIENTED_EDGE ( 'NONE', *, *, #2602, .T. ) ;
#1110 = VERTEX_POINT ( 'NONE', #3742 ) ;
#1111 = DIRECTION ( 'NONE',  ( -1.000000000000000000, 0.000000000000000000, 0.000000000000000000 ) ) ;
#1112 = EDGE_CURVE ( 'NONE', #3000, #762, #368, .T. ) ;
#1113 = ADVANCED_FACE ( 'NONE', ( #3374 ), #685, .T. ) ;
#1114 = SURFACE_STYLE_USAGE ( .BOTH. , #549 ) ;
#1115 = B_SPLINE_CURVE_WITH_KNOTS ( 'NONE', 3,
 ( #2348, #2883, #3530, #1694 ),
 .UNSPECIFIED., .F., .F.,
 ( 4, 4 ),
 ( 0.000000000000000000, 1.000000000000000000 ),
 .UNSPECIFIED. ) ;
#1116 = ADVANCED_FACE ( 'NONE', ( #2857 ), #1648, .T. ) ;
#1117 = DIRECTION ( 'NONE',  ( 0.000000000000000000, 0.000000000000000000, -1.000000000000000000 ) ) ;
#1118 = DIRECTION ( 'NONE',  ( 0.000000000000000000, -1.000000000000000000, 0.000000000000000000 ) ) ;
#1119 = ORIENTED_EDGE ( 'NONE', *, *, #1702, .T. ) ;
#1120 = CARTESIAN_POINT ( 'NONE',  ( -2.669999999999999929, -0.8760000000000000009, 0.000000000000000000 ) ) ;
#1121 = AXIS2_PLACEMENT_3D ( 'NONE', #498, #245, #2678 ) ;
#1122 = PLANE ( 'NONE',  #1520 ) ;
#1123 = CARTESIAN_POINT ( 'NONE',  ( 2.669999999999999929, -2.145999999999999908, 0.1590000000000000024 ) ) ;
#1124 = DIRECTION ( 'NONE',  ( 0.7931070766835159880, 0.000000000000000000, 0.6090822316522849222 ) ) ;
#1125 = VECTOR ( 'NONE', #430, 1000.000000000000000 ) ;
#1126 = ORIENTED_EDGE ( 'NONE', *, *, #3615, .T. ) ;
#1127 = ORIENTED_EDGE ( 'NONE', *, *, #535, .T. ) ;
#1128 = CARTESIAN_POINT ( 'NONE',  ( -2.669999999999999929, 0.5546666666666666412, 0.07962499999999998745 ) ) ;
#1129 = CARTESIAN_POINT ( 'NONE',  ( 2.422999999999999599, 1.663999999999999924, 0.1590000000000000024 ) ) ;
#1130 = UNCERTAINTY_MEASURE_WITH_UNIT (LENGTH_MEASURE( 1.000000000000000082E-05 ), #774, 'distance_accuracy_value', 'NONE');
#1131 = CARTESIAN_POINT ( 'NONE',  ( -2.422999999999999599, 0.3939999999999999614, 0.2380000000000000171 ) ) ;
#1132 = ORIENTED_EDGE ( 'NONE', *, *, #800, .F. ) ;
#1133 = EDGE_LOOP ( 'NONE', ( #2703, #3055, #3687, #1070 ) ) ;
#1134 =( LENGTH_UNIT ( ) NAMED_UNIT ( * ) SI_UNIT ( .MILLI., .METRE. ) );
#1135 = CARTESIAN_POINT ( 'NONE',  ( 2.669999999999999929, 1.663999999999999924, 0.1590000000000000024 ) ) ;
#1136 = FACE_OUTER_BOUND ( 'NONE', #2584, .T. ) ;
#1137 = ORIENTED_EDGE ( 'NONE', *, *, #1329, .T. ) ;
#1138 = DIRECTION ( 'NONE',  ( 0.000000000000000000, 0.000000000000000000, -1.000000000000000000 ) ) ;
#1139 = DIRECTION ( 'NONE',  ( 0.000000000000000000, 0.000000000000000000, 1.000000000000000000 ) ) ;
#1140 = CARTESIAN_POINT ( 'NONE',  ( -2.422999999999999599, -1.663999999999999924, 0.1590000000000000024 ) ) ;
#1141 = DIRECTION ( 'NONE',  ( 0.000000000000000000, 1.000000000000000000, 0.000000000000000000 ) ) ;
#1142 = ORIENTED_EDGE ( 'NONE', *, *, #2045, .F. ) ;
#1143 = ORIENTED_EDGE ( 'NONE', *, *, #990, .F. ) ;
#1144 = ADVANCED_FACE ( 'NONE', ( #2557 ), #1068, .T. ) ;
#1145 = DIRECTION ( 'NONE',  ( -1.000000000000000000, 0.000000000000000000, 0.000000000000000000 ) ) ;
#1146 = VECTOR ( 'NONE', #1765, 1000.000000000000000 ) ;
#1147 = CARTESIAN_POINT ( 'NONE',  ( 1.994000000000000217, 0.8760000000000000009, 0.3180000000000000049 ) ) ;
#1148 = ORIENTED_EDGE ( 'NONE', *, *, #3234, .T. ) ;
#1149 = CARTESIAN_POINT ( 'NONE',  ( -2.422999999999999599, 1.824666666666666437, 0.3177499999999999769 ) ) ;
#1150 = EDGE_LOOP ( 'NONE', ( #1730, #2037, #2768, #2418 ) ) ;
#1151 = ORIENTED_EDGE ( 'NONE', *, *, #2335, .F. ) ;
#1152 = FILL_AREA_STYLE_COLOUR ( '', #2282 ) ;
#1153 = B_SPLINE_CURVE_WITH_KNOTS ( 'NONE', 3,
 ( #2743, #2183, #3368, #106 ),
 .UNSPECIFIED., .F., .F.,
 ( 4, 4 ),
 ( 0.000000000000000000, 1.000000000000000000 ),
 .UNSPECIFIED. ) ;
#1154 = DIRECTION ( 'NONE',  ( 0.000000000000000000, 0.000000000000000000, 1.000000000000000000 ) ) ;
#1155 = CARTESIAN_POINT ( 'NONE',  ( -2.500000000000000000, -0.3939999999999999614, 0.1789999999999999925 ) ) ;
#1156 = ORIENTED_EDGE ( 'NONE', *, *, #2642, .F. ) ;
#1157 =( GEOMETRIC_REPRESENTATION_CONTEXT ( 3 ) GLOBAL_UNCERTAINTY_ASSIGNED_CONTEXT ( ( #938 ) ) GLOBAL_UNIT_ASSIGNED_CONTEXT ( ( #1134, #2942, #2055 ) ) REPRESENTATION_CONTEXT ( 'NONE', 'WORKASPACE' ) );
#1158 = CARTESIAN_POINT ( 'NONE',  ( -3.099000000000000199, 0.3939999999999999614, 0.07900000000000000078 ) ) ;
#1159 = EDGE_CURVE ( 'NONE', #762, #3646, #3147, .T. ) ;
#1160 = AXIS2_PLACEMENT_3D ( 'NONE', #719, #1874, #1533 ) ;
#1161 = CARTESIAN_POINT ( 'NONE',  ( 2.576000000000000068, -2.145999999999999908, 0.2000000000000000111 ) ) ;
#1162 = MECHANICAL_DESIGN_GEOMETRIC_PRESENTATION_REPRESENTATION (  '', ( #3799 ), #2286 ) ;
#1163 = CARTESIAN_POINT ( 'NONE',  ( 2.669999999999999929, -1.663999999999999924, 0.1590000000000000024 ) ) ;
#1164 = DIRECTION ( 'NONE',  ( 0.000000000000000000, 1.000000000000000000, 0.000000000000000000 ) ) ;
#1165 = ORIENTED_EDGE ( 'NONE', *, *, #2120, .T. ) ;
#1166 = ORIENTED_EDGE ( 'NONE', *, *, #3753, .F. ) ;
#1167 = CARTESIAN_POINT ( 'NONE',  ( 2.422999999999999599, 1.663999999999999924, 0.2380000000000000171 ) ) ;
#1168 = ADVANCED_FACE ( 'NONE', ( #3004 ), #1460, .T. ) ;
#1169 = AXIS2_PLACEMENT_3D ( 'NONE', #2524, #3419, #3140 ) ;
#1170 = EDGE_CURVE ( 'NONE', #1380, #1337, #1561, .T. ) ;
#1171 = CARTESIAN_POINT ( 'NONE',  ( 2.422999999999999599, -1.663999999999999924, 0.2380000000000000171 ) ) ;
#1172 = VERTEX_POINT ( 'NONE', #2388 ) ;
#1173 = ADVANCED_FACE ( 'NONE', ( #7 ), #46, .T. ) ;
#1174 = CARTESIAN_POINT ( 'NONE',  ( 2.422999999999999599, -1.663999999999999924, 0.3180000000000000049 ) ) ;
#1175 = ORIENTED_EDGE ( 'NONE', *, *, #3723, .F. ) ;
#1176 = EDGE_LOOP ( 'NONE', ( #2256, #2266, #939, #817 ) ) ;
#1177 = DIRECTION ( 'NONE',  ( 0.000000000000000000, 1.000000000000000000, 0.000000000000000000 ) ) ;
#1178 = DIRECTION ( 'NONE',  ( 0.000000000000000000, 1.000000000000000000, 0.000000000000000000 ) ) ;
#1179 = PLANE ( 'NONE',  #3692 ) ;
#1180 = CARTESIAN_POINT ( 'NONE',  ( 2.592999999999999972, 1.663999999999999924, 0.1379999999999999838 ) ) ;
#1181 = CARTESIAN_POINT ( 'NONE',  ( 2.516000000000000014, -0.3939999999999999614, 0.1179999999999999938 ) ) ;
#1182 = DIRECTION ( 'NONE',  ( 0.000000000000000000, -1.000000000000000000, 0.000000000000000000 ) ) ;
#1183 = CYLINDRICAL_SURFACE ( 'NONE', #161, 0.09969499999999990869 ) ;
#1184 = VERTEX_POINT ( 'NONE', #1776 ) ;
#1185 = ORIENTED_EDGE ( 'NONE', *, *, #758, .T. ) ;
#1186 = VECTOR ( 'NONE', #143, 1000.000000000000000 ) ;
#1187 = LINE ( 'NONE', #623, #2247 ) ;
#1188 = VECTOR ( 'NONE', #3400, 1000.000000000000000 ) ;
#1189 = CARTESIAN_POINT ( 'NONE',  ( 1.994000000000000217, 2.145999999999999908, 0.3180000000000000049 ) ) ;
#1190 = EDGE_CURVE ( 'NONE', #3624, #739, #1051, .T. ) ;
#1191 = VERTEX_POINT ( 'NONE', #2667 ) ;
#1192 = CARTESIAN_POINT ( 'NONE',  ( 3.099000000000000199, -0.8760000000000000009, 0.000000000000000000 ) ) ;
#1193 = VERTEX_POINT ( 'NONE', #2752 ) ;
#1194 = EDGE_CURVE ( 'NONE', #3420, #186, #614, .T. ) ;
#1195 = ORIENTED_EDGE ( 'NONE', *, *, #643, .T. ) ;
#1196 = DIRECTION ( 'NONE',  ( 1.000000000000000000, 0.000000000000000000, 0.000000000000000000 ) ) ;
#1197 = CARTESIAN_POINT ( 'NONE',  ( 2.576339779398220120, 1.985333333333333394, 0.2000910519956014544 ) ) ;
#1198 = CARTESIAN_POINT ( 'NONE',  ( 2.576000000000000068, 0.3939999999999999614, 0.2000000000000000111 ) ) ;
#1199 = CARTESIAN_POINT ( 'NONE',  ( 2.500000000000000000, -2.145999999999999908, 0.1789999999999999925 ) ) ;
#1200 = CARTESIAN_POINT ( 'NONE',  ( -2.669999999999999929, 0.3939999999999999614, 0.000000000000000000 ) ) ;
#1201 = CARTESIAN_POINT ( 'NONE',  ( -2.516000000000000014, 0.8760000000000000009, 0.1179999999999999938 ) ) ;
#1202 = CARTESIAN_POINT ( 'NONE',  ( -2.592999999999999972, -1.663999999999999924, 0.1379999999999999838 ) ) ;
#1203 = VERTEX_POINT ( 'NONE', #2153 ) ;
#1204 = EDGE_LOOP ( 'NONE', ( #872, #3722, #2530, #3041 ) ) ;
#1205 = CARTESIAN_POINT ( 'NONE',  ( 2.422999999999999599, -1.824666666666666437, 0.2383749999999999758 ) ) ;
#1206 = ORIENTED_EDGE ( 'NONE', *, *, #3635, .F. ) ;
#1207 = ADVANCED_FACE ( 'NONE', ( #2706 ), #1836, .T. ) ;
#1208 = DIRECTION ( 'NONE',  ( 0.7931070766835158770, 0.000000000000000000, 0.6090822316522849222 ) ) ;
#1209 = ORIENTED_EDGE ( 'NONE', *, *, #2413, .T. ) ;
#1210 = EDGE_LOOP ( 'NONE', ( #520, #2238, #269, #3435 ) ) ;
#1211 = EDGE_CURVE ( 'NONE', #3519, #1390, #2916, .T. ) ;
#1212 = EDGE_CURVE ( 'NONE', #1668, #1752, #1800, .T. ) ;
#1213 = CARTESIAN_POINT ( 'NONE',  ( -2.669999999999999929, -0.3939999999999999614, 0.1590000000000000024 ) ) ;
#1214 = DIRECTION ( 'NONE',  ( 1.000000000000000000, 0.000000000000000000, 0.000000000000000000 ) ) ;
#1215 = CARTESIAN_POINT ( 'NONE',  ( -2.669999999999999929, 0.5546666666666666412, 0.0002499999999999789717 ) ) ;
#1216 = PLANE ( 'NONE',  #3029 ) ;
#1217 = DIRECTION ( 'NONE',  ( 0.000000000000000000, 0.000000000000000000, -1.000000000000000000 ) ) ;
#1218 = VERTEX_POINT ( 'NONE', #273 ) ;
#1219 = ORIENTED_EDGE ( 'NONE', *, *, #2292, .F. ) ;
#1220 = AXIS2_PLACEMENT_3D ( 'NONE', #1213, #634, #3302 ) ;
#1221 = FACE_OUTER_BOUND ( 'NONE', #191, .T. ) ;
#1222 = AXIS2_PLACEMENT_3D ( 'NONE', #682, #3077, #3681 ) ;
#1223 = ORIENTED_EDGE ( 'NONE', *, *, #570, .T. ) ;
#1224 = VECTOR ( 'NONE', #833, 1000.000000000000000 ) ;
#1225 = DIRECTION ( 'NONE',  ( 0.000000000000000000, 0.000000000000000000, -1.000000000000000000 ) ) ;
#1226 = AXIS2_PLACEMENT_3D ( 'NONE', #195, #1716, #784 ) ;
#1227 = VERTEX_POINT ( 'NONE', #2985 ) ;
#1228 = VERTEX_POINT ( 'NONE', #3613 ) ;
#1229 = EDGE_CURVE ( 'NONE', #1829, #331, #1287, .T. ) ;
#1230 = LINE ( 'NONE', #334, #1714 ) ;
#1231 = CARTESIAN_POINT ( 'NONE',  ( -2.516000000000000014, 0.3939999999999999614, 0.1179999999999999938 ) ) ;
#1232 = CLOSED_SHELL ( 'NONE', ( #589, #595, #2730, #3848, #1860, #1417, #1391, #42, #2649, #1704, #618, #2504, #3263, #3803 ) ) ;
#1233 = CARTESIAN_POINT ( 'NONE',  ( -2.500000000000000000, -0.8760000000000000009, 0.1789999999999999925 ) ) ;
#1234 = EDGE_CURVE ( 'NONE', #1968, #2272, #3301, .T. ) ;
#1235 = CARTESIAN_POINT ( 'NONE',  ( -2.422999999999999599, -1.663999999999999924, 0.2380000000000000171 ) ) ;
#1236 = EDGE_CURVE ( 'NONE', #1611, #621, #531, .T. ) ;
#1237 = DIRECTION ( 'NONE',  ( 0.000000000000000000, 0.000000000000000000, -1.000000000000000000 ) ) ;
#1238 = DIRECTION ( 'NONE',  ( -1.000000000000000000, 0.000000000000000000, 0.000000000000000000 ) ) ;
#1239 = ORIENTED_EDGE ( 'NONE', *, *, #2306, .F. ) ;
#1240 = B_SPLINE_CURVE_WITH_KNOTS ( 'NONE', 3,
 ( #1050, #2246, #1858, #3064 ),
 .UNSPECIFIED., .F., .F.,
 ( 4, 4 ),
 ( 0.000000000000000000, 1.000000000000000000 ),
 .UNSPECIFIED. ) ;
#1241 = FILL_AREA_STYLE ('',( #2419 ) ) ;
#1242 = LINE ( 'NONE', #955, #2098 ) ;
#1243 = UNCERTAINTY_MEASURE_WITH_UNIT (LENGTH_MEASURE( 1.000000000000000082E-05 ), #2863, 'distance_accuracy_value', 'NONE');
#1244 = ORIENTED_EDGE ( 'NONE', *, *, #203, .T. ) ;
#1245 =( GEOMETRIC_REPRESENTATION_CONTEXT ( 3 ) GLOBAL_UNCERTAINTY_ASSIGNED_CONTEXT ( ( #1793 ) ) GLOBAL_UNIT_ASSIGNED_CONTEXT ( ( #2453, #3015, #969 ) ) REPRESENTATION_CONTEXT ( 'NONE', 'WORKASPACE' ) );
#1246 = DIRECTION ( 'NONE',  ( 1.000000000000000000, 0.000000000000000000, 0.000000000000000000 ) ) ;
#1247 = LINE ( 'NONE', #958, #361 ) ;
#1248 = ORIENTED_EDGE ( 'NONE', *, *, #2801, .T. ) ;
#1249 = CARTESIAN_POINT ( 'NONE',  ( 2.422999999999999599, -1.663999999999999924, 0.2380000000000000171 ) ) ;
#1250 = CIRCLE ( 'NONE', #3696, 0.07937499999999990397 ) ;
#1251 = CARTESIAN_POINT ( 'NONE',  ( -2.592999999999999972, 0.3939999999999999614, 0.1379999999999999838 ) ) ;
#1252 = CARTESIAN_POINT ( 'NONE',  ( -2.576000000000000068, -2.145999999999999908, 0.2000000000000000111 ) ) ;
#1253 = CARTESIAN_POINT ( 'NONE',  ( -2.669999999999999929, 2.145999999999999908, 0.1590000000000000024 ) ) ;
#1254 = CARTESIAN_POINT ( 'NONE',  ( -2.669999999999999929, -0.8760000000000000009, 0.07900000000000000078 ) ) ;
#1255 = ADVANCED_FACE ( 'NONE', ( #335 ), #296, .T. ) ;
#1256 = DIRECTION ( 'NONE',  ( 0.000000000000000000, 0.000000000000000000, 1.000000000000000000 ) ) ;
#1257 = DIRECTION ( 'NONE',  ( 0.000000000000000000, 0.000000000000000000, -1.000000000000000000 ) ) ;
#1258 = ORIENTED_EDGE ( 'NONE', *, *, #693, .T. ) ;
#1259 = PRESENTATION_STYLE_ASSIGNMENT (( #2125 ) ) ;
#1260 = LINE ( 'NONE', #2421, #2406 ) ;
#1261 = EDGE_CURVE ( 'NONE', #444, #252, #3339, .T. ) ;
#1262 = VERTEX_POINT ( 'NONE', #3047 ) ;
#1263 = CARTESIAN_POINT ( 'NONE',  ( -2.593421871689254754, -1.985333333333333394, 0.1381150559152513890 ) ) ;
#1264 = CARTESIAN_POINT ( 'NONE',  ( -2.669999999999999929, -2.145999999999999908, 0.000000000000000000 ) ) ;
#1265 = ORIENTED_EDGE ( 'NONE', *, *, #2380, .T. ) ;
#1266 = CARTESIAN_POINT ( 'NONE',  ( -1.994000000000000217, 0.8760000000000000009, 0.3180000000000000049 ) ) ;
#1267 = FACE_OUTER_BOUND ( 'NONE', #956, .T. ) ;
#1268 = ORIENTED_EDGE ( 'NONE', *, *, #1441, .F. ) ;
#1269 = CARTESIAN_POINT ( 'NONE',  ( -2.516000000000000014, -0.8760000000000000009, 0.1179999999999999938 ) ) ;
#1270 = FACE_OUTER_BOUND ( 'NONE', #1364, .T. ) ;
#1271 = AXIS2_PLACEMENT_3D ( 'NONE', #3749, #1677, #3438 ) ;
#1272 = PLANE ( 'NONE',  #453 ) ;
#1273 = CARTESIAN_POINT ( 'NONE',  ( -2.669999999999999929, 0.3939999999999999614, 0.07900000000000000078 ) ) ;
#1274 = ORIENTED_EDGE ( 'NONE', *, *, #3808, .T. ) ;
#1275 = EDGE_CURVE ( 'NONE', #1470, #3804, #2023, .T. ) ;
#1276 = DIRECTION ( 'NONE',  ( -0.000000000000000000, 1.000000000000000000, 0.000000000000000000 ) ) ;
#1277 = DIRECTION ( 'NONE',  ( -1.000000000000000000, 0.000000000000000000, 0.000000000000000000 ) ) ;
#1278 = CIRCLE ( 'NONE', #464, 0.07937499999999989009 ) ;
#1279 = ORIENTED_EDGE ( 'NONE', *, *, #1972, .T. ) ;
#1280 = EDGE_CURVE ( 'NONE', #3397, #2764, #2870, .T. ) ;
#1281 = AXIS2_PLACEMENT_3D ( 'NONE', #691, #98, #1001 ) ;
#1282 = ADVANCED_FACE ( 'NONE', ( #3443 ), #2257, .F. ) ;
#1283 = AXIS2_PLACEMENT_3D ( 'NONE', #229, #2287, #3762 ) ;
#1284 = CARTESIAN_POINT ( 'NONE',  ( 3.099000000000000199, 2.145999999999999908, 0.07900000000000000078 ) ) ;
#1285 = CARTESIAN_POINT ( 'NONE',  ( 2.499825768919332170, -1.824666666666666437, 0.1789547451738525141 ) ) ;
#1286 = ORIENTED_EDGE ( 'NONE', *, *, #924, .F. ) ;
#1287 = CIRCLE ( 'NONE', #2797, 0.1587499999999997802 ) ;
#1288 = CARTESIAN_POINT ( 'NONE',  ( -2.669999999999999929, 0.3939999999999999614, 0.07900000000000000078 ) ) ;
#1289 = AXIS2_PLACEMENT_3D ( 'NONE', #512, #1164, #1699 ) ;
#1290 = DIRECTION ( 'NONE',  ( 0.000000000000000000, 0.000000000000000000, -1.000000000000000000 ) ) ;
#1291 = ORIENTED_EDGE ( 'NONE', *, *, #3447, .F. ) ;
#1292 = CARTESIAN_POINT ( 'NONE',  ( 2.516000000000000014, -2.145999999999999908, 0.1179999999999999938 ) ) ;
#1293 = CARTESIAN_POINT ( 'NONE',  ( -1.994000000000000217, -2.501999999999999780, 0.000000000000000000 ) ) ;
#1294 = FACE_OUTER_BOUND ( 'NONE', #1133, .T. ) ;
#1295 = DIRECTION ( 'NONE',  ( 0.000000000000000000, 1.000000000000000000, 0.000000000000000000 ) ) ;
#1296 = ORIENTED_EDGE ( 'NONE', *, *, #1506, .F. ) ;
#1297 = B_SPLINE_CURVE_WITH_KNOTS ( 'NONE', 3,
 ( #3254, #2111, #1205, #1171 ),
 .UNSPECIFIED., .F., .F.,
 ( 4, 4 ),
 ( 0.000000000000000000, 1.000000000000000000 ),
 .UNSPECIFIED. ) ;
#1298 = DIRECTION ( 'NONE',  ( -0.9658855493432024764, 0.000000000000000000, -0.2589693139543370881 ) ) ;
#1299 = VERTEX_POINT ( 'NONE', #715 ) ;
#1300 = ADVANCED_FACE ( 'NONE', ( #1626 ), #2202, .T. ) ;
#1301 = CARTESIAN_POINT ( 'NONE',  ( 2.422999999999999599, 2.145999999999999908, 0.1590000000000000024 ) ) ;
#1302 = FACE_OUTER_BOUND ( 'NONE', #3550, .T. ) ;
#1303 = EDGE_LOOP ( 'NONE', ( #2704, #2085, #912, #1902 ) ) ;
#1304 = DIRECTION ( 'NONE',  ( 0.000000000000000000, 0.000000000000000000, -1.000000000000000000 ) ) ;
#1305 = ADVANCED_FACE ( 'NONE', ( #2512 ), #3179, .T. ) ;
#1306 = VECTOR ( 'NONE', #1726, 1000.000000000000000 ) ;
#1307 = CARTESIAN_POINT ( 'NONE',  ( -2.576000000000000068, -2.145999999999999908, 0.2000000000000000111 ) ) ;
#1308 = CIRCLE ( 'NONE', #2945, 0.07937499999999990397 ) ;
#1309 = ORIENTED_EDGE ( 'NONE', *, *, #2210, .F. ) ;
#1310 = EDGE_CURVE ( 'NONE', #3514, #2771, #1853, .T. ) ;
#1311 = DIRECTION ( 'NONE',  ( 0.000000000000000000, 0.000000000000000000, 1.000000000000000000 ) ) ;
#1312 = DIRECTION ( 'NONE',  ( 1.000000000000000000, 0.000000000000000000, 0.000000000000000000 ) ) ;
#1314 = EDGE_CURVE ( 'NONE', #3152, #1668, #2490, .T. ) ;
#1313 = DIRECTION ( 'NONE',  ( -0.2589693139543370881, 0.000000000000000000, 0.9658855493432024764 ) ) ;
#1315 = EDGE_LOOP ( 'NONE', ( #2112, #1048, #312, #1937 ) ) ;
#1316 = CARTESIAN_POINT ( 'NONE',  ( -3.099000000000000199, -2.145999999999999908, 0.07900000000000000078 ) ) ;
#1317 = DIRECTION ( 'NONE',  ( -1.000000000000000000, 0.000000000000000000, 0.000000000000000000 ) ) ;
#1318 = CARTESIAN_POINT ( 'NONE',  ( -1.994000000000000217, -2.501999999999999780, 0.000000000000000000 ) ) ;
#1319 = VERTEX_POINT ( 'NONE', #1008 ) ;
#1320 = FILL_AREA_STYLE ('',( #131 ) ) ;
#1321 = CARTESIAN_POINT ( 'NONE',  ( -2.669999999999999929, -0.8760000000000000009, 0.07900000000000000078 ) ) ;
#1322 = ADVANCED_FACE ( 'NONE', ( #419 ), #3474, .T. ) ;
#1323 = CARTESIAN_POINT ( 'NONE',  ( -3.099000000000000199, 0.8760000000000000009, 0.000000000000000000 ) ) ;
#1324 = ORIENTED_EDGE ( 'NONE', *, *, #1629, .T. ) ;
#1325 = SURFACE_STYLE_USAGE ( .BOTH. , #1897 ) ;
#1326 = ADVANCED_FACE ( 'NONE', ( #1607 ), #3459, .T. ) ;
#1327 = VECTOR ( 'NONE', #1366, 1000.000000000000000 ) ;
#1328 = CARTESIAN_POINT ( 'NONE',  ( -2.516000000000000014, 0.3939999999999999614, 0.1179999999999999938 ) ) ;
#1329 = EDGE_CURVE ( 'NONE', #238, #295, #3770, .T. ) ;
#1330 = VECTOR ( 'NONE', #1581, 1000.000000000000000 ) ;
#1331 = CARTESIAN_POINT ( 'NONE',  ( -3.099000000000000199, 2.145999999999999908, 0.000000000000000000 ) ) ;
#1332 = DIRECTION ( 'NONE',  ( 1.000000000000000000, 0.000000000000000000, 0.000000000000000000 ) ) ;
#1333 = ORIENTED_EDGE ( 'NONE', *, *, #1025, .F. ) ;
#1334 = CARTESIAN_POINT ( 'NONE',  ( 2.592999999999999972, 2.145999999999999908, 0.1379999999999999838 ) ) ;
#1335 = DIRECTION ( 'NONE',  ( 0.7931070766835159880, 0.000000000000000000, 0.6090822316522849222 ) ) ;
#1336 = DIRECTION ( 'NONE',  ( 0.000000000000000000, 0.000000000000000000, -1.000000000000000000 ) ) ;
#1337 = VERTEX_POINT ( 'NONE', #181 ) ;
#1338 = DIRECTION ( 'NONE',  ( 0.000000000000000000, -1.000000000000000000, 0.000000000000000000 ) ) ;
#1339 = DIRECTION ( 'NONE',  ( 0.9658855493432024764, 0.000000000000000000, -0.2589693139543370881 ) ) ;
#1340 = AXIS2_PLACEMENT_3D ( 'NONE', #568, #1072, #3190 ) ;
#1341 = AXIS2_PLACEMENT_3D ( 'NONE', #1323, #1577, #2786 ) ;
#1342 = AXIS2_PLACEMENT_3D ( 'NONE', #2516, #2229, #742 ) ;
#1343 = DIRECTION ( 'NONE',  ( 0.000000000000000000, 0.000000000000000000, 1.000000000000000000 ) ) ;
#1344 = VERTEX_POINT ( 'NONE', #1939 ) ;
#1345 = ADVANCED_FACE ( 'NONE', ( #3754 ), #789, .T. ) ;
#1346 = ORIENTED_EDGE ( 'NONE', *, *, #1112, .F. ) ;
#1347 = CARTESIAN_POINT ( 'NONE',  ( -2.516593682343122307, -0.5546666666666666412, 0.1181580582861557344 ) ) ;
#1348 = PRESENTATION_LAYER_ASSIGNMENT (  '', '', ( #851 ) ) ;
#1349 = DIRECTION ( 'NONE',  ( -1.000000000000000000, 0.000000000000000000, 0.000000000000000000 ) ) ;
#1350 = AXIS2_PLACEMENT_3D ( 'NONE', #3174, #2903, #2058 ) ;
#1351 = EDGE_CURVE ( 'NONE', #2571, #1193, #3486, .T. ) ;
#1352 = CARTESIAN_POINT ( 'NONE',  ( 2.422999999999999599, -2.145999999999999908, 0.1590000000000000024 ) ) ;
#1353 = DIRECTION ( 'NONE',  ( 1.000000000000000000, 0.000000000000000000, 0.000000000000000000 ) ) ;
#1354 = VERTEX_POINT ( 'NONE', #1077 ) ;
#1355 = FILL_AREA_STYLE ('',( #1606 ) ) ;
#1356 = CARTESIAN_POINT ( 'NONE',  ( 1.994000000000000217, -2.145999999999999908, 0.2380000000000000171 ) ) ;
#1357 = CARTESIAN_POINT ( 'NONE',  ( -2.669999999999999929, 0.8760000000000000009, 0.1590000000000000024 ) ) ;
#1358 = CLOSED_SHELL ( 'NONE', ( #1017, #3706, #151, #112 ) ) ;
#1359 = ORIENTED_EDGE ( 'NONE', *, *, #807, .F. ) ;
#1360 = CARTESIAN_POINT ( 'NONE',  ( 2.516000000000000014, 1.663999999999999924, 0.1179999999999999938 ) ) ;
#1361 = DIRECTION ( 'NONE',  ( 0.000000000000000000, 0.000000000000000000, 1.000000000000000000 ) ) ;
#1362 = LINE ( 'NONE', #1983, #3544 ) ;
#1363 = VERTEX_POINT ( 'NONE', #735 ) ;
#1364 = EDGE_LOOP ( 'NONE', ( #3136, #128, #913, #1472 ) ) ;
#1365 = PRESENTATION_LAYER_ASSIGNMENT (  '', '', ( #431 ) ) ;
#1366 = DIRECTION ( 'NONE',  ( -1.000000000000000000, 0.000000000000000000, 0.000000000000000000 ) ) ;
#1367 = CARTESIAN_POINT ( 'NONE',  ( -2.500000000000000000, -1.663999999999999924, 0.1789999999999999925 ) ) ;
#1368 = ORIENTED_EDGE ( 'NONE', *, *, #1170, .F. ) ;
#1369 = DIRECTION ( 'NONE',  ( 0.000000000000000000, -1.000000000000000000, 0.000000000000000000 ) ) ;
#1370 = EDGE_CURVE ( 'NONE', #32, #1873, #728, .T. ) ;
#1371 = DIRECTION ( 'NONE',  ( 1.000000000000000000, 0.000000000000000000, 0.000000000000000000 ) ) ;
#1372 = DIRECTION ( 'NONE',  ( 0.000000000000000000, 0.000000000000000000, 1.000000000000000000 ) ) ;
#1373 = FACE_OUTER_BOUND ( 'NONE', #187, .T. ) ;
#1374 = ORIENTED_EDGE ( 'NONE', *, *, #3083, .F. ) ;
#1375 = ORIENTED_EDGE ( 'NONE', *, *, #2218, .F. ) ;
#1376 = EDGE_CURVE ( 'NONE', #1184, #900, #126, .T. ) ;
#1377 = EDGE_CURVE ( 'NONE', #3782, #479, #1956, .T. ) ;
#1378 = LINE ( 'NONE', #1084, #1656 ) ;
#1379 = DIRECTION ( 'NONE',  ( 0.000000000000000000, -1.000000000000000000, 0.000000000000000000 ) ) ;
#1380 = VERTEX_POINT ( 'NONE', #3425 ) ;
#1381 = ORIENTED_EDGE ( 'NONE', *, *, #1261, .F. ) ;
#1382 = CYLINDRICAL_SURFACE ( 'NONE', #1340, 0.07937500000000000111 ) ;
#1383 = CARTESIAN_POINT ( 'NONE',  ( -2.422999999999999599, -1.985333333333333394, 0.3177499999999999769 ) ) ;
#1384 = CARTESIAN_POINT ( 'NONE',  ( 2.422999999999999599, 0.8760000000000000009, 0.2380000000000000171 ) ) ;
#1385 = ORIENTED_EDGE ( 'NONE', *, *, #3774, .T. ) ;
#1386 = CARTESIAN_POINT ( 'NONE',  ( -1.994000000000000217, 2.145999999999999908, 0.3180000000000000049 ) ) ;
#1387 = CARTESIAN_POINT ( 'NONE',  ( -2.592999999999999972, -0.3939999999999999614, 0.1379999999999999838 ) ) ;
#1388 = CARTESIAN_POINT ( 'NONE',  ( 1.994000000000000217, -2.501999999999999780, 0.000000000000000000 ) ) ;
#1389 = CARTESIAN_POINT ( 'NONE',  ( 2.576339779398220120, -0.7153333333333334876, 0.2000910519956014544 ) ) ;
#1390 = VERTEX_POINT ( 'NONE', #3534 ) ;
#1391 = ADVANCED_FACE ( 'NONE', ( #1721 ), #2012, .T. ) ;
#1392 = ORIENTED_EDGE ( 'NONE', *, *, #2795, .F. ) ;
#1393 = CARTESIAN_POINT ( 'NONE',  ( 2.576339779398220120, -1.824666666666666437, 0.2000910519956014544 ) ) ;
#1394 = EDGE_CURVE ( 'NONE', #2015, #732, #3849, .T. ) ;
#1395 = ADVANCED_FACE ( 'NONE', ( #3496 ), #1408, .F. ) ;
#1396 = VECTOR ( 'NONE', #737, 1000.000000000000000 ) ;
#1397 = CARTESIAN_POINT ( 'NONE',  ( 2.422999999999999599, 0.3939999999999999614, 0.2380000000000000171 ) ) ;
#1398 = ORIENTED_EDGE ( 'NONE', *, *, #3282, .T. ) ;
#1399 = ORIENTED_EDGE ( 'NONE', *, *, #3224, .T. ) ;
#1400 = VECTOR ( 'NONE', #960, 1000.000000000000000 ) ;
#1401 = AXIS2_PLACEMENT_3D ( 'NONE', #3605, #629, #3625 ) ;
#1402 = CARTESIAN_POINT ( 'NONE',  ( -2.505443753163833165, 2.145999999999999908, 0.1586962719835399438 ) ) ;
#1403 = CARTESIAN_POINT ( 'NONE',  ( -2.669999999999999929, -2.145999999999999908, 0.07900000000000000078 ) ) ;
#1404 = ORIENTED_EDGE ( 'NONE', *, *, #1970, .T. ) ;
#1405 = CARTESIAN_POINT ( 'NONE',  ( 1.994000000000000217, 2.501999999999999780, 0.000000000000000000 ) ) ;
#1406 = CIRCLE ( 'NONE', #2922, 0.07937499999999989009 ) ;
#1407 = CIRCLE ( 'NONE', #3053, 0.07937499999999989009 ) ;
#1408 = CYLINDRICAL_SURFACE ( 'NONE', #286, 0.07937499999999998723 ) ;
#1409 = CARTESIAN_POINT ( 'NONE',  ( -2.576339779398220120, 1.824666666666666437, 0.2000910519956014544 ) ) ;
#1410 = CARTESIAN_POINT ( 'NONE',  ( 2.422999999999999599, 1.663999999999999924, 0.1590000000000000024 ) ) ;
#1411 = ORIENTED_EDGE ( 'NONE', *, *, #376, .T. ) ;
#1412 = VERTEX_POINT ( 'NONE', #3269 ) ;
#1413 = DIRECTION ( 'NONE',  ( 1.000000000000000000, 0.000000000000000000, 0.000000000000000000 ) ) ;
#1414 =( LENGTH_UNIT ( ) NAMED_UNIT ( * ) SI_UNIT ( .MILLI., .METRE. ) );
#1415 = ADVANCED_FACE ( 'NONE', ( #576 ), #1122, .T. ) ;
#1416 = DIRECTION ( 'NONE',  ( 1.000000000000000000, 0.000000000000000000, 0.000000000000000000 ) ) ;
#1417 = ADVANCED_FACE ( 'NONE', ( #3247 ), #3516, .T. ) ;
#1418 = ORIENTED_EDGE ( 'NONE', *, *, #2795, .T. ) ;
#1419 = VERTEX_POINT ( 'NONE', #1993 ) ;
#1420 = PRESENTATION_STYLE_ASSIGNMENT (( #232 ) ) ;
#1421 = B_SPLINE_CURVE_WITH_KNOTS ( 'NONE', 3,
 ( #994, #3115, #2190, #426 ),
 .UNSPECIFIED., .F., .F.,
 ( 4, 4 ),
 ( 0.000000000000000000, 1.000000000000000000 ),
 .UNSPECIFIED. ) ;
#1422 = EDGE_CURVE ( 'NONE', #3852, #690, #1781, .T. ) ;
#1423 = CARTESIAN_POINT ( 'NONE',  ( -2.422999999999999599, 0.3939999999999999614, 0.1590000000000000024 ) ) ;
#1424 = DIRECTION ( 'NONE',  ( 0.000000000000000000, 1.000000000000000000, 0.000000000000000000 ) ) ;
#1425 = ORIENTED_EDGE ( 'NONE', *, *, #3428, .T. ) ;
#1426 = CARTESIAN_POINT ( 'NONE',  ( -1.994000000000000217, -0.8760000000000000009, 0.2380000000000000171 ) ) ;
#1427 = AXIS2_PLACEMENT_3D ( 'NONE', #2279, #1434, #3502 ) ;
#1428 = LINE ( 'NONE', #2630, #604 ) ;
#1429 = DIRECTION ( 'NONE',  ( -0.7931070766835159880, 0.000000000000000000, 0.6090822316522849222 ) ) ;
#1430 = FACE_OUTER_BOUND ( 'NONE', #2053, .T. ) ;
#1431 = CIRCLE ( 'NONE', #3186, 0.1587499999999997802 ) ;
#1432 = ORIENTED_EDGE ( 'NONE', *, *, #3113, .F. ) ;
#1433 = ORIENTED_EDGE ( 'NONE', *, *, #133, .F. ) ;
#1434 = DIRECTION ( 'NONE',  ( 0.000000000000000000, 1.000000000000000000, 0.000000000000000000 ) ) ;
#1435 = CARTESIAN_POINT ( 'NONE',  ( 2.422999999999999599, 0.3939999999999999614, 0.3180000000000000049 ) ) ;
#1436 = VERTEX_POINT ( 'NONE', #260 ) ;
#1437 = DIRECTION ( 'NONE',  ( 0.000000000000000000, -1.000000000000000000, 0.000000000000000000 ) ) ;
#1438 = ORIENTED_EDGE ( 'NONE', *, *, #3043, .T. ) ;
#1439 = ORIENTED_EDGE ( 'NONE', *, *, #3541, .T. ) ;
#1440 = FACE_OUTER_BOUND ( 'NONE', #340, .T. ) ;
#1441 = EDGE_CURVE ( 'NONE', #567, #123, #3792, .T. ) ;
#1442 = DIRECTION ( 'NONE',  ( 0.000000000000000000, -1.000000000000000000, 0.000000000000000000 ) ) ;
#1443 = PLANE ( 'NONE',  #1226 ) ;
#1444 = VERTEX_POINT ( 'NONE', #1744 ) ;
#1445 = EDGE_CURVE ( 'NONE', #3278, #2628, #2100, .T. ) ;
#1446 = CARTESIAN_POINT ( 'NONE',  ( 2.516000000000000014, 1.663999999999999924, 0.1179999999999999938 ) ) ;
#1447 = EDGE_CURVE ( 'NONE', #2661, #2777, #346, .T. ) ;
#1448 = DIRECTION ( 'NONE',  ( 0.000000000000000000, -1.000000000000000000, 0.000000000000000000 ) ) ;
#1449 = CYLINDRICAL_SURFACE ( 'NONE', #1961, 0.1587500000000000022 ) ;
#1450 = FACE_OUTER_BOUND ( 'NONE', #1960, .T. ) ;
#1451 = VERTEX_POINT ( 'NONE', #1161 ) ;
#1452 = EDGE_LOOP ( 'NONE', ( #372, #3811, #3731, #1958 ) ) ;
#1453 = LINE ( 'NONE', #2635, #3383 ) ;
#1454 = DIRECTION ( 'NONE',  ( 0.000000000000000000, 1.000000000000000000, 0.000000000000000000 ) ) ;
#1455 = ORIENTED_EDGE ( 'NONE', *, *, #665, .F. ) ;
#1456 = CARTESIAN_POINT ( 'NONE',  ( 1.994000000000000217, -2.501999999999999780, 1.752999999999999892 ) ) ;
#1457 = ORIENTED_EDGE ( 'NONE', *, *, #1731, .T. ) ;
#1458 = ORIENTED_EDGE ( 'NONE', *, *, #228, .T. ) ;
#1459 = CARTESIAN_POINT ( 'NONE',  ( -2.669999999999999929, 1.985333333333333394, 0.0002499999999999789717 ) ) ;
#1460 = PLANE ( 'NONE',  #216 ) ;
#1461 = DIRECTION ( 'NONE',  ( 0.7931070766835159880, 0.000000000000000000, -0.6090822316522849222 ) ) ;
#1462 = PLANE ( 'NONE',  #542 ) ;
#1463 = VECTOR ( 'NONE', #2222, 1000.000000000000000 ) ;
#1464 = EDGE_LOOP ( 'NONE', ( #2341, #2637, #1831, #547 ) ) ;
#1465 = FACE_OUTER_BOUND ( 'NONE', #1984, .T. ) ;
#1466 = AXIS2_PLACEMENT_3D ( 'NONE', #1879, #134, #1290 ) ;
#1467 = EDGE_CURVE ( 'NONE', #1218, #744, #1428, .T. ) ;
#1468 = LINE ( 'NONE', #358, #1330 ) ;
#1469 = CARTESIAN_POINT ( 'NONE',  ( -2.422999999999999599, -0.8760000000000000009, 0.1590000000000000024 ) ) ;
#1470 = VERTEX_POINT ( 'NONE', #2061 ) ;
#1471 = AXIS2_PLACEMENT_3D ( 'NONE', #1631, #3146, #2895 ) ;
#1472 = ORIENTED_EDGE ( 'NONE', *, *, #3801, .F. ) ;
#1473 = FACE_OUTER_BOUND ( 'NONE', #3181, .T. ) ;
#1474 = DIRECTION ( 'NONE',  ( 1.000000000000000000, 0.000000000000000000, 0.000000000000000000 ) ) ;
#1475 = ORIENTED_EDGE ( 'NONE', *, *, #640, .F. ) ;
#1476 = B_SPLINE_CURVE_WITH_KNOTS ( 'NONE', 3,
 ( #159, #2239, #3677, #3697 ),
 .UNSPECIFIED., .F., .F.,
 ( 4, 4 ),
 ( 0.000000000000000000, 1.000000000000000000 ),
 .UNSPECIFIED. ) ;
#1477 = DIRECTION ( 'NONE',  ( -1.000000000000000000, 0.000000000000000000, 0.000000000000000000 ) ) ;
#1478 = ORIENTED_EDGE ( 'NONE', *, *, #1926, .F. ) ;
#1479 = VERTEX_POINT ( 'NONE', #3025 ) ;
#1480 = CARTESIAN_POINT ( 'NONE',  ( -3.099000000000000199, 2.145999999999999908, 0.07900000000000000078 ) ) ;
#1481 = B_SPLINE_CURVE_WITH_KNOTS ( 'NONE', 3,
 ( #2958, #957, #3093, #2782 ),
 .UNSPECIFIED., .F., .F.,
 ( 4, 4 ),
 ( 0.000000000000000000, 1.000000000000000000 ),
 .UNSPECIFIED. ) ;
#1482 = DIRECTION ( 'NONE',  ( 0.000000000000000000, 0.000000000000000000, 1.000000000000000000 ) ) ;
#1483 = PLANE ( 'NONE',  #2537 ) ;
#1484 = CARTESIAN_POINT ( 'NONE',  ( 1.994000000000000217, 2.145999999999999908, 0.3180000000000000049 ) ) ;
#1485 = CARTESIAN_POINT ( 'NONE',  ( -2.422999999999999599, 0.3939999999999999614, 0.3180000000000000049 ) ) ;
#1486 = CARTESIAN_POINT ( 'NONE',  ( 2.516000000000000014, -1.663999999999999924, 0.1179999999999999938 ) ) ;
#1487 = FACE_OUTER_BOUND ( 'NONE', #1808, .T. ) ;
#1488 = ORIENTED_EDGE ( 'NONE', *, *, #3191, .T. ) ;
#1489 = ORIENTED_EDGE ( 'NONE', *, *, #1927, .T. ) ;
#1490 = AXIS2_PLACEMENT_3D ( 'NONE', #1082, #284, #559 ) ;
#1491 = EDGE_CURVE ( 'NONE', #1985, #1829, #1230, .T. ) ;
#1492 = DIRECTION ( 'NONE',  ( 0.000000000000000000, -1.000000000000000000, 0.000000000000000000 ) ) ;
#1493 = VERTEX_POINT ( 'NONE', #3831 ) ;
#1494 = EDGE_CURVE ( 'NONE', #3846, #2015, #1515, .T. ) ;
#1495 = CARTESIAN_POINT ( 'NONE',  ( 2.516000000000000014, -0.3939999999999999614, 0.1179999999999999938 ) ) ;
#1496 = ORIENTED_EDGE ( 'NONE', *, *, #3690, .T. ) ;
#1497 = VERTEX_POINT ( 'NONE', #44 ) ;
#1498 = SURFACE_SIDE_STYLE ('',( #23 ) ) ;
#1499 = CARTESIAN_POINT ( 'NONE',  ( -3.099000000000000199, -2.145999999999999908, 0.07900000000000000078 ) ) ;
#1500 = CARTESIAN_POINT ( 'NONE',  ( 1.994000000000000217, 2.501999999999999780, 0.000000000000000000 ) ) ;
#1501 = DIRECTION ( 'NONE',  ( 0.000000000000000000, 0.000000000000000000, -1.000000000000000000 ) ) ;
#1502 = DIRECTION ( 'NONE',  ( 0.000000000000000000, 0.000000000000000000, 1.000000000000000000 ) ) ;
#1503 = DIRECTION ( 'NONE',  ( -1.000000000000000000, 0.000000000000000000, 0.000000000000000000 ) ) ;
#1504 = ORIENTED_EDGE ( 'NONE', *, *, #24, .T. ) ;
#1505 = ORIENTED_EDGE ( 'NONE', *, *, #1598, .F. ) ;
#1506 = EDGE_CURVE ( 'NONE', #3279, #2793, #2219, .T. ) ;
#1507 = LINE ( 'NONE', #2778, #3294 ) ;
#1508 = ORIENTED_EDGE ( 'NONE', *, *, #3733, .F. ) ;
#1509 = EDGE_CURVE ( 'NONE', #1227, #1980, #2429, .T. ) ;
#1510 = CARTESIAN_POINT ( 'NONE',  ( -2.669999999999999929, -1.663999999999999924, 0.000000000000000000 ) ) ;
#1511 = VERTEX_POINT ( 'NONE', #808 ) ;
#1512 = ORIENTED_EDGE ( 'NONE', *, *, #2719, .T. ) ;
#1513 = CARTESIAN_POINT ( 'NONE',  ( -2.422999999999999599, -0.3939999999999999614, 0.3180000000000000049 ) ) ;
#1514 = ADVANCED_FACE ( 'NONE', ( #510 ), #2905, .T. ) ;
#1515 = LINE ( 'NONE', #2332, #288 ) ;
#1516 = DIRECTION ( 'NONE',  ( 1.000000000000000000, 0.000000000000000000, 0.000000000000000000 ) ) ;
#1517 = DIRECTION ( 'NONE',  ( 0.7931070766835159880, 0.000000000000000000, -0.6090822316522849222 ) ) ;
#1518 = CARTESIAN_POINT ( 'NONE',  ( 2.500000000000000000, 0.3939999999999999614, 0.1789999999999999925 ) ) ;
#1519 = VECTOR ( 'NONE', #1994, 1000.000000000000000 ) ;
#1520 = AXIS2_PLACEMENT_3D ( 'NONE', #846, #530, #2135 ) ;
#1521 = CARTESIAN_POINT ( 'NONE',  ( -2.669999999999999929, -0.3939999999999999614, 0.000000000000000000 ) ) ;
#1522 = PLANE ( 'NONE',  #1659 ) ;
#1523 = EDGE_LOOP ( 'NONE', ( #31, #2027, #364, #1655 ) ) ;
#1524 = COLOUR_RGB ( '',0.5843137254901961120, 0.5843137254901961120, 0.5843137254901961120 ) ;
#1525 = DIRECTION ( 'NONE',  ( 1.000000000000000000, 0.000000000000000000, 0.000000000000000000 ) ) ;
#1526 = AXIS2_PLACEMENT_3D ( 'NONE', #2721, #2638, #609 ) ;
#1527 = VECTOR ( 'NONE', #590, 1000.000000000000000 ) ;
#1528 = VECTOR ( 'NONE', #1106, 1000.000000000000000 ) ;
#1529 = CARTESIAN_POINT ( 'NONE',  ( 3.099000000000000199, -0.8760000000000000009, 0.000000000000000000 ) ) ;
#1530 = VECTOR ( 'NONE', #2802, 1000.000000000000000 ) ;
#1531 = VERTEX_POINT ( 'NONE', #2446 ) ;
#1532 = AXIS2_PLACEMENT_3D ( 'NONE', #3266, #2965, #2925 ) ;
#1533 = DIRECTION ( 'NONE',  ( 0.000000000000000000, -1.000000000000000000, 0.000000000000000000 ) ) ;
#1534 = ORIENTED_EDGE ( 'NONE', *, *, #1963, .F. ) ;
#1535 = ORIENTED_EDGE ( 'NONE', *, *, #3134, .T. ) ;
#1536 = CARTESIAN_POINT ( 'NONE',  ( -2.669999999999999929, 2.145999999999999908, 0.000000000000000000 ) ) ;
#1537 = EDGE_CURVE ( 'NONE', #3350, #3775, #722, .T. ) ;
#1538 = CARTESIAN_POINT ( 'NONE',  ( -1.994000000000000217, 1.663999999999999924, 0.3180000000000000049 ) ) ;
#1539 = CARTESIAN_POINT ( 'NONE',  ( 2.669999999999999929, -0.8760000000000000009, 0.000000000000000000 ) ) ;
#1540 = CLOSED_SHELL ( 'NONE', ( #1415, #2192, #283, #3485, #644, #825 ) ) ;
#1541 = CYLINDRICAL_SURFACE ( 'NONE', #3553, 0.1587500000000000022 ) ;
#1542 = PLANE ( 'NONE',  #249 ) ;
#1543 = EDGE_CURVE ( 'NONE', #744, #3032, #1861, .T. ) ;
#1544 = CARTESIAN_POINT ( 'NONE',  ( -2.516000000000000014, 2.145999999999999908, 0.1179999999999999938 ) ) ;
#1545 = CARTESIAN_POINT ( 'NONE',  ( -3.099000000000000199, 2.145999999999999908, 0.000000000000000000 ) ) ;
#1546 = ORIENTED_EDGE ( 'NONE', *, *, #1370, .T. ) ;
#1547 = LINE ( 'NONE', #3033, #62 ) ;
#1548 = PLANE ( 'NONE',  #842 ) ;
#1549 = MECHANICAL_DESIGN_GEOMETRIC_PRESENTATION_REPRESENTATION (  '', ( #1674 ), #1931 ) ;
#1550 = ORIENTED_EDGE ( 'NONE', *, *, #3801, .T. ) ;
#1551 = AXIS2_PLACEMENT_3D ( 'NONE', #3142, #2201, #733 ) ;
#1552 = FACE_OUTER_BOUND ( 'NONE', #2840, .T. ) ;
#1553 = ORIENTED_EDGE ( 'NONE', *, *, #1190, .T. ) ;
#1554 = ORIENTED_EDGE ( 'NONE', *, *, #3347, .F. ) ;
#1555 = CARTESIAN_POINT ( 'NONE',  ( 2.516000000000000014, -1.663999999999999924, 0.1179999999999999938 ) ) ;
#1556 = CIRCLE ( 'NONE', #1747, 0.07937499999999990397 ) ;
#1557 = PRESENTATION_LAYER_ASSIGNMENT (  '', '', ( #436 ) ) ;
#1558 = PLANE ( 'NONE',  #2284 ) ;
#1559 = ORIENTED_EDGE ( 'NONE', *, *, #3329, .T. ) ;
#1560 = EDGE_CURVE ( 'NONE', #3223, #213, #1099, .T. ) ;
#1561 = B_SPLINE_CURVE_WITH_KNOTS ( 'NONE', 3,
 ( #1252, #316, #2447, #3592 ),
 .UNSPECIFIED., .F., .F.,
 ( 4, 4 ),
 ( 0.000000000000000000, 1.000000000000000000 ),
 .UNSPECIFIED. ) ;
#1562 = CARTESIAN_POINT ( 'NONE',  ( -2.422999999999999599, 0.8760000000000000009, 0.1590000000000000024 ) ) ;
#1563 = CARTESIAN_POINT ( 'NONE',  ( 2.516000000000000014, -1.663999999999999924, 0.1179999999999999938 ) ) ;
#1564 = ADVANCED_FACE ( 'NONE', ( #2193 ), #427, .T. ) ;
#1565 = CARTESIAN_POINT ( 'NONE',  ( 2.593421871689254754, -0.7153333333333334876, 0.1381150559152513890 ) ) ;
#1566 = DIRECTION ( 'NONE',  ( 1.000000000000000000, 0.000000000000000000, 0.000000000000000000 ) ) ;
#1567 = EDGE_LOOP ( 'NONE', ( #1059, #253, #1890, #385 ) ) ;
#1568 = EDGE_CURVE ( 'NONE', #537, #89, #919, .T. ) ;
#1569 =( NAMED_UNIT ( * ) SI_UNIT ( $, .STERADIAN. ) SOLID_ANGLE_UNIT ( ) );
#1570 = DIRECTION ( 'NONE',  ( 0.000000000000000000, 0.000000000000000000, -1.000000000000000000 ) ) ;
#1571 = ORIENTED_EDGE ( 'NONE', *, *, #1066, .F. ) ;
#1572 = LINE ( 'NONE', #1284, #3229 ) ;
#1573 = ORIENTED_EDGE ( 'NONE', *, *, #2868, .F. ) ;
#1574 = ORIENTED_EDGE ( 'NONE', *, *, #3880, .F. ) ;
#1575 = FACE_OUTER_BOUND ( 'NONE', #772, .T. ) ;
#1576 = VECTOR ( 'NONE', #1256, 1000.000000000000000 ) ;
#1577 = DIRECTION ( 'NONE',  ( -1.000000000000000000, 0.000000000000000000, 0.000000000000000000 ) ) ;
#1578 = VERTEX_POINT ( 'NONE', #2152 ) ;
#1579 = CARTESIAN_POINT ( 'NONE',  ( -1.994000000000000217, -2.145999999999999908, 0.3180000000000000049 ) ) ;
#1580 = CARTESIAN_POINT ( 'NONE',  ( -2.422999999999999599, -0.3939999999999999614, 0.1590000000000000024 ) ) ;
#1581 = DIRECTION ( 'NONE',  ( 0.000000000000000000, 0.000000000000000000, 1.000000000000000000 ) ) ;
#1582 = CARTESIAN_POINT ( 'NONE',  ( -2.516593682343122307, -1.824666666666666437, 0.1181580582861557344 ) ) ;
#1583 = ORIENTED_EDGE ( 'NONE', *, *, #1310, .F. ) ;
#1584 = EDGE_CURVE ( 'NONE', #2613, #2661, #1799, .T. ) ;
#1585 = PLANE ( 'NONE',  #524 ) ;
#1586 = VECTOR ( 'NONE', #1312, 1000.000000000000000 ) ;
#1587 = VECTOR ( 'NONE', #2440, 1000.000000000000000 ) ;
#1588 = ORIENTED_EDGE ( 'NONE', *, *, #3352, .T. ) ;
#1589 = VECTOR ( 'NONE', #2609, 1000.000000000000000 ) ;
#1590 = EDGE_CURVE ( 'NONE', #2777, #3782, #3097, .T. ) ;
#1591 = ADVANCED_FACE ( 'NONE', ( #407 ), #1558, .T. ) ;
#1592 = LINE ( 'NONE', #365, #3423 ) ;
#1593 = CARTESIAN_POINT ( 'NONE',  ( 2.669999999999999929, 1.663999999999999924, 0.000000000000000000 ) ) ;
#1594 = ORIENTED_EDGE ( 'NONE', *, *, #3224, .F. ) ;
#1595 = AXIS2_PLACEMENT_3D ( 'NONE', #2370, #2687, #2136 ) ;
#1596 = LINE ( 'NONE', #1288, #2165 ) ;
#1597 = CIRCLE ( 'NONE', #1471, 0.07937499999999990397 ) ;
#1598 = EDGE_CURVE ( 'NONE', #2957, #201, #2918, .T. ) ;
#1599 = CARTESIAN_POINT ( 'NONE',  ( 1.994000000000000217, -0.3939999999999999614, 0.2380000000000000171 ) ) ;
#1600 = ORIENTED_EDGE ( 'NONE', *, *, #3083, .T. ) ;
#1601 = CARTESIAN_POINT ( 'NONE',  ( 2.500000000000000000, 0.3939999999999999614, 0.1789999999999999925 ) ) ;
#1602 = PLANE ( 'NONE',  #3323 ) ;
#1603 = CARTESIAN_POINT ( 'NONE',  ( -2.516000000000000014, -2.145999999999999908, 0.1179999999999999938 ) ) ;
#1604 = CYLINDRICAL_SURFACE ( 'NONE', #610, 0.07937500000000000111 ) ;
#1605 = ORIENTED_EDGE ( 'NONE', *, *, #1467, .F. ) ;
#1606 = FILL_AREA_STYLE_COLOUR ( '', #3256 ) ;
#1607 = FACE_OUTER_BOUND ( 'NONE', #2233, .T. ) ;
#1608 = CARTESIAN_POINT ( 'NONE',  ( -3.099000000000000199, -0.8760000000000000009, 0.000000000000000000 ) ) ;
#1609 = EDGE_CURVE ( 'NONE', #1896, #1380, #305, .T. ) ;
#1610 = B_SPLINE_CURVE_WITH_KNOTS ( 'NONE', 3,
 ( #405, #2805, #3412, #1555 ),
 .UNSPECIFIED., .F., .F.,
 ( 4, 4 ),
 ( 0.000000000000000000, 1.000000000000000000 ),
 .UNSPECIFIED. ) ;
#1611 = VERTEX_POINT ( 'NONE', #370 ) ;
#1612 = CARTESIAN_POINT ( 'NONE',  ( -3.099000000000000199, 0.8760000000000000009, 0.000000000000000000 ) ) ;
#1613 = EDGE_CURVE ( 'NONE', #2817, #1344, #3377, .T. ) ;
#1614 = LINE ( 'NONE', #3450, #2666 ) ;
#1615 = COLOUR_RGB ( '',0.7215686274509803821, 0.7215686274509803821, 0.7215686274509803821 ) ;
#1616 = EDGE_CURVE ( 'NONE', #3411, #3604, #645, .T. ) ;
#1617 = DIRECTION ( 'NONE',  ( 1.000000000000000000, 0.000000000000000000, 0.000000000000000000 ) ) ;
#1618 = CIRCLE ( 'NONE', #563, 0.07937499999999990397 ) ;
#1619 = ORIENTED_EDGE ( 'NONE', *, *, #2914, .F. ) ;
#1620 = CARTESIAN_POINT ( 'NONE',  ( 2.669999999999999929, -1.663999999999999924, 0.000000000000000000 ) ) ;
#1621 = DIRECTION ( 'NONE',  ( 1.000000000000000000, 0.000000000000000000, 0.000000000000000000 ) ) ;
#1622 = CARTESIAN_POINT ( 'NONE',  ( -2.669999999999999929, -0.8760000000000000009, 0.1590000000000000024 ) ) ;
#1623 = CARTESIAN_POINT ( 'NONE',  ( 1.994000000000000217, -0.8760000000000000009, 0.3180000000000000049 ) ) ;
#1624 = ORIENTED_EDGE ( 'NONE', *, *, #2754, .F. ) ;
#1625 = CARTESIAN_POINT ( 'NONE',  ( -2.669999999999999929, -2.145999999999999908, 0.07900000000000000078 ) ) ;
#1626 = FACE_OUTER_BOUND ( 'NONE', #2879, .T. ) ;
#1627 = DIRECTION ( 'NONE',  ( 0.000000000000000000, -1.000000000000000000, 0.000000000000000000 ) ) ;
#1628 = ORIENTED_EDGE ( 'NONE', *, *, #1047, .F. ) ;
#1629 = EDGE_CURVE ( 'NONE', #2416, #2069, #3116, .T. ) ;
#1630 = B_SPLINE_CURVE_WITH_KNOTS ( 'NONE', 3,
 ( #2014, #1389, #3794, #3518 ),
 .UNSPECIFIED., .F., .F.,
 ( 4, 4 ),
 ( 0.000000000000000000, 1.000000000000000000 ),
 .UNSPECIFIED. ) ;
#1631 = CARTESIAN_POINT ( 'NONE',  ( 2.669999999999999929, 1.663999999999999924, 0.1590000000000000024 ) ) ;
#1632 = CARTESIAN_POINT ( 'NONE',  ( -1.278000000000000025, 1.905000000000000027, 1.752999999999999892 ) ) ;
#1633 = EDGE_CURVE ( 'NONE', #3782, #579, #688, .T. ) ;
#1634 = FACE_OUTER_BOUND ( 'NONE', #1687, .T. ) ;
#1635 = ORIENTED_EDGE ( 'NONE', *, *, #2962, .F. ) ;
#1636 = ORIENTED_EDGE ( 'NONE', *, *, #707, .T. ) ;
#1637 = CARTESIAN_POINT ( 'NONE',  ( 2.669999999999999929, -2.145999999999999908, 0.000000000000000000 ) ) ;
#1638 = CARTESIAN_POINT ( 'NONE',  ( -1.994000000000000217, 0.3939999999999999614, 0.3180000000000000049 ) ) ;
#1639 = CARTESIAN_POINT ( 'NONE',  ( -2.576000000000000068, -0.8760000000000000009, 0.2000000000000000111 ) ) ;
#1640 = CARTESIAN_POINT ( 'NONE',  ( 2.576339779398220120, 0.7153333333333334876, 0.2000910519956014544 ) ) ;
#1641 = EDGE_LOOP ( 'NONE', ( #1195, #1165, #1559, #2167, #2480, #2921, #2051, #3067, #2677, #2920, #3317, #289 ) ) ;
#1642 = FACE_OUTER_BOUND ( 'NONE', #2518, .T. ) ;
#1643 = CARTESIAN_POINT ( 'NONE',  ( -2.669999999999999929, -2.145999999999999908, 0.000000000000000000 ) ) ;
#1644 = LINE ( 'NONE', #1608, #1646 ) ;
#1645 = ORIENTED_EDGE ( 'NONE', *, *, #775, .T. ) ;
#1646 = VECTOR ( 'NONE', #2297, 1000.000000000000000 ) ;
#1647 = DIRECTION ( 'NONE',  ( 0.000000000000000000, 0.000000000000000000, -1.000000000000000000 ) ) ;
#1648 = CYLINDRICAL_SURFACE ( 'NONE', #1965, 0.1587500000000000022 ) ;
#1649 = VECTOR ( 'NONE', #3153, 1000.000000000000000 ) ;
#1650 = VECTOR ( 'NONE', #2254, 1000.000000000000000 ) ;
#1651 = AXIS2_PLACEMENT_3D ( 'NONE', #20, #565, #1208 ) ;
#1652 = AXIS2_PLACEMENT_3D ( 'NONE', #3720, #79, #114 ) ;
#1653 = LINE ( 'NONE', #1966, #3300 ) ;
#1654 = ORIENTED_EDGE ( 'NONE', *, *, #3830, .F. ) ;
#1655 = ORIENTED_EDGE ( 'NONE', *, *, #1509, .F. ) ;
#1656 = VECTOR ( 'NONE', #3504, 1000.000000000000000 ) ;
#1657 = LINE ( 'NONE', #3688, #2539 ) ;
#1658 = EDGE_CURVE ( 'NONE', #1184, #3520, #3066, .T. ) ;
#1659 = AXIS2_PLACEMENT_3D ( 'NONE', #52, #1238, #2140 ) ;
#1660 = CARTESIAN_POINT ( 'NONE',  ( 2.669999999999999929, 0.3939999999999999614, 0.000000000000000000 ) ) ;
#1661 = CARTESIAN_POINT ( 'NONE',  ( -2.516593682343122307, -1.985333333333333394, 0.1181580582861557344 ) ) ;
#1662 = EDGE_LOOP ( 'NONE', ( #756, #2349, #3429, #244, #3267, #416, #1489, #1787, #1807, #248, #2189, #2607 ) ) ;
#1663 = FACE_OUTER_BOUND ( 'NONE', #1075, .T. ) ;
#1664 = ADVANCED_FACE ( 'NONE', ( #1267 ), #2462, .T. ) ;
#1665 = CARTESIAN_POINT ( 'NONE',  ( -2.581549486438380558, -0.8760000000000000009, 0.1793019154460393227 ) ) ;
#1666 = CARTESIAN_POINT ( 'NONE',  ( -2.669999999999999929, 0.3939999999999999614, 0.1590000000000000024 ) ) ;
#1667 = DIRECTION ( 'NONE',  ( 0.000000000000000000, 1.000000000000000000, 0.000000000000000000 ) ) ;
#1668 = VERTEX_POINT ( 'NONE', #2597 ) ;
#1669 = ORIENTED_EDGE ( 'NONE', *, *, #3521, .F. ) ;
#1670 = CARTESIAN_POINT ( 'NONE',  ( 2.516593682343122307, 1.985333333333333394, 0.1181580582861557344 ) ) ;
#1671 = DIRECTION ( 'NONE',  ( -1.000000000000000000, 0.000000000000000000, 0.000000000000000000 ) ) ;
#1672 = ORIENTED_EDGE ( 'NONE', *, *, #2698, .T. ) ;
#1673 = ORIENTED_EDGE ( 'NONE', *, *, #2654, .T. ) ;
#1674 = STYLED_ITEM ( 'NONE', ( #3123 ), #3454 ) ;
#1675 = VECTOR ( 'NONE', #2313, 1000.000000000000000 ) ;
#1676 = ADVANCED_FACE ( 'NONE', ( #3526 ), #3744, .T. ) ;
#1677 = DIRECTION ( 'NONE',  ( 0.000000000000000000, -1.000000000000000000, 0.000000000000000000 ) ) ;
#1678 = CYLINDRICAL_SURFACE ( 'NONE', #102, 0.07937500000000000111 ) ;
#1679 = ORIENTED_EDGE ( 'NONE', *, *, #3019, .T. ) ;
#1680 = FACE_OUTER_BOUND ( 'NONE', #1315, .T. ) ;
#1681 = EDGE_CURVE ( 'NONE', #60, #3350, #2030, .T. ) ;
#1682 = DIRECTION ( 'NONE',  ( 0.000000000000000000, -1.000000000000000000, 0.000000000000000000 ) ) ;
#1683 = PLANE ( 'NONE',  #1839 ) ;
#1684 = VERTEX_POINT ( 'NONE', #2248 ) ;
#1685 = EDGE_CURVE ( 'NONE', #1172, #3507, #1653, .T. ) ;
#1686 = VERTEX_POINT ( 'NONE', #148 ) ;
#1687 = EDGE_LOOP ( 'NONE', ( #3289, #2469, #2123, #3708 ) ) ;
#1688 = PLANE ( 'NONE',  #1490 ) ;
#1689 = DIRECTION ( 'NONE',  ( 1.000000000000000000, 0.000000000000000000, 0.000000000000000000 ) ) ;
#1690 = VERTEX_POINT ( 'NONE', #1052 ) ;
#1691 = ORIENTED_EDGE ( 'NONE', *, *, #2700, .T. ) ;
#1692 = CARTESIAN_POINT ( 'NONE',  ( -1.377694999999999892, 1.905000000000000027, 1.752999999999999892 ) ) ;
#1693 = CARTESIAN_POINT ( 'NONE',  ( -1.994000000000000217, -0.8760000000000000009, 0.3180000000000000049 ) ) ;
#1694 = CARTESIAN_POINT ( 'NONE',  ( -2.576000000000000068, 0.3939999999999999614, 0.2000000000000000111 ) ) ;
#1695 = ORIENTED_EDGE ( 'NONE', *, *, #1376, .T. ) ;
#1696 = DIRECTION ( 'NONE',  ( 0.7931070766835159880, 0.000000000000000000, -0.6090822316522849222 ) ) ;
#1697 = DIRECTION ( 'NONE',  ( -0.7931070766835159880, 0.000000000000000000, -0.6090822316522849222 ) ) ;
#1698 = DIRECTION ( 'NONE',  ( 0.000000000000000000, 0.000000000000000000, -1.000000000000000000 ) ) ;
#1699 = DIRECTION ( 'NONE',  ( 0.000000000000000000, 0.000000000000000000, -1.000000000000000000 ) ) ;
#1700 = EDGE_LOOP ( 'NONE', ( #1628, #2579, #75, #2780 ) ) ;
#1701 = ORIENTED_EDGE ( 'NONE', *, *, #2218, .T. ) ;
#1702 = EDGE_CURVE ( 'NONE', #1990, #2251, #3333, .T. ) ;
#1703 = DIRECTION ( 'NONE',  ( 0.000000000000000000, 1.000000000000000000, 0.000000000000000000 ) ) ;
#1704 = ADVANCED_FACE ( 'NONE', ( #2859 ), #2323, .T. ) ;
#1705 = ADVANCED_FACE ( 'NONE', ( #1634 ), #189, .T. ) ;
#1706 = AXIS2_PLACEMENT_3D ( 'NONE', #2355, #1182, #1698 ) ;
#1707 = CARTESIAN_POINT ( 'NONE',  ( 2.422999999999999599, 0.8760000000000000009, 0.2380000000000000171 ) ) ;
#1708 = ORIENTED_EDGE ( 'NONE', *, *, #2642, .T. ) ;
#1709 = ORIENTED_EDGE ( 'NONE', *, *, #2993, .F. ) ;
#1710 = CYLINDRICAL_SURFACE ( 'NONE', #603, 0.1587500000000000022 ) ;
#1711 = DIRECTION ( 'NONE',  ( 0.000000000000000000, 0.000000000000000000, 1.000000000000000000 ) ) ;
#1712 = AXIS2_PLACEMENT_3D ( 'NONE', #1820, #3631, #3026 ) ;
#1713 = AXIS2_PLACEMENT_3D ( 'NONE', #1049, #1647, #2575 ) ;
#1714 = VECTOR ( 'NONE', #3198, 1000.000000000000000 ) ;
#1715 = CARTESIAN_POINT ( 'NONE',  ( 1.994000000000000217, -0.8760000000000000009, 0.2380000000000000171 ) ) ;
#1716 = DIRECTION ( 'NONE',  ( -1.000000000000000000, 0.000000000000000000, 0.000000000000000000 ) ) ;
#1717 = VERTEX_POINT ( 'NONE', #761 ) ;
#1718 = CARTESIAN_POINT ( 'NONE',  ( -3.099000000000000199, 0.3939999999999999614, 0.07900000000000000078 ) ) ;
#1719 = AXIS2_PLACEMENT_3D ( 'NONE', #2956, #3523, #582 ) ;
#1720 = AXIS2_PLACEMENT_3D ( 'NONE', #321, #3343, #2393 ) ;
#1721 = FACE_OUTER_BOUND ( 'NONE', #3453, .T. ) ;
#1722 = CARTESIAN_POINT ( 'NONE',  ( -2.669999999999999929, -1.663999999999999924, 0.1590000000000000024 ) ) ;
#1723 = DIRECTION ( 'NONE',  ( 0.000000000000000000, 1.000000000000000000, 0.000000000000000000 ) ) ;
#1724 = ORIENTED_EDGE ( 'NONE', *, *, #3303, .F. ) ;
#1725 = ORIENTED_EDGE ( 'NONE', *, *, #1702, .F. ) ;
#1726 = DIRECTION ( 'NONE',  ( -1.000000000000000000, 0.000000000000000000, 0.000000000000000000 ) ) ;
#1727 = EDGE_CURVE ( 'NONE', #3394, #3279, #3187, .T. ) ;
#1728 = AXIS2_PLACEMENT_3D ( 'NONE', #3271, #3221, #2611 ) ;
#1729 = CARTESIAN_POINT ( 'NONE',  ( -2.669999999999999929, 0.8760000000000000009, 0.000000000000000000 ) ) ;
#1730 = ORIENTED_EDGE ( 'NONE', *, *, #2101, .F. ) ;
#1731 = EDGE_CURVE ( 'NONE', #3309, #3852, #2540, .T. ) ;
#1732 = LINE ( 'NONE', #2702, #222 ) ;
#1733 = EDGE_LOOP ( 'NONE', ( #1333, #3059, #2021, #2633 ) ) ;
#1734 = ORIENTED_EDGE ( 'NONE', *, *, #2993, .T. ) ;
#1735 = FILL_AREA_STYLE ('',( #2004 ) ) ;
#1736 = EDGE_CURVE ( 'NONE', #1752, #456, #1362, .T. ) ;
#1737 = PRODUCT_DEFINITION_SHAPE ( 'NONE', 'NONE',  #328 ) ;
#1738 = CARTESIAN_POINT ( 'NONE',  ( 3.099000000000000199, 1.663999999999999924, 0.07900000000000000078 ) ) ;
#1739 = PLANE ( 'NONE',  #2280 ) ;
#1740 = DIRECTION ( 'NONE',  ( 0.000000000000000000, -1.000000000000000000, 0.000000000000000000 ) ) ;
#1741 = ORIENTED_EDGE ( 'NONE', *, *, #354, .F. ) ;
#1742 = CARTESIAN_POINT ( 'NONE',  ( -1.994000000000000217, 0.8760000000000000009, 0.2380000000000000171 ) ) ;
#1743 = VECTOR ( 'NONE', #602, 1000.000000000000000 ) ;
#1744 = CARTESIAN_POINT ( 'NONE',  ( 2.516000000000000014, -2.145999999999999908, 0.1179999999999999938 ) ) ;
#1745 = DIRECTION ( 'NONE',  ( 0.000000000000000000, 1.000000000000000000, 0.000000000000000000 ) ) ;
#1746 = FACE_OUTER_BOUND ( 'NONE', #557, .T. ) ;
#1747 = AXIS2_PLACEMENT_3D ( 'NONE', #654, #2672, #2989 ) ;
#1748 = ORIENTED_EDGE ( 'NONE', *, *, #468, .F. ) ;
#1749 = ORIENTED_EDGE ( 'NONE', *, *, #2170, .T. ) ;
#1750 = CARTESIAN_POINT ( 'NONE',  ( -2.422999999999999599, -0.3939999999999999614, 0.3180000000000000049 ) ) ;
#1751 = DIRECTION ( 'NONE',  ( 0.000000000000000000, -1.000000000000000000, 0.000000000000000000 ) ) ;
#1752 = VERTEX_POINT ( 'NONE', #3168 ) ;
#1753 = FACE_OUTER_BOUND ( 'NONE', #2377, .T. ) ;
#1754 = EDGE_LOOP ( 'NONE', ( #109, #611, #1418, #1374 ) ) ;
#1755 = ORIENTED_EDGE ( 'NONE', *, *, #933, .T. ) ;
#1756 =( NAMED_UNIT ( * ) SI_UNIT ( $, .STERADIAN. ) SOLID_ANGLE_UNIT ( ) );
#1757 = EDGE_CURVE ( 'NONE', #2957, #3457, #412, .T. ) ;
#1758 = EDGE_CURVE ( 'NONE', #2940, #1354, #3135, .T. ) ;
#1759 = DIRECTION ( 'NONE',  ( 0.000000000000000000, 1.000000000000000000, 0.000000000000000000 ) ) ;
#1760 = CARTESIAN_POINT ( 'NONE',  ( -2.669999999999999929, 1.663999999999999924, 0.000000000000000000 ) ) ;
#1761 = CARTESIAN_POINT ( 'NONE',  ( -2.516000000000000014, -0.3939999999999999614, 0.1179999999999999938 ) ) ;
#1762 = ORIENTED_EDGE ( 'NONE', *, *, #926, .T. ) ;
#1763 = CARTESIAN_POINT ( 'NONE',  ( -1.278000000000000025, 1.905000000000000027, 1.755000000000000115 ) ) ;
#1764 = DIRECTION ( 'NONE',  ( 0.000000000000000000, 1.000000000000000000, 0.000000000000000000 ) ) ;
#1765 = DIRECTION ( 'NONE',  ( 0.000000000000000000, -1.000000000000000000, 0.000000000000000000 ) ) ;
#1766 = DIRECTION ( 'NONE',  ( 0.9658855493432024764, 0.000000000000000000, 0.2589693139543370881 ) ) ;
#1767 = EDGE_LOOP ( 'NONE', ( #2288, #2358, #3355, #2132 ) ) ;
#1768 = EDGE_LOOP ( 'NONE', ( #838, #1669, #647, #3838 ) ) ;
#1769 = CARTESIAN_POINT ( 'NONE',  ( 1.994000000000000217, -0.8760000000000000009, 0.2380000000000000171 ) ) ;
#1770 = CARTESIAN_POINT ( 'NONE',  ( -2.422999999999999599, 1.663999999999999924, 0.2380000000000000171 ) ) ;
#1771 = ORIENTED_EDGE ( 'NONE', *, *, #2673, .F. ) ;
#1772 = CARTESIAN_POINT ( 'NONE',  ( -2.422999999999999599, 1.663999999999999924, 0.3180000000000000049 ) ) ;
#1773 = ORIENTED_EDGE ( 'NONE', *, *, #3401, .T. ) ;
#1774 = VERTEX_POINT ( 'NONE', #1069 ) ;
#1775 = CARTESIAN_POINT ( 'NONE',  ( 1.994000000000000217, -1.663999999999999924, 0.2380000000000000171 ) ) ;
#1776 = CARTESIAN_POINT ( 'NONE',  ( -1.994000000000000217, 1.663999999999999924, 0.3180000000000000049 ) ) ;
#1777 = EDGE_CURVE ( 'NONE', #2141, #1893, #2104, .T. ) ;
#1778 = CARTESIAN_POINT ( 'NONE',  ( 2.669999999999999929, 1.663999999999999924, 0.000000000000000000 ) ) ;
#1779 = VECTOR ( 'NONE', #1848, 1000.000000000000000 ) ;
#1780 = DIRECTION ( 'NONE',  ( 0.000000000000000000, -1.000000000000000000, 0.000000000000000000 ) ) ;
#1781 = CIRCLE ( 'NONE', #2790, 0.1587499999999997802 ) ;
#1782 = VECTOR ( 'NONE', #2118, 1000.000000000000000 ) ;
#1783 = CARTESIAN_POINT ( 'NONE',  ( 2.592999999999999972, 0.3939999999999999614, 0.1379999999999999838 ) ) ;
#1784 = VECTOR ( 'NONE', #2586, 1000.000000000000000 ) ;
#1785 = CARTESIAN_POINT ( 'NONE',  ( -2.500000000000000000, 0.8760000000000000009, 0.1789999999999999925 ) ) ;
#1786 = CARTESIAN_POINT ( 'NONE',  ( -2.500000000000000000, 1.663999999999999924, 0.1789999999999999925 ) ) ;
#1787 = ORIENTED_EDGE ( 'NONE', *, *, #829, .T. ) ;
#1788 = VERTEX_POINT ( 'NONE', #2577 ) ;
#1789 = ADVANCED_FACE ( 'NONE', ( #519 ), #796, .T. ) ;
#1790 = FILL_AREA_STYLE ('',( #3345 ) ) ;
#1791 = AXIS2_PLACEMENT_3D ( 'NONE', #30, #1257, #3385 ) ;
#1792 = CARTESIAN_POINT ( 'NONE',  ( 2.669999999999999929, -1.663999999999999924, 0.07900000000000000078 ) ) ;
#1793 = UNCERTAINTY_MEASURE_WITH_UNIT (LENGTH_MEASURE( 1.000000000000000082E-05 ), #2453, 'distance_accuracy_value', 'NONE');
#1794 = EDGE_LOOP ( 'NONE', ( #2619, #71, #3751, #1475 ) ) ;
#1795 = CARTESIAN_POINT ( 'NONE',  ( 2.500000000000000000, -0.8760000000000000009, 0.1789999999999999925 ) ) ;
#1796 = ORIENTED_EDGE ( 'NONE', *, *, #326, .F. ) ;
#1797 = ORIENTED_EDGE ( 'NONE', *, *, #1681, .F. ) ;
#1798 = CARTESIAN_POINT ( 'NONE',  ( 2.422999999999999599, -0.8760000000000000009, 0.3180000000000000049 ) ) ;
#1799 = B_SPLINE_CURVE_WITH_KNOTS ( 'NONE', 3,
 ( #705, #2175, #96, #1895 ),
 .UNSPECIFIED., .F., .F.,
 ( 4, 4 ),
 ( 0.000000000000000000, 1.000000000000000000 ),
 .UNSPECIFIED. ) ;
#1800 = LINE ( 'NONE', #2731, #2984 ) ;
#1801 = LINE ( 'NONE', #3304, #2184 ) ;
#1802 = DIRECTION ( 'NONE',  ( 0.000000000000000000, -1.000000000000000000, 0.000000000000000000 ) ) ;
#1803 = LINE ( 'NONE', #319, #124 ) ;
#1804 = EDGE_CURVE ( 'NONE', #1203, #586, #1987, .T. ) ;
#1805 = CARTESIAN_POINT ( 'NONE',  ( -2.422999999999999599, 1.663999999999999924, 0.2380000000000000171 ) ) ;
#1806 = CARTESIAN_POINT ( 'NONE',  ( -1.994000000000000217, -0.3939999999999999614, 0.2380000000000000171 ) ) ;
#1807 = ORIENTED_EDGE ( 'NONE', *, *, #2519, .T. ) ;
#1808 = EDGE_LOOP ( 'NONE', ( #472, #2873, #1457, #3251, #1488, #3182, #349, #2670, #2783, #1439, #3588, #3563 ) ) ;
#1809 = VECTOR ( 'NONE', #1525, 1000.000000000000000 ) ;
#1810 = EDGE_CURVE ( 'NONE', #1419, #2403, #2919, .T. ) ;
#1811 = EDGE_CURVE ( 'NONE', #2141, #2250, #2708, .T. ) ;
#1812 = AXIS2_PLACEMENT_3D ( 'NONE', #3790, #3176, #490 ) ;
#1813 = EDGE_CURVE ( 'NONE', #451, #3316, #154, .T. ) ;
#1814 = CARTESIAN_POINT ( 'NONE',  ( 2.499825768919332170, 1.824666666666666437, 0.1789547451738525141 ) ) ;
#1815 = ORIENTED_EDGE ( 'NONE', *, *, #174, .F. ) ;
#1816 = LINE ( 'NONE', #3840, #3611 ) ;
#1817 = EDGE_LOOP ( 'NONE', ( #2823, #1941, #2645, #59 ) ) ;
#1818 = VERTEX_POINT ( 'NONE', #310 ) ;
#1819 = FILL_AREA_STYLE_COLOUR ( '', #2409 ) ;
#1820 = CARTESIAN_POINT ( 'NONE',  ( 2.422999999999999599, -1.663999999999999924, 0.1590000000000000024 ) ) ;
#1821 = FACE_OUTER_BOUND ( 'NONE', #3017, .T. ) ;
#1822 = CARTESIAN_POINT ( 'NONE',  ( -2.592999999999999972, 0.8760000000000000009, 0.1379999999999999838 ) ) ;
#1823 = CARTESIAN_POINT ( 'NONE',  ( 2.516000000000000014, -0.8760000000000000009, 0.1179999999999999938 ) ) ;
#1824 = DIRECTION ( 'NONE',  ( 0.000000000000000000, -1.000000000000000000, 0.000000000000000000 ) ) ;
#1825 = ORIENTED_EDGE ( 'NONE', *, *, #2103, .F. ) ;
#1826 = CARTESIAN_POINT ( 'NONE',  ( 3.099000000000000199, 0.3939999999999999614, 0.000000000000000000 ) ) ;
#1827 = UNCERTAINTY_MEASURE_WITH_UNIT (LENGTH_MEASURE( 1.000000000000000082E-05 ), #1414, 'distance_accuracy_value', 'NONE');
#1828 = EDGE_CURVE ( 'NONE', #221, #480, #3214, .T. ) ;
#1829 = VERTEX_POINT ( 'NONE', #1174 ) ;
#1830 = CARTESIAN_POINT ( 'NONE',  ( -2.593421871689254754, -1.824666666666666437, 0.1381150559152513890 ) ) ;
#1831 = ORIENTED_EDGE ( 'NONE', *, *, #1568, .F. ) ;
#1832 = VERTEX_POINT ( 'NONE', #268 ) ;
#1833 = CARTESIAN_POINT ( 'NONE',  ( 2.422999999999999599, -0.7153333333333334876, 0.3177499999999999769 ) ) ;
#1834 = ADVANCED_FACE ( 'NONE', ( #2682 ), #3277, .T. ) ;
#1835 = CARTESIAN_POINT ( 'NONE',  ( -2.422999999999999599, 1.663999999999999924, 0.2380000000000000171 ) ) ;
#1836 = PLANE ( 'NONE',  #786 ) ;
#1837 = PLANE ( 'NONE',  #675 ) ;
#1838 = CARTESIAN_POINT ( 'NONE',  ( -2.669999999999999929, 0.8760000000000000009, 0.1590000000000000024 ) ) ;
#1839 = AXIS2_PLACEMENT_3D ( 'NONE', #2275, #2815, #754 ) ;
#1840 = CARTESIAN_POINT ( 'NONE',  ( -1.178305000000000158, 1.905000000000000027, 1.752999999999999892 ) ) ;
#1841 = FACE_OUTER_BOUND ( 'NONE', #941, .T. ) ;
#1842 = ORIENTED_EDGE ( 'NONE', *, *, #3463, .F. ) ;
#1843 =( GEOMETRIC_REPRESENTATION_CONTEXT ( 3 ) GLOBAL_UNCERTAINTY_ASSIGNED_CONTEXT ( ( #699 ) ) GLOBAL_UNIT_ASSIGNED_CONTEXT ( ( #2899, #2641, #1756 ) ) REPRESENTATION_CONTEXT ( 'NONE', 'WORKASPACE' ) );
#1844 = CARTESIAN_POINT ( 'NONE',  ( 1.994000000000000217, 0.8760000000000000009, 0.3180000000000000049 ) ) ;
#1845 = AXIS2_PLACEMENT_3D ( 'NONE', #500, #2896, #1689 ) ;
#1846 = PRESENTATION_LAYER_ASSIGNMENT (  '', '', ( #3799 ) ) ;
#1847 = B_SPLINE_CURVE_WITH_KNOTS ( 'NONE', 3,
 ( #1200, #1215, #2119, #2465 ),
 .UNSPECIFIED., .F., .F.,
 ( 4, 4 ),
 ( 0.000000000000000000, 1.000000000000000000 ),
 .UNSPECIFIED. ) ;
#1848 = DIRECTION ( 'NONE',  ( 0.000000000000000000, 0.000000000000000000, 1.000000000000000000 ) ) ;
#1849 = CIRCLE ( 'NONE', #607, 0.1587499999999997802 ) ;
#1850 = ORIENTED_EDGE ( 'NONE', *, *, #3197, .T. ) ;
#1851 = AXIS2_PLACEMENT_3D ( 'NONE', #3068, #653, #592 ) ;
#1852 = EDGE_CURVE ( 'NONE', #900, #1319, #272, .T. ) ;
#1853 = CIRCLE ( 'NONE', #2155, 0.1587499999999997802 ) ;
#1854 = CARTESIAN_POINT ( 'NONE',  ( 2.422999999999999599, -0.8760000000000000009, 0.2380000000000000171 ) ) ;
#1855 = PRESENTATION_LAYER_ASSIGNMENT (  '', '', ( #3740 ) ) ;
#1856 = FACE_OUTER_BOUND ( 'NONE', #1150, .T. ) ;
#1857 = ORIENTED_EDGE ( 'NONE', *, *, #64, .F. ) ;
#1858 = CARTESIAN_POINT ( 'NONE',  ( 2.510887506327666774, -0.8760000000000000009, 0.1383925439670798951 ) ) ;
#1859 = B_SPLINE_CURVE_WITH_KNOTS ( 'NONE', 3,
 ( #194, #3102, #140, #1639 ),
 .UNSPECIFIED., .F., .F.,
 ( 4, 4 ),
 ( 0.000000000000000000, 1.000000000000000000 ),
 .UNSPECIFIED. ) ;
#1860 = ADVANCED_FACE ( 'NONE', ( #2113 ), #3860, .F. ) ;
#1861 = LINE ( 'NONE', #997, #3670 ) ;
#1862 = EDGE_CURVE ( 'NONE', #3834, #479, #329, .T. ) ;
#1863 = ORIENTED_EDGE ( 'NONE', *, *, #2602, .F. ) ;
#1864 = CLOSED_SHELL ( 'NONE', ( #3399, #2774, #160, #904, #180, #1998, #1144, #1322, #3875, #16, #351, #2142, #2455, #2750 ) ) ;
#1865 = LINE ( 'NONE', #635, #3045 ) ;
#1866 = FACE_OUTER_BOUND ( 'NONE', #2722, .T. ) ;
#1867 = CARTESIAN_POINT ( 'NONE',  ( 2.422999999999999599, 0.8760000000000000009, 0.3180000000000000049 ) ) ;
#1868 = CARTESIAN_POINT ( 'NONE',  ( -3.099000000000000199, -1.663999999999999924, 0.07900000000000000078 ) ) ;
#1869 = ORIENTED_EDGE ( 'NONE', *, *, #2019, .F. ) ;
#1870 =( LENGTH_UNIT ( ) NAMED_UNIT ( * ) SI_UNIT ( .MILLI., .METRE. ) );
#1871 = CARTESIAN_POINT ( 'NONE',  ( -2.516000000000000014, 1.663999999999999924, 0.1179999999999999938 ) ) ;
#1872 = VECTOR ( 'NONE', #1413, 1000.000000000000000 ) ;
#1873 = VERTEX_POINT ( 'NONE', #1510 ) ;
#1874 = DIRECTION ( 'NONE',  ( 0.000000000000000000, 0.000000000000000000, -1.000000000000000000 ) ) ;
#1875 = CARTESIAN_POINT ( 'NONE',  ( -3.099000000000000199, 0.3939999999999999614, 0.000000000000000000 ) ) ;
#1876 = ORIENTED_EDGE ( 'NONE', *, *, #1280, .F. ) ;
#1877 = CARTESIAN_POINT ( 'NONE',  ( 3.099000000000000199, -2.145999999999999908, 0.07900000000000000078 ) ) ;
#1878 = COLOUR_RGB ( '',0.7215686274509803821, 0.7215686274509803821, 0.7215686274509803821 ) ;
#1879 = CARTESIAN_POINT ( 'NONE',  ( 2.669999999999999929, -2.145999999999999908, 0.1590000000000000024 ) ) ;
#1880 = EDGE_LOOP ( 'NONE', ( #2395, #379, #496, #1006 ) ) ;
#1881 = CARTESIAN_POINT ( 'NONE',  ( -3.099000000000000199, 2.145999999999999908, 0.000000000000000000 ) ) ;
#1882 = EDGE_CURVE ( 'NONE', #1717, #1419, #3295, .T. ) ;
#1883 = CARTESIAN_POINT ( 'NONE',  ( 2.669999999999999929, -0.8760000000000000009, 0.1590000000000000024 ) ) ;
#1884 = EDGE_CURVE ( 'NONE', #1451, #2311, #2164, .T. ) ;
#1885 = DIRECTION ( 'NONE',  ( -1.000000000000000000, 0.000000000000000000, 0.000000000000000000 ) ) ;
#1886 = DIRECTION ( 'NONE',  ( 0.000000000000000000, 0.000000000000000000, -1.000000000000000000 ) ) ;
#1887 = VERTEX_POINT ( 'NONE', #2999 ) ;
#1888 = SURFACE_STYLE_FILL_AREA ( #3388 ) ;
#1889 = LINE ( 'NONE', #2127, #2848 ) ;
#1890 = ORIENTED_EDGE ( 'NONE', *, *, #3491, .T. ) ;
#1891 = DIRECTION ( 'NONE',  ( 0.000000000000000000, 0.000000000000000000, 1.000000000000000000 ) ) ;
#1892 = DIRECTION ( 'NONE',  ( -0.9658855493432024764, 0.000000000000000000, -0.2589693139543370881 ) ) ;
#1893 = VERTEX_POINT ( 'NONE', #1495 ) ;
#1894 = DIRECTION ( 'NONE',  ( 1.000000000000000000, 0.000000000000000000, 0.000000000000000000 ) ) ;
#1895 = CARTESIAN_POINT ( 'NONE',  ( 2.592999999999999972, -0.3939999999999999614, 0.1379999999999999838 ) ) ;
#1896 = VERTEX_POINT ( 'NONE', #881 ) ;
#1897 = SURFACE_SIDE_STYLE ('',( #708 ) ) ;
#1898 = LINE ( 'NONE', #2842, #67 ) ;
#1899 = EDGE_CURVE ( 'NONE', #3531, #3183, #1732, .T. ) ;
#1900 = CARTESIAN_POINT ( 'NONE',  ( -3.099000000000000199, 0.8760000000000000009, 0.07900000000000000078 ) ) ;
#1901 = CARTESIAN_POINT ( 'NONE',  ( -2.516000000000000014, -1.663999999999999924, 0.1179999999999999938 ) ) ;
#1902 = ORIENTED_EDGE ( 'NONE', *, *, #3642, .T. ) ;
#1903 = CARTESIAN_POINT ( 'NONE',  ( -3.099000000000000199, 0.8760000000000000009, 0.000000000000000000 ) ) ;
#1904 = EDGE_CURVE ( 'NONE', #3373, #1578, #2342, .T. ) ;
#1905 = CARTESIAN_POINT ( 'NONE',  ( 2.669999999999999929, 0.8760000000000000009, 0.07900000000000000078 ) ) ;
#1906 = LINE ( 'NONE', #3623, #3540 ) ;
#1907 = EDGE_CURVE ( 'NONE', #2209, #3719, #2733, .T. ) ;
#1908 = VERTEX_POINT ( 'NONE', #2401 ) ;
#1909 = AXIS2_PLACEMENT_3D ( 'NONE', #441, #1339, #147 ) ;
#1910 = CARTESIAN_POINT ( 'NONE',  ( 1.994000000000000217, -2.145999999999999908, 0.3180000000000000049 ) ) ;
#1911 = DIRECTION ( 'NONE',  ( -1.000000000000000000, 0.000000000000000000, 0.000000000000000000 ) ) ;
#1912 = VECTOR ( 'NONE', #2381, 1000.000000000000000 ) ;
#1913 = VECTOR ( 'NONE', #2271, 1000.000000000000000 ) ;
#1914 = CARTESIAN_POINT ( 'NONE',  ( -2.592999999999999972, 0.8760000000000000009, 0.1379999999999999838 ) ) ;
#1915 = EDGE_LOOP ( 'NONE', ( #208, #165, #981, #2740, #3, #871, #2880, #2747, #1734, #2476, #3272, #2652 ) ) ;
#1916 = CARTESIAN_POINT ( 'NONE',  ( 2.499825768919332170, 0.7153333333333334876, 0.1789547451738525141 ) ) ;
#1917 = CARTESIAN_POINT ( 'NONE',  ( -1.994000000000000217, -2.145999999999999908, 0.2380000000000000171 ) ) ;
#1918 = CLOSED_SHELL ( 'NONE', ( #1300, #2214, #1949, #1395, #391, #1676, #2359, #254, #2554, #2405, #206, #3281, #2262, #2616 ) ) ;
#1919 = CARTESIAN_POINT ( 'NONE',  ( 2.669999999999999929, -0.8760000000000000009, 0.1590000000000000024 ) ) ;
#1920 = CARTESIAN_POINT ( 'NONE',  ( -3.099000000000000199, -2.145999999999999908, 0.000000000000000000 ) ) ;
#1921 = ORIENTED_EDGE ( 'NONE', *, *, #3257, .F. ) ;
#1922 = EDGE_CURVE ( 'NONE', #1493, #238, #1034, .T. ) ;
#1923 = CARTESIAN_POINT ( 'NONE',  ( -2.587098972876761493, -0.8760000000000000009, 0.1586038308920786621 ) ) ;
#1924 = DIRECTION ( 'NONE',  ( 0.000000000000000000, 1.000000000000000000, 0.000000000000000000 ) ) ;
#1925 = ORIENTED_EDGE ( 'NONE', *, *, #990, .T. ) ;
#1926 = EDGE_CURVE ( 'NONE', #1968, #3746, #2049, .T. ) ;
#1927 = EDGE_CURVE ( 'NONE', #1079, #883, #1816, .T. ) ;
#1928 = CARTESIAN_POINT ( 'NONE',  ( 2.516593682343122307, 1.824666666666666437, 0.1181580582861557344 ) ) ;
#1929 = CYLINDRICAL_SURFACE ( 'NONE', #721, 0.09969499999999990869 ) ;
#1930 = DIRECTION ( 'NONE',  ( 0.000000000000000000, 1.000000000000000000, 0.000000000000000000 ) ) ;
#1931 =( GEOMETRIC_REPRESENTATION_CONTEXT ( 3 ) GLOBAL_UNCERTAINTY_ASSIGNED_CONTEXT ( ( #343 ) ) GLOBAL_UNIT_ASSIGNED_CONTEXT ( ( #3157, #1955, #714 ) ) REPRESENTATION_CONTEXT ( 'NONE', 'WORKASPACE' ) );
#1932 = EDGE_LOOP ( 'NONE', ( #1925, #2357, #81, #3739 ) ) ;
#1933 = DIRECTION ( 'NONE',  ( 0.000000000000000000, -1.000000000000000000, 0.000000000000000000 ) ) ;
#1934 = LINE ( 'NONE', #1638, #2064 ) ;
#1935 = CARTESIAN_POINT ( 'NONE',  ( -2.422999999999999599, 0.3939999999999999614, 0.2380000000000000171 ) ) ;
#1936 = DIRECTION ( 'NONE',  ( -0.7931070766835159880, 0.000000000000000000, -0.6090822316522849222 ) ) ;
#1937 = ORIENTED_EDGE ( 'NONE', *, *, #1159, .F. ) ;
#1938 = DIRECTION ( 'NONE',  ( 0.000000000000000000, 0.000000000000000000, 1.000000000000000000 ) ) ;
#1939 = CARTESIAN_POINT ( 'NONE',  ( -1.994000000000000217, -1.663999999999999924, 0.3180000000000000049 ) ) ;
#1940 = LINE ( 'NONE', #2569, #1519 ) ;
#1941 = ORIENTED_EDGE ( 'NONE', *, *, #1019, .F. ) ;
#1942 = EDGE_CURVE ( 'NONE', #327, #1531, #1481, .T. ) ;
#1943 = CARTESIAN_POINT ( 'NONE',  ( 2.422999999999999599, 2.145999999999999908, 0.3180000000000000049 ) ) ;
#1944 = DIRECTION ( 'NONE',  ( 0.000000000000000000, 1.000000000000000000, 0.000000000000000000 ) ) ;
#1945 = CARTESIAN_POINT ( 'NONE',  ( -2.669999999999999929, -1.663999999999999924, 0.07900000000000000078 ) ) ;
#1946 = ORIENTED_EDGE ( 'NONE', *, *, #3728, .T. ) ;
#1947 = ORIENTED_EDGE ( 'NONE', *, *, #1852, .F. ) ;
#1948 = LINE ( 'NONE', #1881, #95 ) ;
#1949 = ADVANCED_FACE ( 'NONE', ( #1753 ), #2766, .T. ) ;
#1950 = AXIS2_PLACEMENT_3D ( 'NONE', #3832, #2062, #2375 ) ;
#1951 = DIRECTION ( 'NONE',  ( 0.000000000000000000, 0.000000000000000000, 1.000000000000000000 ) ) ;
#1952 = CARTESIAN_POINT ( 'NONE',  ( -2.669999999999999929, 2.145999999999999908, 0.000000000000000000 ) ) ;
#1953 = CARTESIAN_POINT ( 'NONE',  ( -2.669999999999999929, 0.3939999999999999614, 0.07900000000000000078 ) ) ;
#1954 = EDGE_LOOP ( 'NONE', ( #1478, #2787, #1291, #3581 ) ) ;
#1955 =( NAMED_UNIT ( * ) PLANE_ANGLE_UNIT ( ) SI_UNIT ( $, .RADIAN. ) );
#1956 = LINE ( 'NONE', #476, #1463 ) ;
#1957 = DIRECTION ( 'NONE',  ( 0.000000000000000000, 0.000000000000000000, 1.000000000000000000 ) ) ;
#1958 = ORIENTED_EDGE ( 'NONE', *, *, #570, .F. ) ;
#1959 = VERTEX_POINT ( 'NONE', #347 ) ;
#1960 = EDGE_LOOP ( 'NONE', ( #3230, #3386, #3768, #3222 ) ) ;
#1961 = AXIS2_PLACEMENT_3D ( 'NONE', #910, #1745, #261 ) ;
#1962 = CIRCLE ( 'NONE', #2850, 0.07937499999999989009 ) ;
#1963 = EDGE_CURVE ( 'NONE', #2046, #1053, #2853, .T. ) ;
#1964 = VECTOR ( 'NONE', #2838, 1000.000000000000000 ) ;
#1965 = AXIS2_PLACEMENT_3D ( 'NONE', #3761, #458, #1361 ) ;
#1966 = CARTESIAN_POINT ( 'NONE',  ( -3.099000000000000199, -0.3939999999999999614, 0.000000000000000000 ) ) ;
#1967 = ORIENTED_EDGE ( 'NONE', *, *, #2244, .T. ) ;
#1968 = VERTEX_POINT ( 'NONE', #76 ) ;
#1969 = SURFACE_STYLE_USAGE ( .BOTH. , #3765 ) ;
#1970 = EDGE_CURVE ( 'NONE', #3719, #1818, #1592, .T. ) ;
#1971 = CARTESIAN_POINT ( 'NONE',  ( 0.000000000000000000, 0.000000000000000000, 0.000000000000000000 ) ) ;
#1972 = EDGE_CURVE ( 'NONE', #1337, #201, #3779, .T. ) ;
#1973 = CARTESIAN_POINT ( 'NONE',  ( 3.099000000000000199, -0.3939999999999999614, 0.000000000000000000 ) ) ;
#1974 = CARTESIAN_POINT ( 'NONE',  ( -2.422999999999999599, -0.8760000000000000009, 0.1590000000000000024 ) ) ;
#1975 = ORIENTED_EDGE ( 'NONE', *, *, #2969, .T. ) ;
#1976 = PLANE ( 'NONE',  #1812 ) ;
#1977 = CARTESIAN_POINT ( 'NONE',  ( -2.669999999999999929, -1.824666666666666437, 0.0002499999999999789717 ) ) ;
#1978 = FACE_OUTER_BOUND ( 'NONE', #794, .T. ) ;
#1979 = ORIENTED_EDGE ( 'NONE', *, *, #1811, .T. ) ;
#1980 = VERTEX_POINT ( 'NONE', #975 ) ;
#1981 = VERTEX_POINT ( 'NONE', #1910 ) ;
#1982 = CARTESIAN_POINT ( 'NONE',  ( -1.178305000000000158, 1.905000000000000027, 1.755000000000000115 ) ) ;
#1983 = CARTESIAN_POINT ( 'NONE',  ( 3.099000000000000199, 1.663999999999999924, 0.07900000000000000078 ) ) ;
#1984 = EDGE_LOOP ( 'NONE', ( #3589, #3874, #2884, #1359 ) ) ;
#1985 = VERTEX_POINT ( 'NONE', #666 ) ;
#1986 = STYLED_ITEM ( 'NONE', ( #2163 ), #3389 ) ;
#1987 = B_SPLINE_CURVE_WITH_KNOTS ( 'NONE', 3,
 ( #1397, #2001, #3207, #1707 ),
 .UNSPECIFIED., .F., .F.,
 ( 4, 4 ),
 ( 0.000000000000000000, 1.000000000000000000 ),
 .UNSPECIFIED. ) ;
#1988 = CARTESIAN_POINT ( 'NONE',  ( -2.500000000000000000, 2.145999999999999908, 0.1789999999999999925 ) ) ;
#1989 = CARTESIAN_POINT ( 'NONE',  ( -2.422999999999999599, 2.145999999999999908, 0.1590000000000000024 ) ) ;
#1990 = VERTEX_POINT ( 'NONE', #1854 ) ;
#1991 = EDGE_CURVE ( 'NONE', #1668, #1299, #1572, .T. ) ;
#1992 = FACE_OUTER_BOUND ( 'NONE', #1210, .T. ) ;
#1993 = CARTESIAN_POINT ( 'NONE',  ( 1.994000000000000217, 2.501999999999999780, 1.752999999999999892 ) ) ;
#1994 = DIRECTION ( 'NONE',  ( -1.000000000000000000, 0.000000000000000000, 0.000000000000000000 ) ) ;
#1995 = CARTESIAN_POINT ( 'NONE',  ( 3.099000000000000199, 0.8760000000000000009, 0.07900000000000000078 ) ) ;
#1996 = VERTEX_POINT ( 'NONE', #2478 ) ;
#1997 = VERTEX_POINT ( 'NONE', #991 ) ;
#1998 = ADVANCED_FACE ( 'NONE', ( #2205 ), #3114, .T. ) ;
#1999 = CARTESIAN_POINT ( 'NONE',  ( -2.422999999999999599, -0.7153333333333334876, 0.3177499999999999769 ) ) ;
#2000 = SURFACE_STYLE_USAGE ( .BOTH. , #757 ) ;
#2001 = CARTESIAN_POINT ( 'NONE',  ( 2.422999999999999599, 0.5546666666666666412, 0.2383749999999999758 ) ) ;
#2002 = ORIENTED_EDGE ( 'NONE', *, *, #1633, .F. ) ;
#2003 = EDGE_LOOP ( 'NONE', ( #2343, #267, #1947, #932 ) ) ;
#2004 = FILL_AREA_STYLE_COLOUR ( '', #153 ) ;
#2005 =( NAMED_UNIT ( * ) PLANE_ANGLE_UNIT ( ) SI_UNIT ( $, .RADIAN. ) );
#2006 = LINE ( 'NONE', #2079, #539 ) ;
#2007 = DIRECTION ( 'NONE',  ( 0.000000000000000000, 0.000000000000000000, -1.000000000000000000 ) ) ;
#2008 = ORIENTED_EDGE ( 'NONE', *, *, #2654, .F. ) ;
#2009 = PLANE ( 'NONE',  #3634 ) ;
#2010 = ADVANCED_FACE ( 'NONE', ( #2187 ), #2458, .T. ) ;
#2011 = AXIS2_PLACEMENT_3D ( 'NONE', #1722, #3270, #2930 ) ;
#2012 = PLANE ( 'NONE',  #3665 ) ;
#2013 = CARTESIAN_POINT ( 'NONE',  ( -3.099000000000000199, -1.663999999999999924, 0.07900000000000000078 ) ) ;
#2014 = CARTESIAN_POINT ( 'NONE',  ( 2.576000000000000068, -0.8760000000000000009, 0.2000000000000000111 ) ) ;
#2015 = VERTEX_POINT ( 'NONE', #3392 ) ;
#2016 = VERTEX_POINT ( 'NONE', #701 ) ;
#2017 = DIRECTION ( 'NONE',  ( 0.000000000000000000, 1.000000000000000000, 0.000000000000000000 ) ) ;
#2018 = ADVANCED_FACE ( 'NONE', ( #1552 ), #383, .F. ) ;
#2019 = EDGE_CURVE ( 'NONE', #3789, #13, #3410, .T. ) ;
#2020 = LINE ( 'NONE', #1770, #43 ) ;
#2021 = ORIENTED_EDGE ( 'NONE', *, *, #24, .F. ) ;
#2022 = VECTOR ( 'NONE', #2528, 1000.000000000000000 ) ;
#2023 = B_SPLINE_CURVE_WITH_KNOTS ( 'NONE', 3,
 ( #3650, #963, #571, #162 ),
 .UNSPECIFIED., .F., .F.,
 ( 4, 4 ),
 ( 0.000000000000000000, 1.000000000000000000 ),
 .UNSPECIFIED. ) ;
#2024 = CIRCLE ( 'NONE', #3003, 0.1587499999999997802 ) ;
#2025 = CARTESIAN_POINT ( 'NONE',  ( -2.516000000000000014, 0.3939999999999999614, 0.1179999999999999938 ) ) ;
#2026 = ORIENTED_EDGE ( 'NONE', *, *, #333, .T. ) ;
#2027 = ORIENTED_EDGE ( 'NONE', *, *, #1351, .F. ) ;
#2028 = VECTOR ( 'NONE', #2788, 1000.000000000000000 ) ;
#2029 = DIRECTION ( 'NONE',  ( 0.000000000000000000, -1.000000000000000000, 0.000000000000000000 ) ) ;
#2030 = CIRCLE ( 'NONE', #2472, 0.1587499999999997802 ) ;
#2031 = PRODUCT_CONTEXT ( 'NONE', #3870, 'mechanical' ) ;
#2032 = VECTOR ( 'NONE', #3407, 1000.000000000000000 ) ;
#2033 = VECTOR ( 'NONE', #2556, 1000.000000000000000 ) ;
#2034 = VECTOR ( 'NONE', #1246, 1000.000000000000000 ) ;
#2035 = CARTESIAN_POINT ( 'NONE',  ( 2.669999999999999929, 1.824666666666666437, 0.07962499999999998745 ) ) ;
#2036 = CARTESIAN_POINT ( 'NONE',  ( -1.994000000000000217, -2.501999999999999780, 1.752999999999999892 ) ) ;
#2037 = ORIENTED_EDGE ( 'NONE', *, *, #3511, .F. ) ;
#2038 = AXIS2_PLACEMENT_3D ( 'NONE', #1469, #2675, #3620 ) ;
#2039 = CIRCLE ( 'NONE', #45, 0.1587499999999997802 ) ;
#2040 = MECHANICAL_DESIGN_GEOMETRIC_PRESENTATION_REPRESENTATION (  '', ( #3740 ), #1157 ) ;
#2041 = CARTESIAN_POINT ( 'NONE',  ( -3.099000000000000199, -1.663999999999999924, 0.000000000000000000 ) ) ;
#2042 = CYLINDRICAL_SURFACE ( 'NONE', #1950, 0.1587500000000000022 ) ;
#2043 = PLANE ( 'NONE',  #3236 ) ;
#2044 = ORIENTED_EDGE ( 'NONE', *, *, #1828, .T. ) ;
#2045 = EDGE_CURVE ( 'NONE', #679, #1344, #2497, .T. ) ;
#2046 = VERTEX_POINT ( 'NONE', #2442 ) ;
#2047 = FACE_OUTER_BOUND ( 'NONE', #849, .T. ) ;
#2048 = CLOSED_SHELL ( 'NONE', ( #300, #1345, #3657, #2521, #2886, #1116, #1564, #2574, #1789, #1207, #2836, #3492, #459, #3777 ) ) ;
#2049 = B_SPLINE_CURVE_WITH_KNOTS ( 'NONE', 3,
 ( #251, #37, #2052, #2025 ),
 .UNSPECIFIED., .F., .F.,
 ( 4, 4 ),
 ( 0.000000000000000000, 1.000000000000000000 ),
 .UNSPECIFIED. ) ;
#2050 = CARTESIAN_POINT ( 'NONE',  ( 2.669999999999999929, 0.5546666666666666412, 0.07962499999999998745 ) ) ;
#2051 = ORIENTED_EDGE ( 'NONE', *, *, #2915, .T. ) ;
#2052 = CARTESIAN_POINT ( 'NONE',  ( -2.516593682343122307, 0.5546666666666666412, 0.1181580582861557344 ) ) ;
#2053 = EDGE_LOOP ( 'NONE', ( #2394, #3273, #1433, #495 ) ) ;
#2054 = ORIENTED_EDGE ( 'NONE', *, *, #2698, .F. ) ;
#2055 =( NAMED_UNIT ( * ) SI_UNIT ( $, .STERADIAN. ) SOLID_ANGLE_UNIT ( ) );
#2056 = CIRCLE ( 'NONE', #179, 0.07937499999999989009 ) ;
#2057 = LINE ( 'NONE', #3265, #120 ) ;
#2058 = DIRECTION ( 'NONE',  ( 0.000000000000000000, 1.000000000000000000, 0.000000000000000000 ) ) ;
#2059 = ORIENTED_EDGE ( 'NONE', *, *, #758, .F. ) ;
#2060 = DIRECTION ( 'NONE',  ( 1.000000000000000000, 0.000000000000000000, 0.000000000000000000 ) ) ;
#2061 = CARTESIAN_POINT ( 'NONE',  ( 2.592999999999999972, -1.663999999999999924, 0.1379999999999999838 ) ) ;
#2062 = DIRECTION ( 'NONE',  ( 0.000000000000000000, -1.000000000000000000, 0.000000000000000000 ) ) ;
#2063 = DIRECTION ( 'NONE',  ( 0.000000000000000000, 0.000000000000000000, 1.000000000000000000 ) ) ;
#2064 = VECTOR ( 'NONE', #1056, 1000.000000000000000 ) ;
#2065 = ORIENTED_EDGE ( 'NONE', *, *, #933, .F. ) ;
#2066 = ORIENTED_EDGE ( 'NONE', *, *, #734, .T. ) ;
#2067 = CARTESIAN_POINT ( 'NONE',  ( -1.994000000000000217, 0.3939999999999999614, 0.3180000000000000049 ) ) ;
#2068 = DIRECTION ( 'NONE',  ( 1.000000000000000000, 0.000000000000000000, 0.000000000000000000 ) ) ;
#2069 = VERTEX_POINT ( 'NONE', #110 ) ;
#2070 = EDGE_CURVE ( 'NONE', #1193, #1227, #220, .T. ) ;
#2071 = CARTESIAN_POINT ( 'NONE',  ( 2.669999999999999929, -0.3939999999999999614, 0.000000000000000000 ) ) ;
#2072 = ORIENTED_EDGE ( 'NONE', *, *, #108, .F. ) ;
#2073 = ORIENTED_EDGE ( 'NONE', *, *, #3428, .F. ) ;
#2074 = DIRECTION ( 'NONE',  ( -0.2589693139543370881, 0.000000000000000000, 0.9658855493432024764 ) ) ;
#2075 = B_SPLINE_CURVE_WITH_KNOTS ( 'NONE', 3,
 ( #429, #1916, #724, #1601 ),
 .UNSPECIFIED., .F., .F.,
 ( 4, 4 ),
 ( 0.000000000000000000, 1.000000000000000000 ),
 .UNSPECIFIED. ) ;
#2076 = MANIFOLD_SOLID_BREP ( 'Imported8', #3558 ) ;
#2077 = EDGE_CURVE ( 'NONE', #3183, #2225, #1849, .T. ) ;
#2078 = CARTESIAN_POINT ( 'NONE',  ( 1.994000000000000217, -0.3939999999999999614, 0.2380000000000000171 ) ) ;
#2079 = CARTESIAN_POINT ( 'NONE',  ( 1.994000000000000217, -2.145999999999999908, 0.3180000000000000049 ) ) ;
#2080 = DIRECTION ( 'NONE',  ( 0.000000000000000000, 1.000000000000000000, 0.000000000000000000 ) ) ;
#2081 = FACE_OUTER_BOUND ( 'NONE', #1204, .T. ) ;
#2082 = DIRECTION ( 'NONE',  ( 0.7931070766835159880, 0.000000000000000000, 0.6090822316522849222 ) ) ;
#2083 = DIRECTION ( 'NONE',  ( 0.000000000000000000, 0.000000000000000000, 1.000000000000000000 ) ) ;
#2084 = ORIENTED_EDGE ( 'NONE', *, *, #1370, .F. ) ;
#2085 = ORIENTED_EDGE ( 'NONE', *, *, #3778, .T. ) ;
#2086 = CARTESIAN_POINT ( 'NONE',  ( 1.994000000000000217, -1.663999999999999924, 0.3180000000000000049 ) ) ;
#2087 = B_SPLINE_CURVE_WITH_KNOTS ( 'NONE', 3,
 ( #3818, #1999, #2935, #1750 ),
 .UNSPECIFIED., .F., .F.,
 ( 4, 4 ),
 ( 0.000000000000000000, 1.000000000000000000 ),
 .UNSPECIFIED. ) ;
#2088 = FACE_OUTER_BOUND ( 'NONE', #3796, .T. ) ;
#2089 = ORIENTED_EDGE ( 'NONE', *, *, #417, .T. ) ;
#2090 = CARTESIAN_POINT ( 'NONE',  ( 2.669999999999999929, -0.8760000000000000009, 0.000000000000000000 ) ) ;
#2091 = EDGE_LOOP ( 'NONE', ( #1010, #3452, #3500, #1825 ) ) ;
#2092 = ORIENTED_EDGE ( 'NONE', *, *, #909, .F. ) ;
#2093 = EDGE_CURVE ( 'NONE', #3862, #818, #2322, .T. ) ;
#2094 = B_SPLINE_CURVE_WITH_KNOTS ( 'NONE', 3,
 ( #3086, #2757, #949, #1521 ),
 .UNSPECIFIED., .F., .F.,
 ( 4, 4 ),
 ( 0.000000000000000000, 1.000000000000000000 ),
 .UNSPECIFIED. ) ;
#2095 = VECTOR ( 'NONE', #641, 1000.000000000000000 ) ;
#2096 = CARTESIAN_POINT ( 'NONE',  ( -1.994000000000000217, 0.8760000000000000009, 0.2380000000000000171 ) ) ;
#2097 = CARTESIAN_POINT ( 'NONE',  ( 2.669999999999999929, 2.145999999999999908, 0.07900000000000000078 ) ) ;
#2098 = VECTOR ( 'NONE', #3699, 1000.000000000000000 ) ;
#2099 = DIRECTION ( 'NONE',  ( 1.000000000000000000, 0.000000000000000000, 0.000000000000000000 ) ) ;
#2100 = CIRCLE ( 'NONE', #3797, 0.09969499999999990869 ) ;
#2101 = EDGE_CURVE ( 'NONE', #322, #428, #740, .T. ) ;
#2102 = CARTESIAN_POINT ( 'NONE',  ( -2.592999999999999972, 2.145999999999999908, 0.1379999999999999838 ) ) ;
#2103 = EDGE_CURVE ( 'NONE', #456, #489, #1597, .T. ) ;
#2104 = CIRCLE ( 'NONE', #782, 0.1587499999999997802 ) ;
#2105 = FACE_OUTER_BOUND ( 'NONE', #2976, .T. ) ;
#2106 = FACE_OUTER_BOUND ( 'NONE', #627, .T. ) ;
#2107 = ORIENTED_EDGE ( 'NONE', *, *, #1236, .F. ) ;
#2108 = ORIENTED_EDGE ( 'NONE', *, *, #2335, .T. ) ;
#2109 = LINE ( 'NONE', #3312, #2943 ) ;
#2110 = VECTOR ( 'NONE', #1503, 1000.000000000000000 ) ;
#2111 = CARTESIAN_POINT ( 'NONE',  ( 2.422999999999999599, -1.985333333333333394, 0.2383749999999999758 ) ) ;
#2112 = ORIENTED_EDGE ( 'NONE', *, *, #2967, .T. ) ;
#2113 = FACE_OUTER_BOUND ( 'NONE', #2463, .T. ) ;
#2114 = ORIENTED_EDGE ( 'NONE', *, *, #2843, .F. ) ;
#2115 = ORIENTED_EDGE ( 'NONE', *, *, #564, .F. ) ;
#2116 = CYLINDRICAL_SURFACE ( 'NONE', #158, 0.07937499999999998723 ) ;
#2117 = DIRECTION ( 'NONE',  ( 0.7931070766835159880, 0.000000000000000000, -0.6090822316522849222 ) ) ;
#2118 = DIRECTION ( 'NONE',  ( -1.000000000000000000, 0.000000000000000000, 0.000000000000000000 ) ) ;
#2119 = CARTESIAN_POINT ( 'NONE',  ( -2.669999999999999929, 0.7153333333333334876, 0.0002499999999999789717 ) ) ;
#2120 = EDGE_CURVE ( 'NONE', #360, #1832, #2876, .T. ) ;
#2121 = CARTESIAN_POINT ( 'NONE',  ( -3.099000000000000199, -1.663999999999999924, 0.07900000000000000078 ) ) ;
#2122 = CARTESIAN_POINT ( 'NONE',  ( -1.278000000000000025, 1.905000000000000027, 1.752999999999999892 ) ) ;
#2123 = ORIENTED_EDGE ( 'NONE', *, *, #2326, .F. ) ;
#2124 = CIRCLE ( 'NONE', #1427, 0.1587499999999997802 ) ;
#2125 = SURFACE_STYLE_USAGE ( .BOTH. , #73 ) ;
#2126 = VECTOR ( 'NONE', #1349, 1000.000000000000000 ) ;
#2127 = CARTESIAN_POINT ( 'NONE',  ( -2.422999999999999599, -2.145999999999999908, 0.2380000000000000171 ) ) ;
#2128 = EDGE_CURVE ( 'NONE', #702, #1095, #2281, .T. ) ;
#2129 = ADVANCED_FACE ( 'NONE', ( #2834 ), #3185, .T. ) ;
#2130 = EDGE_LOOP ( 'NONE', ( #657, #992, #3863, #1127, #3189, #1708, #1399, #803, #388, #3701, #667, #2960 ) ) ;
#2131 = PRESENTATION_STYLE_ASSIGNMENT (( #646 ) ) ;
#2132 = ORIENTED_EDGE ( 'NONE', *, *, #626, .F. ) ;
#2133 = ORIENTED_EDGE ( 'NONE', *, *, #535, .F. ) ;
#2134 = FACE_OUTER_BOUND ( 'NONE', #2091, .T. ) ;
#2135 = DIRECTION ( 'NONE',  ( 1.000000000000000000, 0.000000000000000000, 0.000000000000000000 ) ) ;
#2136 = DIRECTION ( 'NONE',  ( -0.7931070766835159880, 0.000000000000000000, -0.6090822316522849222 ) ) ;
#2137 = CARTESIAN_POINT ( 'NONE',  ( -2.499825768919332170, -1.824666666666666437, 0.1789547451738525141 ) ) ;
#2138 = CARTESIAN_POINT ( 'NONE',  ( 2.422999999999999599, -0.3939999999999999614, 0.1590000000000000024 ) ) ;
#2139 = CYLINDRICAL_SURFACE ( 'NONE', #392, 0.1587500000000000022 ) ;
#2140 = DIRECTION ( 'NONE',  ( 0.000000000000000000, 0.000000000000000000, 1.000000000000000000 ) ) ;
#2141 = VERTEX_POINT ( 'NONE', #2855 ) ;
#2142 = ADVANCED_FACE ( 'NONE', ( #815 ), #2534, .T. ) ;
#2143 = SURFACE_SIDE_STYLE ('',( #3622 ) ) ;
#2144 = CARTESIAN_POINT ( 'NONE',  ( 2.516000000000000014, 0.8760000000000000009, 0.1179999999999999938 ) ) ;
#2145 = ORIENTED_EDGE ( 'NONE', *, *, #1019, .T. ) ;
#2146 = EDGE_CURVE ( 'NONE', #2278, #1110, #1378, .T. ) ;
#2147 = CARTESIAN_POINT ( 'NONE',  ( -2.422999999999999599, 0.8760000000000000009, 0.1590000000000000024 ) ) ;
#2148 = VERTEX_POINT ( 'NONE', #3431 ) ;
#2149 = ORIENTED_EDGE ( 'NONE', *, *, #3710, .T. ) ;
#2150 = CARTESIAN_POINT ( 'NONE',  ( 1.994000000000000217, 1.663999999999999924, 0.2380000000000000171 ) ) ;
#2151 = B_SPLINE_CURVE_WITH_KNOTS ( 'NONE', 3,
 ( #2767, #1285, #77, #403 ),
 .UNSPECIFIED., .F., .F.,
 ( 4, 4 ),
 ( 0.000000000000000000, 1.000000000000000000 ),
 .UNSPECIFIED. ) ;
#2152 = CARTESIAN_POINT ( 'NONE',  ( 2.669999999999999929, -2.145999999999999908, 0.07900000000000000078 ) ) ;
#2153 = CARTESIAN_POINT ( 'NONE',  ( 2.422999999999999599, 0.3939999999999999614, 0.2380000000000000171 ) ) ;
#2154 = FACE_OUTER_BOUND ( 'NONE', #2130, .T. ) ;
#2155 = AXIS2_PLACEMENT_3D ( 'NONE', #198, #1682, #1335 ) ;
#2156 = CARTESIAN_POINT ( 'NONE',  ( 2.500000000000000000, 2.145999999999999908, 0.1789999999999999925 ) ) ;
#2157 = VECTOR ( 'NONE', #74, 1000.000000000000000 ) ;
#2158 = AXIS2_PLACEMENT_3D ( 'NONE', #2831, #2552, #2568 ) ;
#2159 = DIRECTION ( 'NONE',  ( 0.000000000000000000, -1.000000000000000000, 0.000000000000000000 ) ) ;
#2160 = CARTESIAN_POINT ( 'NONE',  ( -1.994000000000000217, 1.663999999999999924, 0.3180000000000000049 ) ) ;
#2161 = ORIENTED_EDGE ( 'NONE', *, *, #3303, .T. ) ;
#2162 =( GEOMETRIC_REPRESENTATION_CONTEXT ( 3 ) GLOBAL_UNCERTAINTY_ASSIGNED_CONTEXT ( ( #2422 ) ) GLOBAL_UNIT_ASSIGNED_CONTEXT ( ( #2808, #3380, #3724 ) ) REPRESENTATION_CONTEXT ( 'NONE', 'WORKASPACE' ) );
#2163 = PRESENTATION_STYLE_ASSIGNMENT (( #380 ) ) ;
#2164 = CIRCLE ( 'NONE', #1526, 0.1587499999999997802 ) ;
#2165 = VECTOR ( 'NONE', #1911, 1000.000000000000000 ) ;
#2166 = DIRECTION ( 'NONE',  ( 0.000000000000000000, -1.000000000000000000, 0.000000000000000000 ) ) ;
#2167 = ORIENTED_EDGE ( 'NONE', *, *, #345, .T. ) ;
#2168 = AXIS2_PLACEMENT_3D ( 'NONE', #2160, #3364, #2992 ) ;
#2169 = MANIFOLD_SOLID_BREP ( 'Imported9', #1918 ) ;
#2170 = EDGE_CURVE ( 'NONE', #252, #546, #2321, .T. ) ;
#2171 = DIRECTION ( 'NONE',  ( 0.000000000000000000, 1.000000000000000000, 0.000000000000000000 ) ) ;
#2172 = CARTESIAN_POINT ( 'NONE',  ( -2.669999999999999929, -1.663999999999999924, 0.000000000000000000 ) ) ;
#2173 = EDGE_LOOP ( 'NONE', ( #612, #1375, #1296, #2318 ) ) ;
#2174 = LINE ( 'NONE', #720, #3858 ) ;
#2175 = CARTESIAN_POINT ( 'NONE',  ( 2.581549486438380558, -0.3939999999999999614, 0.1793019154460393227 ) ) ;
#2176 = VERTEX_POINT ( 'NONE', #2245 ) ;
#2177 = PLANE ( 'NONE',  #1281 ) ;
#2178 = CARTESIAN_POINT ( 'NONE',  ( 1.994000000000000217, 1.663999999999999924, 0.2380000000000000171 ) ) ;
#2179 = DIRECTION ( 'NONE',  ( 1.000000000000000000, 0.000000000000000000, 0.000000000000000000 ) ) ;
#2180 = CARTESIAN_POINT ( 'NONE',  ( 2.516000000000000014, 1.663999999999999924, 0.1179999999999999938 ) ) ;
#2181 = ORIENTED_EDGE ( 'NONE', *, *, #820, .T. ) ;
#2182 = FILL_AREA_STYLE_COLOUR ( '', #3448 ) ;
#2183 = CARTESIAN_POINT ( 'NONE',  ( -2.669999999999999929, 1.985333333333333394, 0.07962499999999998745 ) ) ;
#2184 = VECTOR ( 'NONE', #2389, 1000.000000000000000 ) ;
#2185 = ORIENTED_EDGE ( 'NONE', *, *, #3401, .F. ) ;
#2186 = VECTOR ( 'NONE', #3028, 1000.000000000000000 ) ;
#2187 = FACE_OUTER_BOUND ( 'NONE', #558, .T. ) ;
#2188 = ORIENTED_EDGE ( 'NONE', *, *, #87, .F. ) ;
#2189 = ORIENTED_EDGE ( 'NONE', *, *, #2997, .T. ) ;
#2190 = CARTESIAN_POINT ( 'NONE',  ( 2.669999999999999929, 0.5546666666666666412, 0.0002499999999999789717 ) ) ;
#2191 = MECHANICAL_DESIGN_GEOMETRIC_PRESENTATION_REPRESENTATION (  '', ( #436 ), #3011 ) ;
#2192 = ADVANCED_FACE ( 'NONE', ( #3602 ), #2399, .T. ) ;
#2193 = FACE_OUTER_BOUND ( 'NONE', #1567, .T. ) ;
#2194 = ORIENTED_EDGE ( 'NONE', *, *, #2779, .F. ) ;
#2195 = LINE ( 'NONE', #3118, #1033 ) ;
#2196 = LINE ( 'NONE', #1293, #2818 ) ;
#2197 = EDGE_CURVE ( 'NONE', #818, #2362, #540, .T. ) ;
#2198 = DIRECTION ( 'NONE',  ( 0.000000000000000000, 1.000000000000000000, 0.000000000000000000 ) ) ;
#2199 = CARTESIAN_POINT ( 'NONE',  ( 2.669999999999999929, 1.663999999999999924, 0.07900000000000000078 ) ) ;
#2200 = VERTEX_POINT ( 'NONE', #1792 ) ;
#2201 = DIRECTION ( 'NONE',  ( 0.000000000000000000, 1.000000000000000000, 0.000000000000000000 ) ) ;
#2202 = PLANE ( 'NONE',  #2596 ) ;
#2203 = LINE ( 'NONE', #3408, #1029 ) ;
#2204 = ORIENTED_EDGE ( 'NONE', *, *, #3880, .T. ) ;
#2205 = FACE_OUTER_BOUND ( 'NONE', #2549, .T. ) ;
#2206 = ORIENTED_EDGE ( 'NONE', *, *, #129, .F. ) ;
#2207 = DIRECTION ( 'NONE',  ( 0.000000000000000000, 0.000000000000000000, -1.000000000000000000 ) ) ;
#2208 = DIRECTION ( 'NONE',  ( 0.000000000000000000, 0.000000000000000000, 1.000000000000000000 ) ) ;
#2209 = VERTEX_POINT ( 'NONE', #3837 ) ;
#2210 = EDGE_CURVE ( 'NONE', #1996, #1227, #3426, .T. ) ;
#2211 = CARTESIAN_POINT ( 'NONE',  ( 2.669999999999999929, -1.824666666666666437, 0.0002499999999999789717 ) ) ;
#2212 = LINE ( 'NONE', #3416, #2691 ) ;
#2213 = EDGE_CURVE ( 'NONE', #1444, #630, #727, .T. ) ;
#2214 = ADVANCED_FACE ( 'NONE', ( #2996 ), #266, .T. ) ;
#2215 = DIRECTION ( 'NONE',  ( 0.2589693139543370881, 0.000000000000000000, 0.9658855493432024764 ) ) ;
#2216 = CARTESIAN_POINT ( 'NONE',  ( -2.516000000000000014, -2.145999999999999908, 0.1179999999999999938 ) ) ;
#2217 = ORIENTED_EDGE ( 'NONE', *, *, #1609, .T. ) ;
#2218 = EDGE_CURVE ( 'NONE', #2793, #2148, #2020, .T. ) ;
#2219 = B_SPLINE_CURVE_WITH_KNOTS ( 'NONE', 3,
 ( #3629, #944, #651, #1835 ),
 .UNSPECIFIED., .F., .F.,
 ( 4, 4 ),
 ( 0.000000000000000000, 1.000000000000000000 ),
 .UNSPECIFIED. ) ;
#2220 = CARTESIAN_POINT ( 'NONE',  ( -2.499825768919332170, 0.7153333333333334876, 0.1789547451738525141 ) ) ;
#2221 = CIRCLE ( 'NONE', #2466, 0.1587499999999997802 ) ;
#2222 = DIRECTION ( 'NONE',  ( 0.000000000000000000, 0.000000000000000000, -1.000000000000000000 ) ) ;
#2223 = VECTOR ( 'NONE', #1088, 1000.000000000000000 ) ;
#2224 = DIRECTION ( 'NONE',  ( -1.000000000000000000, 0.000000000000000000, 0.000000000000000000 ) ) ;
#2225 = VERTEX_POINT ( 'NONE', #1435 ) ;
#2226 = VECTOR ( 'NONE', #2074, 1000.000000000000000 ) ;
#2227 = AXIS2_PLACEMENT_3D ( 'NONE', #3856, #2656, #1492 ) ;
#2228 = AXIS2_PLACEMENT_3D ( 'NONE', #3821, #169, #1379 ) ;
#2229 = DIRECTION ( 'NONE',  ( 0.000000000000000000, 1.000000000000000000, 0.000000000000000000 ) ) ;
#2230 = AXIS2_PLACEMENT_3D ( 'NONE', #247, #2975, #3565 ) ;
#2231 = VECTOR ( 'NONE', #967, 1000.000000000000000 ) ;
#2232 = CARTESIAN_POINT ( 'NONE',  ( -2.593421871689254754, 0.7153333333333334876, 0.1381150559152513890 ) ) ;
#2233 = EDGE_LOOP ( 'NONE', ( #3128, #2324, #3499, #3414, #2066, #3537, #1773, #230, #1044, #1691, #2204, #3805 ) ) ;
#2234 = DIRECTION ( 'NONE',  ( 0.000000000000000000, 0.000000000000000000, 1.000000000000000000 ) ) ;
#2235 = DIRECTION ( 'NONE',  ( 0.7931070766835158770, 0.000000000000000000, 0.6090822316522849222 ) ) ;
#2236 = DIRECTION ( 'NONE',  ( 0.000000000000000000, 1.000000000000000000, 0.000000000000000000 ) ) ;
#2237 = LINE ( 'NONE', #103, #1913 ) ;
#2238 = ORIENTED_EDGE ( 'NONE', *, *, #3642, .F. ) ;
#2239 = CARTESIAN_POINT ( 'NONE',  ( 2.422999999999999599, -1.824666666666666437, 0.3177499999999999769 ) ) ;
#2240 = ADVANCED_FACE ( 'NONE', ( #2088 ), #2936, .T. ) ;
#2241 = CARTESIAN_POINT ( 'NONE',  ( -1.994000000000000217, 0.8760000000000000009, 0.2380000000000000171 ) ) ;
#2242 = PLANE ( 'NONE',  #465 ) ;
#2243 = ORIENTED_EDGE ( 'NONE', *, *, #1229, .T. ) ;
#2244 = EDGE_CURVE ( 'NONE', #3223, #3073, #1406, .T. ) ;
#2245 = CARTESIAN_POINT ( 'NONE',  ( -2.500000000000000000, -2.145999999999999908, 0.1789999999999999925 ) ) ;
#2246 = CARTESIAN_POINT ( 'NONE',  ( 2.505443753163833165, -0.8760000000000000009, 0.1586962719835399438 ) ) ;
#2247 = VECTOR ( 'NONE', #2396, 1000.000000000000000 ) ;
#2248 = CARTESIAN_POINT ( 'NONE',  ( 2.422999999999999599, -2.145999999999999908, 0.2380000000000000171 ) ) ;
#2249 = CIRCLE ( 'NONE', #435, 0.07937499999999989009 ) ;
#2250 = VERTEX_POINT ( 'NONE', #287 ) ;
#2251 = VERTEX_POINT ( 'NONE', #624 ) ;
#2252 = CARTESIAN_POINT ( 'NONE',  ( 2.516000000000000014, -0.3939999999999999614, 0.1179999999999999938 ) ) ;
#2253 = SHAPE_DEFINITION_REPRESENTATION ( #1737, #3205 ) ;
#2254 = DIRECTION ( 'NONE',  ( 0.2589693139543370881, 0.000000000000000000, 0.9658855493432024764 ) ) ;
#2255 = DIRECTION ( 'NONE',  ( -1.000000000000000000, 0.000000000000000000, 0.000000000000000000 ) ) ;
#2256 = ORIENTED_EDGE ( 'NONE', *, *, #707, .F. ) ;
#2257 = CYLINDRICAL_SURFACE ( 'NONE', #3483, 0.07937500000000000111 ) ;
#2258 = DIRECTION ( 'NONE',  ( -1.000000000000000000, 0.000000000000000000, 0.000000000000000000 ) ) ;
#2259 = DIRECTION ( 'NONE',  ( 0.000000000000000000, -1.000000000000000000, 0.000000000000000000 ) ) ;
#2260 = EDGE_CURVE ( 'NONE', #1686, #567, #2891, .T. ) ;
#2261 = ORIENTED_EDGE ( 'NONE', *, *, #2990, .T. ) ;
#2262 = ADVANCED_FACE ( 'NONE', ( #916 ), #2696, .T. ) ;
#2263 = CARTESIAN_POINT ( 'NONE',  ( 3.099000000000000199, 1.663999999999999924, 0.000000000000000000 ) ) ;
#2264 = EDGE_CURVE ( 'NONE', #1684, #621, #1297, .T. ) ;
#2265 = CARTESIAN_POINT ( 'NONE',  ( -3.099000000000000199, 2.145999999999999908, 0.07900000000000000078 ) ) ;
#2266 = ORIENTED_EDGE ( 'NONE', *, *, #1927, .F. ) ;
#2267 = EDGE_LOOP ( 'NONE', ( #2494, #2541, #844, #1432 ) ) ;
#2268 = FACE_OUTER_BOUND ( 'NONE', #3607, .T. ) ;
#2269 = B_SPLINE_CURVE_WITH_KNOTS ( 'NONE', 3,
 ( #814, #204, #1393, #2592 ),
 .UNSPECIFIED., .F., .F.,
 ( 4, 4 ),
 ( 0.000000000000000000, 1.000000000000000000 ),
 .UNSPECIFIED. ) ;
#2270 = CYLINDRICAL_SURFACE ( 'NONE', #1271, 0.07937500000000000111 ) ;
#2271 = DIRECTION ( 'NONE',  ( 0.000000000000000000, -1.000000000000000000, 0.000000000000000000 ) ) ;
#2272 = VERTEX_POINT ( 'NONE', #1729 ) ;
#2273 = DIRECTION ( 'NONE',  ( 0.000000000000000000, 0.000000000000000000, -1.000000000000000000 ) ) ;
#2274 = DIRECTION ( 'NONE',  ( 0.000000000000000000, 0.000000000000000000, -1.000000000000000000 ) ) ;
#2275 = CARTESIAN_POINT ( 'NONE',  ( -1.994000000000000217, -1.663999999999999924, 0.2380000000000000171 ) ) ;
#2276 = ORIENTED_EDGE ( 'NONE', *, *, #3234, .F. ) ;
#2277 = ORIENTED_EDGE ( 'NONE', *, *, #3282, .F. ) ;
#2278 = VERTEX_POINT ( 'NONE', #2361 ) ;
#2279 = CARTESIAN_POINT ( 'NONE',  ( 2.422999999999999599, 2.145999999999999908, 0.1590000000000000024 ) ) ;
#2280 = AXIS2_PLACEMENT_3D ( 'NONE', #1093, #1442, #3554 ) ;
#2281 = LINE ( 'NONE', #457, #1528 ) ;
#2282 = COLOUR_RGB ( '',0.1921568627450980227, 0.1921568627450980227, 0.1921568627450980227 ) ;
#2283 = EDGE_CURVE ( 'NONE', #732, #2362, #878, .T. ) ;
#2284 = AXIS2_PLACEMENT_3D ( 'NONE', #1599, #1015, #2208 ) ;
#2285 = EDGE_CURVE ( 'NONE', #3704, #3073, #2841, .T. ) ;
#2286 =( GEOMETRIC_REPRESENTATION_CONTEXT ( 3 ) GLOBAL_UNCERTAINTY_ASSIGNED_CONTEXT ( ( #107 ) ) GLOBAL_UNIT_ASSIGNED_CONTEXT ( ( #2982, #2445, #3023 ) ) REPRESENTATION_CONTEXT ( 'NONE', 'WORKASPACE' ) );
#2287 = DIRECTION ( 'NONE',  ( 0.000000000000000000, 1.000000000000000000, 0.000000000000000000 ) ) ;
#2288 = ORIENTED_EDGE ( 'NONE', *, *, #19, .T. ) ;
#2289 = ORIENTED_EDGE ( 'NONE', *, *, #3018, .T. ) ;
#2290 = FACE_OUTER_BOUND ( 'NONE', #574, .T. ) ;
#2291 = ADVANCED_FACE ( 'NONE', ( #3543 ), #2615, .T. ) ;
#2292 = EDGE_CURVE ( 'NONE', #2200, #2640, #3346, .T. ) ;
#2293 = CARTESIAN_POINT ( 'NONE',  ( 2.669999999999999929, 2.145999999999999908, 0.07900000000000000078 ) ) ;
#2294 = DIRECTION ( 'NONE',  ( 0.000000000000000000, 0.000000000000000000, -1.000000000000000000 ) ) ;
#2295 = ORIENTED_EDGE ( 'NONE', *, *, #3370, .F. ) ;
#2296 = CARTESIAN_POINT ( 'NONE',  ( -2.422999999999999599, 0.3939999999999999614, 0.1590000000000000024 ) ) ;
#2297 = DIRECTION ( 'NONE',  ( 1.000000000000000000, 0.000000000000000000, 0.000000000000000000 ) ) ;
#2298 = CARTESIAN_POINT ( 'NONE',  ( -1.278000000000000025, 1.905000000000000027, 1.752999999999999892 ) ) ;
#2299 = ORIENTED_EDGE ( 'NONE', *, *, #41, .F. ) ;
#2300 = ORIENTED_EDGE ( 'NONE', *, *, #2077, .F. ) ;
#2301 = CARTESIAN_POINT ( 'NONE',  ( -3.099000000000000199, 2.145999999999999908, 0.07900000000000000078 ) ) ;
#2302 = CARTESIAN_POINT ( 'NONE',  ( -2.669999999999999929, -2.145999999999999908, 0.07900000000000000078 ) ) ;
#2303 = ORIENTED_EDGE ( 'NONE', *, *, #693, .F. ) ;
#2304 = ORIENTED_EDGE ( 'NONE', *, *, #1047, .T. ) ;
#2305 = CARTESIAN_POINT ( 'NONE',  ( -1.278000000000000025, 1.905000000000000027, 1.752999999999999892 ) ) ;
#2306 = EDGE_CURVE ( 'NONE', #3834, #579, #3678, .T. ) ;
#2307 = PRESENTATION_STYLE_ASSIGNMENT (( #1114 ) ) ;
#2308 = AXIS2_PLACEMENT_3D ( 'NONE', #83, #3085, #3711 ) ;
#2309 = DIRECTION ( 'NONE',  ( 1.000000000000000000, 0.000000000000000000, 0.000000000000000000 ) ) ;
#2310 = CARTESIAN_POINT ( 'NONE',  ( -1.994000000000000217, -0.8760000000000000009, 0.3180000000000000049 ) ) ;
#2311 = VERTEX_POINT ( 'NONE', #680 ) ;
#2312 = EDGE_CURVE ( 'NONE', #1717, #2457, #1260, .T. ) ;
#2313 = DIRECTION ( 'NONE',  ( -1.000000000000000000, 0.000000000000000000, 0.000000000000000000 ) ) ;
#2314 = EDGE_CURVE ( 'NONE', #3170, #1752, #1507, .T. ) ;
#2315 = DIRECTION ( 'NONE',  ( 0.000000000000000000, 0.000000000000000000, 1.000000000000000000 ) ) ;
#2316 = DIRECTION ( 'NONE',  ( -0.7931070766835158770, 0.000000000000000000, 0.6090822316522849222 ) ) ;
#2317 = LINE ( 'NONE', #3288, #548 ) ;
#2318 = ORIENTED_EDGE ( 'NONE', *, *, #1727, .F. ) ;
#2319 = VERTEX_POINT ( 'NONE', #2763 ) ;
#2320 = FACE_OUTER_BOUND ( 'NONE', #3290, .T. ) ;
#2321 = LINE ( 'NONE', #2339, #536 ) ;
#2322 = B_SPLINE_CURVE_WITH_KNOTS ( 'NONE', 3,
 ( #1943, #3166, #3776, #167 ),
 .UNSPECIFIED., .F., .F.,
 ( 4, 4 ),
 ( 0.000000000000000000, 1.000000000000000000 ),
 .UNSPECIFIED. ) ;
#2323 = PLANE ( 'NONE',  #2228 ) ;
#2324 = ORIENTED_EDGE ( 'NONE', *, *, #3038, .T. ) ;
#2325 = ORIENTED_EDGE ( 'NONE', *, *, #2756, .F. ) ;
#2326 = EDGE_CURVE ( 'NONE', #2209, #3316, #1153, .T. ) ;
#2327 = CARTESIAN_POINT ( 'NONE',  ( 2.500000000000000000, 1.663999999999999924, 0.1789999999999999925 ) ) ;
#2328 = DIRECTION ( 'NONE',  ( 0.7931070766835158770, 0.000000000000000000, 0.6090822316522849222 ) ) ;
#2329 = VERTEX_POINT ( 'NONE', #698 ) ;
#2330 = DIRECTION ( 'NONE',  ( 0.000000000000000000, 1.000000000000000000, 0.000000000000000000 ) ) ;
#2331 = EDGE_CURVE ( 'NONE', #1412, #327, #2491, .T. ) ;
#2332 = CARTESIAN_POINT ( 'NONE',  ( 1.994000000000000217, 1.663999999999999924, 0.2380000000000000171 ) ) ;
#2333 = FACE_OUTER_BOUND ( 'NONE', #2367, .T. ) ;
#2334 = DIRECTION ( 'NONE',  ( 0.000000000000000000, -1.000000000000000000, 0.000000000000000000 ) ) ;
#2335 = EDGE_CURVE ( 'NONE', #3538, #2319, #1889, .T. ) ;
#2336 = ORIENTED_EDGE ( 'NONE', *, *, #1907, .F. ) ;
#2337 = ORIENTED_EDGE ( 'NONE', *, *, #3424, .T. ) ;
#2338 = LINE ( 'NONE', #3184, #1306 ) ;
#2339 = CARTESIAN_POINT ( 'NONE',  ( 1.994000000000000217, -0.3939999999999999614, 0.3180000000000000049 ) ) ;
#2340 = UNCERTAINTY_MEASURE_WITH_UNIT (LENGTH_MEASURE( 1.000000000000000082E-05 ), #1870, 'distance_accuracy_value', 'NONE');
#2341 = ORIENTED_EDGE ( 'NONE', *, *, #2697, .T. ) ;
#2342 = LINE ( 'NONE', #2425, #2412 ) ;
#2343 = ORIENTED_EDGE ( 'NONE', *, *, #1658, .T. ) ;
#2344 = ORIENTED_EDGE ( 'NONE', *, *, #424, .T. ) ;
#2345 = CARTESIAN_POINT ( 'NONE',  ( -2.422999999999999599, 1.663999999999999924, 0.1590000000000000024 ) ) ;
#2346 = VECTOR ( 'NONE', #3318, 1000.000000000000000 ) ;
#2347 = CARTESIAN_POINT ( 'NONE',  ( 2.592999999999999972, 2.145999999999999908, 0.1379999999999999838 ) ) ;
#2348 = CARTESIAN_POINT ( 'NONE',  ( -2.576000000000000068, 0.8760000000000000009, 0.2000000000000000111 ) ) ;
#2349 = ORIENTED_EDGE ( 'NONE', *, *, #2709, .T. ) ;
#2350 = AXIS2_PLACEMENT_3D ( 'NONE', #3833, #1766, #2334 ) ;
#2351 = CARTESIAN_POINT ( 'NONE',  ( -2.422999999999999599, -2.145999999999999908, 0.2380000000000000171 ) ) ;
#2352 = AXIS2_PLACEMENT_3D ( 'NONE', #2986, #2947, #523 ) ;
#2353 = PRESENTATION_LAYER_ASSIGNMENT (  '', '', ( #1091 ) ) ;
#2354 = DIRECTION ( 'NONE',  ( 0.000000000000000000, 0.000000000000000000, -1.000000000000000000 ) ) ;
#2355 = CARTESIAN_POINT ( 'NONE',  ( -2.669999999999999929, -0.8760000000000000009, 0.07900000000000000078 ) ) ;
#2356 = CYLINDRICAL_SURFACE ( 'NONE', #48, 0.07937500000000000111 ) ;
#2357 = ORIENTED_EDGE ( 'NONE', *, *, #1882, .T. ) ;
#2358 = ORIENTED_EDGE ( 'NONE', *, *, #3127, .F. ) ;
#2359 = ADVANCED_FACE ( 'NONE', ( #3036 ), #1548, .T. ) ;
#2360 = DIRECTION ( 'NONE',  ( -1.000000000000000000, 0.000000000000000000, 0.000000000000000000 ) ) ;
#2361 = CARTESIAN_POINT ( 'NONE',  ( 1.994000000000000217, 0.8760000000000000009, 0.2380000000000000171 ) ) ;
#2362 = VERTEX_POINT ( 'NONE', #660 ) ;
#2364 = EDGE_CURVE ( 'NONE', #367, #1686, #3390, .T. ) ;
#2363 = PRODUCT ( 'LT1963AES8#PBF', 'LT1963AES8#PBF', '', ( #2031 ) ) ;
#2365 = DIRECTION ( 'NONE',  ( 0.000000000000000000, 1.000000000000000000, 0.000000000000000000 ) ) ;
#2366 = ORIENTED_EDGE ( 'NONE', *, *, #800, .T. ) ;
#2367 = EDGE_LOOP ( 'NONE', ( #3816, #1654, #2427, #1624 ) ) ;
#2368 = LINE ( 'NONE', #1513, #3105 ) ;
#2369 = AXIS2_PLACEMENT_3D ( 'NONE', #906, #3005, #2688 ) ;
#2370 = CARTESIAN_POINT ( 'NONE',  ( -2.669999999999999929, 0.8760000000000000009, 0.1590000000000000024 ) ) ;
#2371 = B_SPLINE_CURVE_WITH_KNOTS ( 'NONE', 3,
 ( #2655, #581, #3225, #2955 ),
 .UNSPECIFIED., .F., .F.,
 ( 4, 4 ),
 ( 0.000000000000000000, 1.000000000000000000 ),
 .UNSPECIFIED. ) ;
#2372 = DIRECTION ( 'NONE',  ( 0.000000000000000000, 0.000000000000000000, 1.000000000000000000 ) ) ;
#2373 = CARTESIAN_POINT ( 'NONE',  ( -1.994000000000000217, 2.145999999999999908, 0.2380000000000000171 ) ) ;
#2374 = CARTESIAN_POINT ( 'NONE',  ( -2.669999999999999929, -0.5546666666666666412, 0.07962499999999998745 ) ) ;
#2375 = DIRECTION ( 'NONE',  ( 0.000000000000000000, 0.000000000000000000, 1.000000000000000000 ) ) ;
#2376 = CARTESIAN_POINT ( 'NONE',  ( -2.593421871689254754, 1.985333333333333394, 0.1381150559152513890 ) ) ;
#2377 = EDGE_LOOP ( 'NONE', ( #2304, #2578, #196, #1797 ) ) ;
#2378 = ORIENTED_EDGE ( 'NONE', *, *, #233, .T. ) ;
#2379 = LINE ( 'NONE', #2086, #1743 ) ;
#2380 = EDGE_CURVE ( 'NONE', #586, #2278, #3091, .T. ) ;
#2381 = DIRECTION ( 'NONE',  ( 0.000000000000000000, -1.000000000000000000, 0.000000000000000000 ) ) ;
#2382 = ORIENTED_EDGE ( 'NONE', *, *, #1314, .F. ) ;
#2383 = DIRECTION ( 'NONE',  ( 0.000000000000000000, 1.000000000000000000, 0.000000000000000000 ) ) ;
#2384 = ORIENTED_EDGE ( 'NONE', *, *, #880, .F. ) ;
#2385 = ORIENTED_EDGE ( 'NONE', *, *, #1543, .T. ) ;
#2386 = DIRECTION ( 'NONE',  ( 0.7931070766835159880, 0.000000000000000000, -0.6090822316522849222 ) ) ;
#2387 = EDGE_CURVE ( 'NONE', #732, #3862, #1242, .T. ) ;
#2388 = CARTESIAN_POINT ( 'NONE',  ( -3.099000000000000199, -0.3939999999999999614, 0.000000000000000000 ) ) ;
#2389 = DIRECTION ( 'NONE',  ( 1.000000000000000000, 0.000000000000000000, 0.000000000000000000 ) ) ;
#2390 = CARTESIAN_POINT ( 'NONE',  ( 1.994000000000000217, -2.501999999999999780, 0.000000000000000000 ) ) ;
#2391 = FACE_OUTER_BOUND ( 'NONE', #3169, .T. ) ;
#2392 = CARTESIAN_POINT ( 'NONE',  ( -2.576339779398220120, 1.985333333333333394, 0.2000910519956014544 ) ) ;
#2393 = DIRECTION ( 'NONE',  ( 0.000000000000000000, -1.000000000000000000, 0.000000000000000000 ) ) ;
#2394 = ORIENTED_EDGE ( 'NONE', *, *, #2727, .F. ) ;
#2395 = ORIENTED_EDGE ( 'NONE', *, *, #953, .F. ) ;
#2396 = DIRECTION ( 'NONE',  ( 0.000000000000000000, 1.000000000000000000, 0.000000000000000000 ) ) ;
#2397 = AXIS2_PLACEMENT_3D ( 'NONE', #2737, #3673, #338 ) ;
#2398 = B_SPLINE_CURVE_WITH_KNOTS ( 'NONE', 3,
 ( #745, #1347, #1055, #1269 ),
 .UNSPECIFIED., .F., .F.,
 ( 4, 4 ),
 ( 0.000000000000000000, 1.000000000000000000 ),
 .UNSPECIFIED. ) ;
#2399 = PLANE ( 'NONE',  #2227 ) ;
#2400 = ORIENTED_EDGE ( 'NONE', *, *, #2519, .F. ) ;
#2401 = CARTESIAN_POINT ( 'NONE',  ( 3.099000000000000199, 0.3939999999999999614, 0.000000000000000000 ) ) ;
#2402 = EDGE_LOOP ( 'NONE', ( #3679, #2299, #2898, #2206 ) ) ;
#2403 = VERTEX_POINT ( 'NONE', #716 ) ;
#2404 = LINE ( 'NONE', #2150, #2346 ) ;
#2405 = ADVANCED_FACE ( 'NONE', ( #1221 ), #1585, .T. ) ;
#2406 = VECTOR ( 'NONE', #1570, 1000.000000000000000 ) ;
#2407 = DIRECTION ( 'NONE',  ( 0.000000000000000000, -1.000000000000000000, 0.000000000000000000 ) ) ;
#2408 = DIRECTION ( 'NONE',  ( 0.000000000000000000, 1.000000000000000000, 0.000000000000000000 ) ) ;
#2409 = COLOUR_RGB ( '',0.7215686274509803821, 0.7215686274509803821, 0.7215686274509803821 ) ;
#2410 = CARTESIAN_POINT ( 'NONE',  ( -2.422999999999999599, 0.7153333333333334876, 0.3177499999999999769 ) ) ;
#2411 =( GEOMETRIC_REPRESENTATION_CONTEXT ( 3 ) GLOBAL_UNCERTAINTY_ASSIGNED_CONTEXT ( ( #1827 ) ) GLOBAL_UNIT_ASSIGNED_CONTEXT ( ( #1414, #3206, #2913 ) ) REPRESENTATION_CONTEXT ( 'NONE', 'WORKASPACE' ) );
#2412 = VECTOR ( 'NONE', #1477, 1000.000000000000000 ) ;
#2413 = EDGE_CURVE ( 'NONE', #1218, #3259, #2717, .T. ) ;
#2414 = DIRECTION ( 'NONE',  ( 0.000000000000000000, -1.000000000000000000, 0.000000000000000000 ) ) ;
#2415 = DIRECTION ( 'NONE',  ( 0.000000000000000000, 0.000000000000000000, 1.000000000000000000 ) ) ;
#2416 = VERTEX_POINT ( 'NONE', #3658 ) ;
#2417 = AXIS2_PLACEMENT_3D ( 'NONE', #325, #1751, #3313 ) ;
#2418 = ORIENTED_EDGE ( 'NONE', *, *, #376, .F. ) ;
#2419 = FILL_AREA_STYLE_COLOUR ( '', #1615 ) ;
#2420 = AXIS2_PLACEMENT_3D ( 'NONE', #2468, #3010, #1824 ) ;
#2421 = CARTESIAN_POINT ( 'NONE',  ( 1.994000000000000217, -2.501999999999999780, 1.752999999999999892 ) ) ;
#2422 = UNCERTAINTY_MEASURE_WITH_UNIT (LENGTH_MEASURE( 1.000000000000000082E-05 ), #2808, 'distance_accuracy_value', 'NONE');
#2423 = ORIENTED_EDGE ( 'NONE', *, *, #3113, .T. ) ;
#2424 = CIRCLE ( 'NONE', #3060, 0.1587499999999997802 ) ;
#2425 = CARTESIAN_POINT ( 'NONE',  ( 3.099000000000000199, -2.145999999999999908, 0.07900000000000000078 ) ) ;
#2426 = ORIENTED_EDGE ( 'NONE', *, *, #2526, .T. ) ;
#2427 = ORIENTED_EDGE ( 'NONE', *, *, #1757, .F. ) ;
#2428 = DIRECTION ( 'NONE',  ( 0.000000000000000000, 0.000000000000000000, 1.000000000000000000 ) ) ;
#2429 = LINE ( 'NONE', #1387, #1784 ) ;
#2430 = CARTESIAN_POINT ( 'NONE',  ( 2.576339779398220120, 1.824666666666666437, 0.2000910519956014544 ) ) ;
#2431 = EDGE_CURVE ( 'NONE', #2251, #444, #2203, .T. ) ;
#2432 = CARTESIAN_POINT ( 'NONE',  ( -2.422999999999999599, -1.663999999999999924, 0.3180000000000000049 ) ) ;
#2433 = CARTESIAN_POINT ( 'NONE',  ( -2.422999999999999599, -1.985333333333333394, 0.2383749999999999758 ) ) ;
#2434 = DIRECTION ( 'NONE',  ( 1.000000000000000000, 0.000000000000000000, 0.000000000000000000 ) ) ;
#2435 = DIRECTION ( 'NONE',  ( -1.000000000000000000, 0.000000000000000000, 0.000000000000000000 ) ) ;
#2436 = EDGE_LOOP ( 'NONE', ( #2784, #1346, #3188, #2115 ) ) ;
#2437 = VECTOR ( 'NONE', #952, 1000.000000000000000 ) ;
#2438 = EDGE_CURVE ( 'NONE', #1319, #3520, #1906, .T. ) ;
#2439 = VECTOR ( 'NONE', #617, 1000.000000000000000 ) ;
#2440 = DIRECTION ( 'NONE',  ( 0.000000000000000000, 1.000000000000000000, 0.000000000000000000 ) ) ;
#2441 = EDGE_LOOP ( 'NONE', ( #2744, #2145, #3527, #2344, #712, #3092, #1975, #2366, #2589, #35, #1404, #2954 ) ) ;
#2442 = CARTESIAN_POINT ( 'NONE',  ( -2.576000000000000068, 0.8760000000000000009, 0.2000000000000000111 ) ) ;
#2443 = ORIENTED_EDGE ( 'NONE', *, *, #3638, .F. ) ;
#2444 = ORIENTED_EDGE ( 'NONE', *, *, #108, .T. ) ;
#2445 =( NAMED_UNIT ( * ) PLANE_ANGLE_UNIT ( ) SI_UNIT ( $, .RADIAN. ) );
#2446 = CARTESIAN_POINT ( 'NONE',  ( -2.500000000000000000, 2.145999999999999908, 0.1789999999999999925 ) ) ;
#2447 = CARTESIAN_POINT ( 'NONE',  ( -2.587098972876761493, -2.145999999999999908, 0.1586038308920786621 ) ) ;
#2448 = PLANE ( 'NONE',  #166 ) ;
#2449 = LINE ( 'NONE', #3306, #2439 ) ;
#2450 = CARTESIAN_POINT ( 'NONE',  ( -2.422999999999999599, -2.145999999999999908, 0.1590000000000000024 ) ) ;
#2451 = PLANE ( 'NONE',  #2168 ) ;
#2452 = ORIENTED_EDGE ( 'NONE', *, *, #1590, .T. ) ;
#2453 =( LENGTH_UNIT ( ) NAMED_UNIT ( * ) SI_UNIT ( .MILLI., .METRE. ) );
#2454 = ADVANCED_FACE ( 'NONE', ( #3331 ), #3641, .T. ) ;
#2455 = ADVANCED_FACE ( 'NONE', ( #3075 ), #2851, .T. ) ;
#2456 = DIRECTION ( 'NONE',  ( 0.000000000000000000, 1.000000000000000000, 0.000000000000000000 ) ) ;
#2457 = VERTEX_POINT ( 'NONE', #1388 ) ;
#2458 = PLANE ( 'NONE',  #1160 ) ;
#2459 = CARTESIAN_POINT ( 'NONE',  ( 2.581549486438380558, 2.145999999999999908, 0.1793019154460393227 ) ) ;
#2460 = ORIENTED_EDGE ( 'NONE', *, *, #2431, .F. ) ;
#2461 = DIRECTION ( 'NONE',  ( 0.000000000000000000, 0.000000000000000000, -1.000000000000000000 ) ) ;
#2462 = PLANE ( 'NONE',  #845 ) ;
#2463 = EDGE_LOOP ( 'NONE', ( #2998, #2804, #1258, #2133 ) ) ;
#2464 = LINE ( 'NONE', #1579, #2028 ) ;
#2465 = CARTESIAN_POINT ( 'NONE',  ( -2.669999999999999929, 0.8760000000000000009, 0.000000000000000000 ) ) ;
#2466 = AXIS2_PLACEMENT_3D ( 'NONE', #1163, #3871, #1429 ) ;
#2467 = DIRECTION ( 'NONE',  ( 0.7931070766835158770, 0.000000000000000000, 0.6090822316522849222 ) ) ;
#2468 = CARTESIAN_POINT ( 'NONE',  ( 2.592999999999999972, 0.3939999999999999614, 0.1379999999999999838 ) ) ;
#2469 = ORIENTED_EDGE ( 'NONE', *, *, #203, .F. ) ;
#2470 = CIRCLE ( 'NONE', #2728, 0.1587499999999997802 ) ;
#2471 = DIRECTION ( 'NONE',  ( 0.000000000000000000, -1.000000000000000000, 0.000000000000000000 ) ) ;
#2472 = AXIS2_PLACEMENT_3D ( 'NONE', #3150, #481, #460 ) ;
#2473 = VECTOR ( 'NONE', #887, 1000.000000000000000 ) ;
#2474 = DIRECTION ( 'NONE',  ( 0.000000000000000000, 0.000000000000000000, -1.000000000000000000 ) ) ;
#2475 = ADVANCED_FACE ( 'NONE', ( #2529 ), #2242, .T. ) ;
#2476 = ORIENTED_EDGE ( 'NONE', *, *, #640, .T. ) ;
#2477 = VECTOR ( 'NONE', #2828, 1000.000000000000000 ) ;
#2478 = CARTESIAN_POINT ( 'NONE',  ( -2.669999999999999929, -0.3939999999999999614, 0.07900000000000000078 ) ) ;
#2479 = ORIENTED_EDGE ( 'NONE', *, *, #3019, .F. ) ;
#2480 = ORIENTED_EDGE ( 'NONE', *, *, #3689, .T. ) ;
#2481 = FACE_OUTER_BOUND ( 'NONE', #3703, .T. ) ;
#2482 = EDGE_CURVE ( 'NONE', #2311, #1981, #1940, .T. ) ;
#2483 = DIRECTION ( 'NONE',  ( 1.000000000000000000, 0.000000000000000000, 0.000000000000000000 ) ) ;
#2484 = ORIENTED_EDGE ( 'NONE', *, *, #345, .F. ) ;
#2485 = CARTESIAN_POINT ( 'NONE',  ( 2.669999999999999929, -0.7153333333333334876, 0.07962499999999998745 ) ) ;
#2486 = CARTESIAN_POINT ( 'NONE',  ( 2.592999999999999972, -0.3939999999999999614, 0.1379999999999999838 ) ) ;
#2487 = LINE ( 'NONE', #156, #2535 ) ;
#2488 = VERTEX_POINT ( 'NONE', #3771 ) ;
#2489 =( LENGTH_UNIT ( ) NAMED_UNIT ( * ) SI_UNIT ( .MILLI., .METRE. ) );
#2490 = LINE ( 'NONE', #3159, #2022 ) ;
#2491 = LINE ( 'NONE', #1871, #2095 ) ;
#2492 = CIRCLE ( 'NONE', #1551, 0.1587499999999997802 ) ;
#2493 = PRODUCT_DEFINITION_CONTEXT ( 'detailed design', #863, 'design' ) ;
#2494 = ORIENTED_EDGE ( 'NONE', *, *, #3043, .F. ) ;
#2495 = STYLED_ITEM ( 'NONE', ( #396 ), #3465 ) ;
#2496 = EDGE_CURVE ( 'NONE', #3411, #445, #780, .T. ) ;
#2497 = LINE ( 'NONE', #58, #2034 ) ;
#2498 = LINE ( 'NONE', #985, #414 ) ;
#2499 = ORIENTED_EDGE ( 'NONE', *, *, #1609, .F. ) ;
#2500 = LINE ( 'NONE', #93, #3360 ) ;
#2501 = ADVANCED_FACE ( 'NONE', ( #3144 ), #1027, .T. ) ;
#2502 = EDGE_CURVE ( 'NONE', #2640, #3373, #1078, .T. ) ;
#2503 = CARTESIAN_POINT ( 'NONE',  ( -2.422999999999999599, -0.3939999999999999614, 0.2380000000000000171 ) ) ;
#2504 = ADVANCED_FACE ( 'NONE', ( #163 ), #1683, .T. ) ;
#2505 = ORIENTED_EDGE ( 'NONE', *, *, #948, .F. ) ;
#2506 = LINE ( 'NONE', #2252, #1649 ) ;
#2507 = CARTESIAN_POINT ( 'NONE',  ( 2.592999999999999972, -2.145999999999999908, 0.1379999999999999838 ) ) ;
#2508 = CARTESIAN_POINT ( 'NONE',  ( -2.669999999999999929, -1.663999999999999924, 0.07900000000000000078 ) ) ;
#2509 = CARTESIAN_POINT ( 'NONE',  ( 2.576000000000000068, -1.663999999999999924, 0.2000000000000000111 ) ) ;
#2510 = EDGE_LOOP ( 'NONE', ( #1512, #2300, #2089, #2695 ) ) ;
#2511 = DIRECTION ( 'NONE',  ( 0.000000000000000000, 0.000000000000000000, -1.000000000000000000 ) ) ;
#2512 = FACE_OUTER_BOUND ( 'NONE', #3079, .T. ) ;
#2513 = DIRECTION ( 'NONE',  ( 0.000000000000000000, 0.000000000000000000, 1.000000000000000000 ) ) ;
#2514 = ORIENTED_EDGE ( 'NONE', *, *, #1811, .F. ) ;
#2515 = SURFACE_STYLE_FILL_AREA ( #1320 ) ;
#2516 = CARTESIAN_POINT ( 'NONE',  ( 2.422999999999999599, -0.8760000000000000009, 0.1590000000000000024 ) ) ;
#2517 = CARTESIAN_POINT ( 'NONE',  ( 2.669999999999999929, -0.3939999999999999614, 0.07900000000000000078 ) ) ;
#2518 = EDGE_LOOP ( 'NONE', ( #3336, #2561, #3879, #1398, #3599, #1385, #3405, #968, #514, #1425, #1411, #2714 ) ) ;
#2519 = EDGE_CURVE ( 'NONE', #3507, #3514, #1644, .T. ) ;
#2520 = PLANE ( 'NONE',  #633 ) ;
#2521 = ADVANCED_FACE ( 'NONE', ( #3793 ), #420, .F. ) ;
#2522 = VECTOR ( 'NONE', #2882, 1000.000000000000000 ) ;
#2523 = DIRECTION ( 'NONE',  ( -0.7931070766835159880, 0.000000000000000000, -0.6090822316522849222 ) ) ;
#2524 = CARTESIAN_POINT ( 'NONE',  ( 2.592999999999999972, 1.663999999999999924, 0.1379999999999999838 ) ) ;
#2525 = ORIENTED_EDGE ( 'NONE', *, *, #1862, .F. ) ;
#2526 = EDGE_CURVE ( 'NONE', #123, #367, #455, .T. ) ;
#2527 = EDGE_CURVE ( 'NONE', #219, #2329, #2871, .T. ) ;
#2528 = DIRECTION ( 'NONE',  ( 1.000000000000000000, 0.000000000000000000, 0.000000000000000000 ) ) ;
#2529 = FACE_OUTER_BOUND ( 'NONE', #434, .T. ) ;
#2530 = ORIENTED_EDGE ( 'NONE', *, *, #1926, .T. ) ;
#2531 = AXIS2_PLACEMENT_3D ( 'NONE', #3081, #2806, #2822 ) ;
#2532 = AXIS2_PLACEMENT_3D ( 'NONE', #1014, #704, #2785 ) ;
#2533 = MECHANICAL_DESIGN_GEOMETRIC_PRESENTATION_REPRESENTATION (  '', ( #851 ), #3233 ) ;
#2534 = PLANE ( 'NONE',  #1713 ) ;
#2535 = VECTOR ( 'NONE', #1353, 1000.000000000000000 ) ;
#2536 = CARTESIAN_POINT ( 'NONE',  ( -1.994000000000000217, -0.3939999999999999614, 0.2380000000000000171 ) ) ;
#2537 = AXIS2_PLACEMENT_3D ( 'NONE', #1715, #591, #1117 ) ;
#2538 = AXIS2_PLACEMENT_3D ( 'NONE', #437, #492, #3717 ) ;
#2539 = VECTOR ( 'NONE', #2862, 1000.000000000000000 ) ;
#2540 = LINE ( 'NONE', #2617, #3049 ) ;
#2541 = ORIENTED_EDGE ( 'NONE', *, *, #3618, .F. ) ;
#2542 = ORIENTED_EDGE ( 'NONE', *, *, #1736, .F. ) ;
#2543 = CARTESIAN_POINT ( 'NONE',  ( -3.099000000000000199, 1.663999999999999924, 0.000000000000000000 ) ) ;
#2544 = CARTESIAN_POINT ( 'NONE',  ( 3.099000000000000199, -0.8760000000000000009, 0.000000000000000000 ) ) ;
#2545 = EDGE_CURVE ( 'NONE', #2457, #219, #3738, .T. ) ;
#2546 = AXIS2_PLACEMENT_3D ( 'NONE', #3461, #1667, #2872 ) ;
#2547 = LINE ( 'NONE', #3713, #779 ) ;
#2548 = FACE_OUTER_BOUND ( 'NONE', #2402, .T. ) ;
#2549 = EDGE_LOOP ( 'NONE', ( #1036, #2072, #1553, #2277 ) ) ;
#2550 = CARTESIAN_POINT ( 'NONE',  ( 2.593421871689254754, 1.824666666666666437, 0.1381150559152513890 ) ) ;
#2551 = EDGE_CURVE ( 'NONE', #2488, #60, #769, .T. ) ;
#2552 = DIRECTION ( 'NONE',  ( 0.000000000000000000, 0.000000000000000000, -1.000000000000000000 ) ) ;
#2553 = DIRECTION ( 'NONE',  ( 0.000000000000000000, -1.000000000000000000, 0.000000000000000000 ) ) ;
#2554 = ADVANCED_FACE ( 'NONE', ( #1978 ), #3180, .T. ) ;
#2555 = ORIENTED_EDGE ( 'NONE', *, *, #423, .T. ) ;
#2556 = DIRECTION ( 'NONE',  ( 0.000000000000000000, 0.000000000000000000, -1.000000000000000000 ) ) ;
#2557 = FACE_OUTER_BOUND ( 'NONE', #681, .T. ) ;
#2558 = VECTOR ( 'NONE', #3473, 1000.000000000000000 ) ;
#2559 = CARTESIAN_POINT ( 'NONE',  ( -2.669999999999999929, -1.824666666666666437, 0.07962499999999998745 ) ) ;
#2560 = ORIENTED_EDGE ( 'NONE', *, *, #3463, .T. ) ;
#2561 = ORIENTED_EDGE ( 'NONE', *, *, #1394, .T. ) ;
#2562 = DIRECTION ( 'NONE',  ( 0.000000000000000000, -1.000000000000000000, 0.000000000000000000 ) ) ;
#2563 = FILL_AREA_STYLE_COLOUR ( '', #1878 ) ;
#2564 = LINE ( 'NONE', #1603, #1650 ) ;
#2565 = DIRECTION ( 'NONE',  ( 0.000000000000000000, -1.000000000000000000, 0.000000000000000000 ) ) ;
#2566 = ORIENTED_EDGE ( 'NONE', *, *, #3065, .F. ) ;
#2567 = DIRECTION ( 'NONE',  ( -0.000000000000000000, 1.000000000000000000, 0.000000000000000000 ) ) ;
#2568 = DIRECTION ( 'NONE',  ( 0.000000000000000000, -1.000000000000000000, 0.000000000000000000 ) ) ;
#2569 = CARTESIAN_POINT ( 'NONE',  ( 2.422999999999999599, -2.145999999999999908, 0.3180000000000000049 ) ) ;
#2570 = CARTESIAN_POINT ( 'NONE',  ( -2.592999999999999972, 1.663999999999999924, 0.1379999999999999838 ) ) ;
#2571 = VERTEX_POINT ( 'NONE', #3718 ) ;
#2572 = ORIENTED_EDGE ( 'NONE', *, *, #1537, .T. ) ;
#2573 = EDGE_CURVE ( 'NONE', #552, #1228, #199, .T. ) ;
#2574 = ADVANCED_FACE ( 'NONE', ( #3427 ), #3125, .T. ) ;
#2575 = DIRECTION ( 'NONE',  ( 0.000000000000000000, -1.000000000000000000, 0.000000000000000000 ) ) ;
#2576 = ADVANCED_FACE ( 'NONE', ( #3248 ), #1449, .T. ) ;
#2577 = CARTESIAN_POINT ( 'NONE',  ( 2.500000000000000000, 0.3939999999999999614, 0.1789999999999999925 ) ) ;
#2578 = ORIENTED_EDGE ( 'NONE', *, *, #999, .F. ) ;
#2579 = ORIENTED_EDGE ( 'NONE', *, *, #2551, .F. ) ;
#2580 = CIRCLE ( 'NONE', #650, 0.1587499999999997802 ) ;
#2581 = FACE_OUTER_BOUND ( 'NONE', #1081, .T. ) ;
#2582 = CARTESIAN_POINT ( 'NONE',  ( -2.422999999999999599, -1.663999999999999924, 0.3180000000000000049 ) ) ;
#2583 = FACE_OUTER_BOUND ( 'NONE', #684, .T. ) ;
#2584 = EDGE_LOOP ( 'NONE', ( #382, #3391, #3022, #3817 ) ) ;
#2585 = DIRECTION ( 'NONE',  ( 0.000000000000000000, 1.000000000000000000, 0.000000000000000000 ) ) ;
#2586 = DIRECTION ( 'NONE',  ( 0.2589693139543370881, 0.000000000000000000, 0.9658855493432024764 ) ) ;
#2587 = CARTESIAN_POINT ( 'NONE',  ( -2.592999999999999972, 2.145999999999999908, 0.1379999999999999838 ) ) ;
#2588 = CARTESIAN_POINT ( 'NONE',  ( 2.587098972876761493, 0.8760000000000000009, 0.1586038308920786621 ) ) ;
#2589 = ORIENTED_EDGE ( 'NONE', *, *, #903, .T. ) ;
#2590 = B_SPLINE_CURVE_WITH_KNOTS ( 'NONE', 3,
 ( #271, #3042, #1459, #1536 ),
 .UNSPECIFIED., .F., .F.,
 ( 4, 4 ),
 ( 0.000000000000000000, 1.000000000000000000 ),
 .UNSPECIFIED. ) ;
#2591 = ORIENTED_EDGE ( 'NONE', *, *, #2482, .F. ) ;
#2592 = CARTESIAN_POINT ( 'NONE',  ( 2.576000000000000068, -1.663999999999999924, 0.2000000000000000111 ) ) ;
#2593 = AXIS2_PLACEMENT_3D ( 'NONE', #127, #1372, #3161 ) ;
#2594 = EDGE_CURVE ( 'NONE', #104, #2657, #2221, .T. ) ;
#2595 = AXIS2_PLACEMENT_3D ( 'NONE', #2265, #1343, #1416 ) ;
#2596 = AXIS2_PLACEMENT_3D ( 'NONE', #1905, #3109, #3124 ) ;
#2597 = CARTESIAN_POINT ( 'NONE',  ( 3.099000000000000199, 2.145999999999999908, 0.07900000000000000078 ) ) ;
#2598 = ORIENTED_EDGE ( 'NONE', *, *, #2756, .T. ) ;
#2599 = ORIENTED_EDGE ( 'NONE', *, *, #1757, .T. ) ;
#2600 = AXIS2_PLACEMENT_3D ( 'NONE', #3741, #3800, #1338 ) ;
#2601 = CARTESIAN_POINT ( 'NONE',  ( 3.099000000000000199, 0.3939999999999999614, 0.000000000000000000 ) ) ;
#2602 = EDGE_CURVE ( 'NONE', #1818, #884, #3501, .T. ) ;
#2603 = FILL_AREA_STYLE ('',( #2563 ) ) ;
#2604 = AXIS2_PLACEMENT_3D ( 'NONE', #1273, #2776, #2758 ) ;
#2605 = CARTESIAN_POINT ( 'NONE',  ( -2.510887506327666774, 2.145999999999999908, 0.1383925439670798951 ) ) ;
#2606 = CARTESIAN_POINT ( 'NONE',  ( -1.994000000000000217, 0.3939999999999999614, 0.3180000000000000049 ) ) ;
#2607 = ORIENTED_EDGE ( 'NONE', *, *, #486, .T. ) ;
#2608 = DIRECTION ( 'NONE',  ( 1.000000000000000000, 0.000000000000000000, 0.000000000000000000 ) ) ;
#2609 = DIRECTION ( 'NONE',  ( 1.000000000000000000, 0.000000000000000000, 0.000000000000000000 ) ) ;
#2610 = FACE_OUTER_BOUND ( 'NONE', #1662, .T. ) ;
#2611 = DIRECTION ( 'NONE',  ( 1.000000000000000000, 0.000000000000000000, 0.000000000000000000 ) ) ;
#2612 = ORIENTED_EDGE ( 'NONE', *, *, #2170, .F. ) ;
#2613 = VERTEX_POINT ( 'NONE', #3220 ) ;
#2614 = CARTESIAN_POINT ( 'NONE',  ( 2.669999999999999929, -1.663999999999999924, 0.1590000000000000024 ) ) ;
#2615 = PLANE ( 'NONE',  #401 ) ;
#2616 = ADVANCED_FACE ( 'NONE', ( #2674 ), #3517, .T. ) ;
#2617 = CARTESIAN_POINT ( 'NONE',  ( -1.994000000000000217, 0.3939999999999999614, 0.3180000000000000049 ) ) ;
#2618 = ORIENTED_EDGE ( 'NONE', *, *, #3728, .F. ) ;
#2619 = ORIENTED_EDGE ( 'NONE', *, *, #3231, .T. ) ;
#2620 = PRESENTATION_STYLE_ASSIGNMENT (( #1969 ) ) ;
#2621 = COLOUR_RGB ( '',0.7215686274509803821, 0.7215686274509803821, 0.7215686274509803821 ) ;
#2622 = ADVANCED_FACE ( 'NONE', ( #2610 ), #241, .T. ) ;
#2623 =( NAMED_UNIT ( * ) SI_UNIT ( $, .STERADIAN. ) SOLID_ANGLE_UNIT ( ) );
#2624 = AXIS2_PLACEMENT_3D ( 'NONE', #1563, #3672, #983 ) ;
#2625 = ADVANCED_FACE ( 'NONE', ( #869 ), #2042, .T. ) ;
#2626 = CARTESIAN_POINT ( 'NONE',  ( 2.592999999999999972, -0.8760000000000000009, 0.1379999999999999838 ) ) ;
#2627 = LINE ( 'NONE', #3494, #227 ) ;
#2628 = VERTEX_POINT ( 'NONE', #3850 ) ;
#2629 = FACE_OUTER_BOUND ( 'NONE', #562, .T. ) ;
#2630 = CARTESIAN_POINT ( 'NONE',  ( -3.099000000000000199, 1.663999999999999924, 0.07900000000000000078 ) ) ;
#2631 = CARTESIAN_POINT ( 'NONE',  ( -2.576000000000000068, 1.663999999999999924, 0.2000000000000000111 ) ) ;
#2632 = PLANE ( 'NONE',  #2350 ) ;
#2633 = ORIENTED_EDGE ( 'NONE', *, *, #971, .F. ) ;
#2634 = ORIENTED_EDGE ( 'NONE', *, *, #2314, .F. ) ;
#2635 = CARTESIAN_POINT ( 'NONE',  ( -2.669999999999999929, -1.663999999999999924, 0.000000000000000000 ) ) ;
#2636 = CARTESIAN_POINT ( 'NONE',  ( 2.669999999999999929, 0.7153333333333334876, 0.07962499999999998745 ) ) ;
#2637 = ORIENTED_EDGE ( 'NONE', *, *, #440, .F. ) ;
#2638 = DIRECTION ( 'NONE',  ( 0.000000000000000000, -1.000000000000000000, 0.000000000000000000 ) ) ;
#2639 = ORIENTED_EDGE ( 'NONE', *, *, #1377, .T. ) ;
#2640 = VERTEX_POINT ( 'NONE', #511 ) ;
#2641 =( NAMED_UNIT ( * ) PLANE_ANGLE_UNIT ( ) SI_UNIT ( $, .RADIAN. ) );
#2642 = EDGE_CURVE ( 'NONE', #2016, #1873, #584, .T. ) ;
#2643 = DIRECTION ( 'NONE',  ( 0.7931070766835159880, 0.000000000000000000, 0.6090822316522849222 ) ) ;
#2644 = DIRECTION ( 'NONE',  ( 0.000000000000000000, 0.000000000000000000, 1.000000000000000000 ) ) ;
#2645 = ORIENTED_EDGE ( 'NONE', *, *, #1658, .F. ) ;
#2646 = CIRCLE ( 'NONE', #2781, 0.07937499999999990397 ) ;
#2647 = LINE ( 'NONE', #508, #1675 ) ;
#2648 = DIRECTION ( 'NONE',  ( 1.000000000000000000, 0.000000000000000000, 0.000000000000000000 ) ) ;
#2649 = ADVANCED_FACE ( 'NONE', ( #2333 ), #555, .T. ) ;
#2650 = DIRECTION ( 'NONE',  ( 0.000000000000000000, 0.000000000000000000, 1.000000000000000000 ) ) ;
#2651 = CARTESIAN_POINT ( 'NONE',  ( 2.576000000000000068, 0.8760000000000000009, 0.2000000000000000111 ) ) ;
#2652 = ORIENTED_EDGE ( 'NONE', *, *, #1963, .T. ) ;
#2653 = EDGE_LOOP ( 'NONE', ( #2560, #507, #400, #3040 ) ) ;
#2654 = EDGE_CURVE ( 'NONE', #884, #451, #499, .T. ) ;
#2655 = CARTESIAN_POINT ( 'NONE',  ( -2.576000000000000068, 0.3939999999999999614, 0.2000000000000000111 ) ) ;
#2656 = DIRECTION ( 'NONE',  ( 0.000000000000000000, 0.000000000000000000, -1.000000000000000000 ) ) ;
#2657 = VERTEX_POINT ( 'NONE', #1486 ) ;
#2658 = VECTOR ( 'NONE', #3737, 1000.000000000000000 ) ;
#2659 = CARTESIAN_POINT ( 'NONE',  ( 2.669999999999999929, -0.7153333333333334876, 0.0002499999999999789717 ) ) ;
#2660 = ORIENTED_EDGE ( 'NONE', *, *, #1441, .T. ) ;
#2661 = VERTEX_POINT ( 'NONE', #891 ) ;
#2662 = AXIS2_PLACEMENT_3D ( 'NONE', #2390, #2099, #336 ) ;
#2663 = LINE ( 'NONE', #885, #2226 ) ;
#2664 = VECTOR ( 'NONE', #413, 1000.000000000000000 ) ;
#2665 = AXIS2_PLACEMENT_3D ( 'NONE', #3046, #3338, #3559 ) ;
#2666 = VECTOR ( 'NONE', #1304, 1000.000000000000000 ) ;
#2667 = CARTESIAN_POINT ( 'NONE',  ( 2.576000000000000068, 0.8760000000000000009, 0.2000000000000000111 ) ) ;
#2668 = CARTESIAN_POINT ( 'NONE',  ( -2.500000000000000000, -0.8760000000000000009, 0.1789999999999999925 ) ) ;
#2669 = CARTESIAN_POINT ( 'NONE',  ( 2.422999999999999599, 2.145999999999999908, 0.1590000000000000024 ) ) ;
#2670 = ORIENTED_EDGE ( 'NONE', *, *, #3566, .T. ) ;
#2671 = VECTOR ( 'NONE', #2866, 1000.000000000000000 ) ;
#2672 = DIRECTION ( 'NONE',  ( 0.000000000000000000, 1.000000000000000000, 0.000000000000000000 ) ) ;
#2673 = EDGE_CURVE ( 'NONE', #1896, #679, #2580, .T. ) ;
#2674 = FACE_OUTER_BOUND ( 'NONE', #703, .T. ) ;
#2675 = DIRECTION ( 'NONE',  ( 0.000000000000000000, -1.000000000000000000, 0.000000000000000000 ) ) ;
#2676 = ORIENTED_EDGE ( 'NONE', *, *, #1899, .F. ) ;
#2677 = ORIENTED_EDGE ( 'NONE', *, *, #2364, .T. ) ;
#2678 = DIRECTION ( 'NONE',  ( 1.000000000000000000, 0.000000000000000000, 0.000000000000000000 ) ) ;
#2679 = EDGE_CURVE ( 'NONE', #3746, #1071, #3287, .T. ) ;
#2680 = DIRECTION ( 'NONE',  ( 1.000000000000000000, 0.000000000000000000, 0.000000000000000000 ) ) ;
#2681 = ORIENTED_EDGE ( 'NONE', *, *, #2070, .T. ) ;
#2682 = FACE_OUTER_BOUND ( 'NONE', #2653, .T. ) ;
#2683 = ORIENTED_EDGE ( 'NONE', *, *, #2573, .F. ) ;
#2684 = ORIENTED_EDGE ( 'NONE', *, *, #2545, .F. ) ;
#2685 = PRESENTATION_STYLE_ASSIGNMENT (( #2724 ) ) ;
#2686 = CIRCLE ( 'NONE', #3319, 0.1587499999999997802 ) ;
#2687 = DIRECTION ( 'NONE',  ( 0.000000000000000000, 1.000000000000000000, 0.000000000000000000 ) ) ;
#2688 = DIRECTION ( 'NONE',  ( 0.000000000000000000, 0.000000000000000000, 1.000000000000000000 ) ) ;
#2689 = CARTESIAN_POINT ( 'NONE',  ( -2.499825768919332170, -0.5546666666666666412, 0.1789547451738525141 ) ) ;
#2690 = CARTESIAN_POINT ( 'NONE',  ( -2.422999999999999599, 0.5546666666666666412, 0.3177499999999999769 ) ) ;
#2691 = VECTOR ( 'NONE', #375, 1000.000000000000000 ) ;
#2692 = DIRECTION ( 'NONE',  ( 1.000000000000000000, 0.000000000000000000, 0.000000000000000000 ) ) ;
#2693 = LINE ( 'NONE', #1545, #2231 ) ;
#2694 = ORIENTED_EDGE ( 'NONE', *, *, #1681, .T. ) ;
#2695 = ORIENTED_EDGE ( 'NONE', *, *, #3469, .F. ) ;
#2696 = PLANE ( 'NONE',  #3612 ) ;
#2697 = EDGE_CURVE ( 'NONE', #1095, #1479, #577, .T. ) ;
#2698 = EDGE_CURVE ( 'NONE', #1110, #360, #596, .T. ) ;
#2699 = ORIENTED_EDGE ( 'NONE', *, *, #2306, .T. ) ;
#2700 = EDGE_CURVE ( 'NONE', #1578, #3804, #2646, .T. ) ;
#2701 = B_SPLINE_CURVE_WITH_KNOTS ( 'NONE', 3,
 ( #1988, #1402, #2605, #256 ),
 .UNSPECIFIED., .F., .F.,
 ( 4, 4 ),
 ( 0.000000000000000000, 1.000000000000000000 ),
 .UNSPECIFIED. ) ;
#2702 = CARTESIAN_POINT ( 'NONE',  ( 2.592999999999999972, 0.3939999999999999614, 0.1379999999999999838 ) ) ;
#2703 = ORIENTED_EDGE ( 'NONE', *, *, #1494, .F. ) ;
#2704 = ORIENTED_EDGE ( 'NONE', *, *, #2527, .F. ) ;
#2705 = EDGE_CURVE ( 'NONE', #1887, #1968, #3552, .T. ) ;
#2706 = FACE_OUTER_BOUND ( 'NONE', #1954, .T. ) ;
#2707 = DIRECTION ( 'NONE',  ( 0.000000000000000000, -1.000000000000000000, 0.000000000000000000 ) ) ;
#2708 = B_SPLINE_CURVE_WITH_KNOTS ( 'NONE', 3,
 ( #2071, #3020, #2659, #2090 ),
 .UNSPECIFIED., .F., .F.,
 ( 4, 4 ),
 ( 0.000000000000000000, 1.000000000000000000 ),
 .UNSPECIFIED. ) ;
#2709 = EDGE_CURVE ( 'NONE', #1479, #552, #1468, .T. ) ;
#2710 = CARTESIAN_POINT ( 'NONE',  ( 2.516000000000000014, 0.3939999999999999614, 0.1179999999999999938 ) ) ;
#2711 = CARTESIAN_POINT ( 'NONE',  ( -2.592999999999999972, 0.8760000000000000009, 0.1379999999999999838 ) ) ;
#2712 = CARTESIAN_POINT ( 'NONE',  ( 1.994000000000000217, -0.3939999999999999614, 0.3180000000000000049 ) ) ;
#2713 = ORIENTED_EDGE ( 'NONE', *, *, #3685, .F. ) ;
#2714 = ORIENTED_EDGE ( 'NONE', *, *, #544, .T. ) ;
#2715 = CARTESIAN_POINT ( 'NONE',  ( -2.516000000000000014, -2.145999999999999908, 0.1179999999999999938 ) ) ;
#2716 = AXIS2_PLACEMENT_3D ( 'NONE', #2013, #2906, #2692 ) ;
#2717 = LINE ( 'NONE', #3058, #1587 ) ;
#2718 = VERTEX_POINT ( 'NONE', #1823 ) ;
#2719 = EDGE_CURVE ( 'NONE', #951, #2225, #935, .T. ) ;
#2720 = AXIS2_PLACEMENT_3D ( 'NONE', #1919, #449, #2865 ) ;
#2721 = CARTESIAN_POINT ( 'NONE',  ( 2.422999999999999599, -2.145999999999999908, 0.1590000000000000024 ) ) ;
#2722 = EDGE_LOOP ( 'NONE', ( #1979, #3335, #2261, #117 ) ) ;
#2723 = ORIENTED_EDGE ( 'NONE', *, *, #659, .F. ) ;
#2724 = SURFACE_STYLE_USAGE ( .BOTH. , #1498 ) ;
#2725 = AXIS2_PLACEMENT_3D ( 'NONE', #342, #363, #2166 ) ;
#2726 = VECTOR ( 'NONE', #1139, 1000.000000000000000 ) ;
#2727 = EDGE_CURVE ( 'NONE', #2661, #599, #3878, .T. ) ;
#2728 = AXIS2_PLACEMENT_3D ( 'NONE', #9, #446, #3709 ) ;
#2729 = DIRECTION ( 'NONE',  ( 0.000000000000000000, 1.000000000000000000, 0.000000000000000000 ) ) ;
#2730 = ADVANCED_FACE ( 'NONE', ( #3030 ), #2139, .T. ) ;
#2731 = CARTESIAN_POINT ( 'NONE',  ( 3.099000000000000199, 2.145999999999999908, 0.07900000000000000078 ) ) ;
#2732 = CARTESIAN_POINT ( 'NONE',  ( -2.576000000000000068, 0.3939999999999999614, 0.2000000000000000111 ) ) ;
#2733 = CIRCLE ( 'NONE', #1651, 0.07937499999999990397 ) ;
#2734 = AXIS2_PLACEMENT_3D ( 'NONE', #3574, #1482, #1516 ) ;
#2735 = CARTESIAN_POINT ( 'NONE',  ( 2.592999999999999972, 0.8760000000000000009, 0.1379999999999999838 ) ) ;
#2736 = VECTOR ( 'NONE', #1930, 1000.000000000000000 ) ;
#2737 = CARTESIAN_POINT ( 'NONE',  ( 1.994000000000000217, 2.145999999999999908, 0.2380000000000000171 ) ) ;
#2738 = VECTOR ( 'NONE', #1313, 1000.000000000000000 ) ;
#2739 = CARTESIAN_POINT ( 'NONE',  ( -2.669999999999999929, 1.663999999999999924, 0.07900000000000000078 ) ) ;
#2740 = ORIENTED_EDGE ( 'NONE', *, *, #626, .T. ) ;
#2741 = CARTESIAN_POINT ( 'NONE',  ( -2.669999999999999929, 2.145999999999999908, 0.1590000000000000024 ) ) ;
#2742 = AXIS2_PLACEMENT_3D ( 'NONE', #2669, #1740, #2948 ) ;
#2743 = CARTESIAN_POINT ( 'NONE',  ( -2.669999999999999929, 2.145999999999999908, 0.07900000000000000078 ) ) ;
#2744 = ORIENTED_EDGE ( 'NONE', *, *, #2438, .T. ) ;
#2745 = AXIS2_PLACEMENT_3D ( 'NONE', #2172, #3372, #2259 ) ;
#2746 = DIRECTION ( 'NONE',  ( 0.000000000000000000, -1.000000000000000000, 0.000000000000000000 ) ) ;
#2747 = ORIENTED_EDGE ( 'NONE', *, *, #3406, .T. ) ;
#2748 = EDGE_LOOP ( 'NONE', ( #1850, #2874, #3082, #3037 ) ) ;
#2749 = DIRECTION ( 'NONE',  ( 0.000000000000000000, 1.000000000000000000, 0.000000000000000000 ) ) ;
#2750 = ADVANCED_FACE ( 'NONE', ( #1294 ), #377, .T. ) ;
#2751 = CARTESIAN_POINT ( 'NONE',  ( 2.422999999999999599, 1.985333333333333394, 0.2383749999999999758 ) ) ;
#2752 = CARTESIAN_POINT ( 'NONE',  ( -2.592999999999999972, -0.8760000000000000009, 0.1379999999999999838 ) ) ;
#2753 = CARTESIAN_POINT ( 'NONE',  ( -2.500000000000000000, -0.3939999999999999614, 0.1789999999999999925 ) ) ;
#2754 = EDGE_CURVE ( 'NONE', #186, #2957, #3071, .T. ) ;
#2755 = DIRECTION ( 'NONE',  ( -0.2589693139543370881, 0.000000000000000000, 0.9658855493432024764 ) ) ;
#2756 = EDGE_CURVE ( 'NONE', #3514, #1390, #2094, .T. ) ;
#2757 = CARTESIAN_POINT ( 'NONE',  ( -2.669999999999999929, -0.7153333333333334876, 0.0002499999999999789717 ) ) ;
#2758 = DIRECTION ( 'NONE',  ( 0.000000000000000000, 0.000000000000000000, -1.000000000000000000 ) ) ;
#2759 = EDGE_LOOP ( 'NONE', ( #1119, #3639, #2044, #2065 ) ) ;
#2760 = AXIS2_PLACEMENT_3D ( 'NONE', #853, #2893, #3539 ) ;
#2761 = SURFACE_STYLE_FILL_AREA ( #1790 ) ;
#2762 = AXIS2_PLACEMENT_3D ( 'NONE', #1883, #746, #390 ) ;
#2763 = CARTESIAN_POINT ( 'NONE',  ( -1.994000000000000217, -2.145999999999999908, 0.2380000000000000171 ) ) ;
#2764 = VERTEX_POINT ( 'NONE', #84 ) ;
#2765 = B_SPLINE_CURVE_WITH_KNOTS ( 'NONE', 3,
 ( #1620, #2211, #3084, #1637 ),
 .UNSPECIFIED., .F., .F.,
 ( 4, 4 ),
 ( 0.000000000000000000, 1.000000000000000000 ),
 .UNSPECIFIED. ) ;
#2766 = CYLINDRICAL_SURFACE ( 'NONE', #1222, 0.1587500000000000022 ) ;
#2767 = CARTESIAN_POINT ( 'NONE',  ( 2.500000000000000000, -1.663999999999999924, 0.1789999999999999925 ) ) ;
#2768 = ORIENTED_EDGE ( 'NONE', *, *, #2285, .F. ) ;
#2769 = FACE_OUTER_BOUND ( 'NONE', #243, .T. ) ;
#2770 = DIRECTION ( 'NONE',  ( 0.000000000000000000, 1.000000000000000000, 0.000000000000000000 ) ) ;
#2771 = VERTEX_POINT ( 'NONE', #930 ) ;
#2772 = DIRECTION ( 'NONE',  ( -0.7931070766835159880, 0.000000000000000000, -0.6090822316522849222 ) ) ;
#2773 = CARTESIAN_POINT ( 'NONE',  ( 2.500000000000000000, 0.8760000000000000009, 0.1789999999999999925 ) ) ;
#2774 = ADVANCED_FACE ( 'NONE', ( #2105 ), #1216, .T. ) ;
#2775 = FACE_OUTER_BOUND ( 'NONE', #723, .T. ) ;
#2776 = DIRECTION ( 'NONE',  ( 0.000000000000000000, -1.000000000000000000, 0.000000000000000000 ) ) ;
#2777 = VERTEX_POINT ( 'NONE', #51 ) ;
#2778 = CARTESIAN_POINT ( 'NONE',  ( 3.099000000000000199, 1.663999999999999924, 0.000000000000000000 ) ) ;
#2779 = EDGE_CURVE ( 'NONE', #1959, #1412, #1065, .T. ) ;
#2780 = ORIENTED_EDGE ( 'NONE', *, *, #2915, .F. ) ;
#2781 = AXIS2_PLACEMENT_3D ( 'NONE', #1123, #301, #2316 ) ;
#2782 = CARTESIAN_POINT ( 'NONE',  ( -2.500000000000000000, 2.145999999999999908, 0.1789999999999999925 ) ) ;
#2783 = ORIENTED_EDGE ( 'NONE', *, *, #3733, .T. ) ;
#2784 = ORIENTED_EDGE ( 'NONE', *, *, #2967, .F. ) ;
#2785 = DIRECTION ( 'NONE',  ( 0.7931070766835159880, 0.000000000000000000, -0.6090822316522849222 ) ) ;
#2786 = DIRECTION ( 'NONE',  ( 0.000000000000000000, 0.000000000000000000, 1.000000000000000000 ) ) ;
#2787 = ORIENTED_EDGE ( 'NONE', *, *, #2705, .F. ) ;
#2788 = DIRECTION ( 'NONE',  ( -1.000000000000000000, 0.000000000000000000, 0.000000000000000000 ) ) ;
#2789 = DIRECTION ( 'NONE',  ( 0.000000000000000000, -1.000000000000000000, 0.000000000000000000 ) ) ;
#2790 = AXIS2_PLACEMENT_3D ( 'NONE', #2296, #240, #1697 ) ;
#2791 = FACE_OUTER_BOUND ( 'NONE', #3857, .T. ) ;
#2792 = FACE_OUTER_BOUND ( 'NONE', #2861, .T. ) ;
#2793 = VERTEX_POINT ( 'NONE', #1805 ) ;
#2794 = AXIS2_PLACEMENT_3D ( 'NONE', #1562, #318, #2772 ) ;
#2795 = EDGE_CURVE ( 'NONE', #1436, #3278, #320, .T. ) ;
#2796 = VECTOR ( 'NONE', #1671, 1000.000000000000000 ) ;
#2797 = AXIS2_PLACEMENT_3D ( 'NONE', #925, #1759, #2117 ) ;
#2798 = DIRECTION ( 'NONE',  ( 1.000000000000000000, 0.000000000000000000, 0.000000000000000000 ) ) ;
#2799 = ORIENTED_EDGE ( 'NONE', *, *, #517, .F. ) ;
#2800 = EDGE_CURVE ( 'NONE', #2176, #3538, #3839, .T. ) ;
#2801 = EDGE_CURVE ( 'NONE', #92, #1380, #3525, .T. ) ;
#2802 = DIRECTION ( 'NONE',  ( 0.000000000000000000, -1.000000000000000000, 0.000000000000000000 ) ) ;
#2803 = ORIENTED_EDGE ( 'NONE', *, *, #736, .F. ) ;
#2804 = ORIENTED_EDGE ( 'NONE', *, *, #2800, .F. ) ;
#2805 = CARTESIAN_POINT ( 'NONE',  ( 2.516593682343122307, -1.985333333333333394, 0.1181580582861557344 ) ) ;
#2806 = DIRECTION ( 'NONE',  ( 0.000000000000000000, -1.000000000000000000, 0.000000000000000000 ) ) ;
#2807 = ORIENTED_EDGE ( 'NONE', *, *, #979, .T. ) ;
#2808 =( LENGTH_UNIT ( ) NAMED_UNIT ( * ) SI_UNIT ( .MILLI., .METRE. ) );
#2809 = CARTESIAN_POINT ( 'NONE',  ( -1.994000000000000217, -2.145999999999999908, 0.2380000000000000171 ) ) ;
#2810 = DIRECTION ( 'NONE',  ( 0.7931070766835159880, 0.000000000000000000, -0.6090822316522849222 ) ) ;
#2811 = DIRECTION ( 'NONE',  ( 0.000000000000000000, 0.000000000000000000, -1.000000000000000000 ) ) ;
#2812 = EDGE_LOOP ( 'NONE', ( #1701, #3151, #1695, #304, #1673, #482, #1244, #3238, #2385, #642, #917, #1274 ) ) ;
#2813 = LINE ( 'NONE', #1903, #560 ) ;
#2814 = CARTESIAN_POINT ( 'NONE',  ( 2.422999999999999599, -0.8760000000000000009, 0.3180000000000000049 ) ) ;
#2815 = DIRECTION ( 'NONE',  ( 0.000000000000000000, 0.000000000000000000, -1.000000000000000000 ) ) ;
#2816 = CIRCLE ( 'NONE', #2760, 0.1587499999999997802 ) ;
#2817 = VERTEX_POINT ( 'NONE', #677 ) ;
#2818 = VECTOR ( 'NONE', #1311, 1000.000000000000000 ) ;
#2819 = ADVANCED_FACE ( 'NONE', ( #2775 ), #1272, .T. ) ;
#2820 = CARTESIAN_POINT ( 'NONE',  ( 2.422999999999999599, 0.3939999999999999614, 0.1590000000000000024 ) ) ;
#2821 = LINE ( 'NONE', #3080, #473 ) ;
#2822 = DIRECTION ( 'NONE',  ( 0.7931070766835158770, 0.000000000000000000, 0.6090822316522849222 ) ) ;
#2823 = ORIENTED_EDGE ( 'NONE', *, *, #687, .F. ) ;
#2824 = PLANE ( 'NONE',  #781 ) ;
#2825 = EDGE_CURVE ( 'NONE', #2764, #104, #3384, .T. ) ;
#2826 = CARTESIAN_POINT ( 'NONE',  ( -3.099000000000000199, 0.8760000000000000009, 0.000000000000000000 ) ) ;
#2827 = LINE ( 'NONE', #3120, #2664 ) ;
#2828 = DIRECTION ( 'NONE',  ( 0.000000000000000000, 0.000000000000000000, -1.000000000000000000 ) ) ;
#2829 = ORIENTED_EDGE ( 'NONE', *, *, #3330, .F. ) ;
#2830 = CARTESIAN_POINT ( 'NONE',  ( 2.669999999999999929, -2.145999999999999908, 0.000000000000000000 ) ) ;
#2831 = CARTESIAN_POINT ( 'NONE',  ( 2.669999999999999929, 1.663999999999999924, 0.000000000000000000 ) ) ;
#2832 = DIRECTION ( 'NONE',  ( 1.000000000000000000, 0.000000000000000000, 0.000000000000000000 ) ) ;
#2833 = ORIENTED_EDGE ( 'NONE', *, *, #1804, .T. ) ;
#2834 = FACE_OUTER_BOUND ( 'NONE', #1880, .T. ) ;
#2835 = CYLINDRICAL_SURFACE ( 'NONE', #1342, 0.07937500000000000111 ) ;
#2836 = ADVANCED_FACE ( 'NONE', ( #2791 ), #101, .T. ) ;
#2837 = B_SPLINE_CURVE_WITH_KNOTS ( 'NONE', 3,
 ( #3252, #795, #1128, #265 ),
 .UNSPECIFIED., .F., .F.,
 ( 4, 4 ),
 ( 0.000000000000000000, 1.000000000000000000 ),
 .UNSPECIFIED. ) ;
#2838 = DIRECTION ( 'NONE',  ( 1.000000000000000000, 0.000000000000000000, 0.000000000000000000 ) ) ;
#2839 = ORIENTED_EDGE ( 'NONE', *, *, #1568, .T. ) ;
#2840 = EDGE_LOOP ( 'NONE', ( #1126, #2904, #2681, #1309 ) ) ;
#2841 = B_SPLINE_CURVE_WITH_KNOTS ( 'NONE', 3,
 ( #3584, #3292, #1814, #3016 ),
 .UNSPECIFIED., .F., .F.,
 ( 4, 4 ),
 ( 0.000000000000000000, 1.000000000000000000 ),
 .UNSPECIFIED. ) ;
#2842 = CARTESIAN_POINT ( 'NONE',  ( -2.669999999999999929, -0.3939999999999999614, 0.000000000000000000 ) ) ;
#2843 = EDGE_CURVE ( 'NONE', #1832, #2278, #3139, .T. ) ;
#2844 = DIRECTION ( 'NONE',  ( 0.000000000000000000, 1.000000000000000000, 0.000000000000000000 ) ) ;
#2845 = LINE ( 'NONE', #1623, #2477 ) ;
#2846 = ORIENTED_EDGE ( 'NONE', *, *, #2120, .F. ) ;
#2847 = CARTESIAN_POINT ( 'NONE',  ( 2.593421871689254754, 1.985333333333333394, 0.1381150559152513890 ) ) ;
#2848 = VECTOR ( 'NONE', #88, 1000.000000000000000 ) ;
#2849 = CARTESIAN_POINT ( 'NONE',  ( -2.669999999999999929, -1.985333333333333394, 0.0002499999999999789717 ) ) ;
#2850 = AXIS2_PLACEMENT_3D ( 'NONE', #26, #3305, #1517 ) ;
#2851 = PLANE ( 'NONE',  #2593 ) ;
#2852 = ORIENTED_EDGE ( 'NONE', *, *, #1445, .T. ) ;
#2853 = CIRCLE ( 'NONE', #725, 0.1587499999999997802 ) ;
#2854 = B_SPLINE_CURVE_WITH_KNOTS ( 'NONE', 3,
 ( #302, #3308, #620, #3714 ),
 .UNSPECIFIED., .F., .F.,
 ( 4, 4 ),
 ( 0.000000000000000000, 1.000000000000000000 ),
 .UNSPECIFIED. ) ;
#2855 = CARTESIAN_POINT ( 'NONE',  ( 2.669999999999999929, -0.3939999999999999614, 0.000000000000000000 ) ) ;
#2856 = VECTOR ( 'NONE', #1332, 1000.000000000000000 ) ;
#2857 = FACE_OUTER_BOUND ( 'NONE', #3545, .T. ) ;
#2858 = MECHANICAL_DESIGN_GEOMETRIC_PRESENTATION_REPRESENTATION (  '', ( #1091 ), #1843 ) ;
#2859 = FACE_OUTER_BOUND ( 'NONE', #3148, .T. ) ;
#2860 = ORIENTED_EDGE ( 'NONE', *, *, #517, .T. ) ;
#2861 = EDGE_LOOP ( 'NONE', ( #2833, #3715, #1185, #2484 ) ) ;
#2862 = DIRECTION ( 'NONE',  ( 1.000000000000000000, 0.000000000000000000, 0.000000000000000000 ) ) ;
#2863 =( LENGTH_UNIT ( ) NAMED_UNIT ( * ) SI_UNIT ( .MILLI., .METRE. ) );
#2864 = EDGE_CURVE ( 'NONE', #479, #2141, #3403, .T. ) ;
#2865 = DIRECTION ( 'NONE',  ( -0.7931070766835158770, 0.000000000000000000, 0.6090822316522849222 ) ) ;
#2866 = DIRECTION ( 'NONE',  ( 0.000000000000000000, 0.000000000000000000, -1.000000000000000000 ) ) ;
#2867 = EDGE_LOOP ( 'NONE', ( #583, #3823, #3828, #22 ) ) ;
#2868 = EDGE_CURVE ( 'NONE', #92, #679, #3167, .T. ) ;
#2869 = PLANE ( 'NONE',  #3008 ) ;
#2870 = LINE ( 'NONE', #2887, #2032 ) ;
#2871 = LINE ( 'NONE', #1318, #3603 ) ;
#2872 = DIRECTION ( 'NONE',  ( -0.7931070766835159880, 0.000000000000000000, -0.6090822316522849222 ) ) ;
#2873 = ORIENTED_EDGE ( 'NONE', *, *, #564, .T. ) ;
#2874 = ORIENTED_EDGE ( 'NONE', *, *, #3089, .F. ) ;
#2875 = AXIS2_PLACEMENT_3D ( 'NONE', #832, #2360, #538 ) ;
#2876 = LINE ( 'NONE', #188, #2033 ) ;
#2877 = AXIS2_PLACEMENT_3D ( 'NONE', #1742, #2273, #1369 ) ;
#2878 = DIRECTION ( 'NONE',  ( -1.000000000000000000, 0.000000000000000000, 0.000000000000000000 ) ) ;
#2879 = EDGE_LOOP ( 'NONE', ( #1265, #3567, #270, #3572, #894, #3203, #2660, #2959, #785, #2694, #2572, #1496 ) ) ;
#2880 = ORIENTED_EDGE ( 'NONE', *, *, #421, .T. ) ;
#2881 = CARTESIAN_POINT ( 'NONE',  ( -2.422999999999999599, 0.3939999999999999614, 0.3180000000000000049 ) ) ;
#2882 = DIRECTION ( 'NONE',  ( 0.000000000000000000, 0.000000000000000000, 1.000000000000000000 ) ) ;
#2883 = CARTESIAN_POINT ( 'NONE',  ( -2.576339779398220120, 0.7153333333333334876, 0.2000910519956014544 ) ) ;
#2884 = ORIENTED_EDGE ( 'NONE', *, *, #1828, .F. ) ;
#2885 = PLANE ( 'NONE',  #2877 ) ;
#2886 = ADVANCED_FACE ( 'NONE', ( #3173 ), #2270, .F. ) ;
#2887 = CARTESIAN_POINT ( 'NONE',  ( 3.099000000000000199, -2.145999999999999908, 0.000000000000000000 ) ) ;
#2888 = DIRECTION ( 'NONE',  ( 1.000000000000000000, 0.000000000000000000, 0.000000000000000000 ) ) ;
#2889 = FACE_OUTER_BOUND ( 'NONE', #1754, .T. ) ;
#2890 = ORIENTED_EDGE ( 'NONE', *, *, #1261, .T. ) ;
#2891 = B_SPLINE_CURVE_WITH_KNOTS ( 'NONE', 3,
 ( #3876, #2050, #2636, #308 ),
 .UNSPECIFIED., .F., .F.,
 ( 4, 4 ),
 ( 0.000000000000000000, 1.000000000000000000 ),
 .UNSPECIFIED. ) ;
#2892 = EDGE_LOOP ( 'NONE', ( #501, #1508, #1869, #3472 ) ) ;
#2893 = DIRECTION ( 'NONE',  ( 0.000000000000000000, -1.000000000000000000, 0.000000000000000000 ) ) ;
#2894 = EDGE_CURVE ( 'NONE', #1363, #3350, #130, .T. ) ;
#2895 = DIRECTION ( 'NONE',  ( -0.7931070766835158770, 0.000000000000000000, 0.6090822316522849222 ) ) ;
#2896 = DIRECTION ( 'NONE',  ( 0.000000000000000000, 0.000000000000000000, 1.000000000000000000 ) ) ;
#2897 = ORIENTED_EDGE ( 'NONE', *, *, #2719, .F. ) ;
#2898 = ORIENTED_EDGE ( 'NONE', *, *, #1190, .F. ) ;
#2899 =( LENGTH_UNIT ( ) NAMED_UNIT ( * ) SI_UNIT ( .MILLI., .METRE. ) );
#2900 = VECTOR ( 'NONE', #1885, 1000.000000000000000 ) ;
#2901 = CARTESIAN_POINT ( 'NONE',  ( 2.422999999999999599, 2.145999999999999908, 0.3180000000000000049 ) ) ;
#2902 = DIRECTION ( 'NONE',  ( 1.000000000000000000, 0.000000000000000000, 0.000000000000000000 ) ) ;
#2903 = DIRECTION ( 'NONE',  ( 1.000000000000000000, 0.000000000000000000, 0.000000000000000000 ) ) ;
#2904 = ORIENTED_EDGE ( 'NONE', *, *, #2917, .F. ) ;
#2905 = CYLINDRICAL_SURFACE ( 'NONE', #1466, 0.1587500000000000022 ) ;
#2906 = DIRECTION ( 'NONE',  ( 0.000000000000000000, 0.000000000000000000, 1.000000000000000000 ) ) ;
#2907 = CARTESIAN_POINT ( 'NONE',  ( -2.593421871689254754, 1.824666666666666437, 0.1381150559152513890 ) ) ;
#2908 = ORIENTED_EDGE ( 'NONE', *, *, #2825, .T. ) ;
#2909 = EDGE_CURVE ( 'NONE', #1511, #599, #961, .T. ) ;
#2910 = ORIENTED_EDGE ( 'NONE', *, *, #1852, .T. ) ;
#2911 = DIRECTION ( 'NONE',  ( 0.7931070766835159880, 0.000000000000000000, -0.6090822316522849222 ) ) ;
#2912 = VECTOR ( 'NONE', #2224, 1000.000000000000000 ) ;
#2913 =( NAMED_UNIT ( * ) SI_UNIT ( $, .STERADIAN. ) SOLID_ANGLE_UNIT ( ) );
#2914 = EDGE_CURVE ( 'NONE', #3397, #3373, #1004, .T. ) ;
#2915 = EDGE_CURVE ( 'NONE', #850, #1908, #1057, .T. ) ;
#2916 = CIRCLE ( 'NONE', #1220, 0.1587499999999997802 ) ;
#2917 = EDGE_CURVE ( 'NONE', #1193, #1079, #3101, .T. ) ;
#2918 = CIRCLE ( 'NONE', #2531, 0.07937499999999990397 ) ;
#2919 = LINE ( 'NONE', #207, #974 ) ;
#2920 = ORIENTED_EDGE ( 'NONE', *, *, #3685, .T. ) ;
#2921 = ORIENTED_EDGE ( 'NONE', *, *, #999, .T. ) ;
#2922 = AXIS2_PLACEMENT_3D ( 'NONE', #1129, #1454, #3228 ) ;
#2923 = CYLINDRICAL_SURFACE ( 'NONE', #3756, 0.07937499999999998723 ) ;
#2924 = CARTESIAN_POINT ( 'NONE',  ( 2.669999999999999929, 1.824666666666666437, 0.0002499999999999789717 ) ) ;
#2925 = DIRECTION ( 'NONE',  ( 0.7931070766835159880, 0.000000000000000000, -0.6090822316522849222 ) ) ;
#2926 = ORIENTED_EDGE ( 'NONE', *, *, #1777, .T. ) ;
#2927 = LINE ( 'NONE', #239, #2558 ) ;
#2928 = AXIS2_PLACEMENT_3D ( 'NONE', #1410, #556, #3498 ) ;
#2929 = DIRECTION ( 'NONE',  ( 0.000000000000000000, 0.000000000000000000, 1.000000000000000000 ) ) ;
#2930 = DIRECTION ( 'NONE',  ( -0.7931070766835159880, 0.000000000000000000, -0.6090822316522849222 ) ) ;
#2931 = DIRECTION ( 'NONE',  ( 1.000000000000000000, 0.000000000000000000, 0.000000000000000000 ) ) ;
#2932 = EDGE_LOOP ( 'NONE', ( #502, #1455, #439, #2713 ) ) ;
#2933 = B_SPLINE_CURVE_WITH_KNOTS ( 'NONE', 3,
 ( #1518, #3050, #3652, #2710 ),
 .UNSPECIFIED., .F., .F.,
 ( 4, 4 ),
 ( 0.000000000000000000, 1.000000000000000000 ),
 .UNSPECIFIED. ) ;
#2934 = ORIENTED_EDGE ( 'NONE', *, *, #1904, .F. ) ;
#2935 = CARTESIAN_POINT ( 'NONE',  ( -2.422999999999999599, -0.5546666666666666412, 0.3177499999999999769 ) ) ;
#2936 = PLANE ( 'NONE',  #2230 ) ;
#2937 = ORIENTED_EDGE ( 'NONE', *, *, #3376, .T. ) ;
#2938 = EDGE_CURVE ( 'NONE', #3328, #2176, #2564, .T. ) ;
#2939 = DIRECTION ( 'NONE',  ( 0.000000000000000000, 0.000000000000000000, 1.000000000000000000 ) ) ;
#2940 = VERTEX_POINT ( 'NONE', #1935 ) ;
#2941 = EDGE_LOOP ( 'NONE', ( #1438, #2479, #673, #2073 ) ) ;
#2942 =( NAMED_UNIT ( * ) PLANE_ANGLE_UNIT ( ) SI_UNIT ( $, .RADIAN. ) );
#2943 = VECTOR ( 'NONE', #324, 1000.000000000000000 ) ;
#2944 = EDGE_CURVE ( 'NONE', #3170, #1299, #2827, .T. ) ;
#2945 = AXIS2_PLACEMENT_3D ( 'NONE', #2138, #594, #49 ) ;
#2946 = EDGE_CURVE ( 'NONE', #1980, #2571, #1859, .T. ) ;
#2947 = DIRECTION ( 'NONE',  ( 0.000000000000000000, -1.000000000000000000, 0.000000000000000000 ) ) ;
#2948 = DIRECTION ( 'NONE',  ( -0.7931070766835158770, 0.000000000000000000, 0.6090822316522849222 ) ) ;
#2949 = ORIENTED_EDGE ( 'NONE', *, *, #3710, .F. ) ;
#2950 = CARTESIAN_POINT ( 'NONE',  ( 1.994000000000000217, 2.145999999999999908, 0.2380000000000000171 ) ) ;
#2951 = CARTESIAN_POINT ( 'NONE',  ( -2.516000000000000014, 0.3939999999999999614, 0.1179999999999999938 ) ) ;
#2952 = DIRECTION ( 'NONE',  ( -0.2589693139543370881, 0.000000000000000000, 0.9658855493432024764 ) ) ;
#2953 = ORIENTED_EDGE ( 'NONE', *, *, #2843, .T. ) ;
#2954 = ORIENTED_EDGE ( 'NONE', *, *, #87, .T. ) ;
#2955 = CARTESIAN_POINT ( 'NONE',  ( -2.592999999999999972, 0.3939999999999999614, 0.1379999999999999838 ) ) ;
#2956 = CARTESIAN_POINT ( 'NONE',  ( 2.669999999999999929, -2.145999999999999908, 0.1590000000000000024 ) ) ;
#2957 = VERTEX_POINT ( 'NONE', #2508 ) ;
#2958 = CARTESIAN_POINT ( 'NONE',  ( -2.500000000000000000, 1.663999999999999924, 0.1789999999999999925 ) ) ;
#2959 = ORIENTED_EDGE ( 'NONE', *, *, #3330, .T. ) ;
#2960 = ORIENTED_EDGE ( 'NONE', *, *, #2673, .T. ) ;
#2961 = LINE ( 'NONE', #1249, #1400 ) ;
#2962 = EDGE_CURVE ( 'NONE', #1684, #264, #1278, .T. ) ;
#2963 = DIRECTION ( 'NONE',  ( 0.9658855493432024764, 0.000000000000000000, -0.2589693139543370881 ) ) ;
#2964 = DIRECTION ( 'NONE',  ( 0.000000000000000000, -1.000000000000000000, 0.000000000000000000 ) ) ;
#2965 = DIRECTION ( 'NONE',  ( 0.000000000000000000, 1.000000000000000000, 0.000000000000000000 ) ) ;
#2966 = ORIENTED_EDGE ( 'NONE', *, *, #2909, .F. ) ;
#2967 = EDGE_CURVE ( 'NONE', #762, #1354, #2547, .T. ) ;
#2968 = DIRECTION ( 'NONE',  ( 1.000000000000000000, 0.000000000000000000, 0.000000000000000000 ) ) ;
#2969 = EDGE_CURVE ( 'NONE', #3117, #3013, #3154, .T. ) ;
#2970 = CARTESIAN_POINT ( 'NONE',  ( 1.994000000000000217, 0.8760000000000000009, 0.3180000000000000049 ) ) ;
#2971 = DIRECTION ( 'NONE',  ( 0.000000000000000000, 0.000000000000000000, -1.000000000000000000 ) ) ;
#2972 = ORIENTED_EDGE ( 'NONE', *, *, #64, .T. ) ;
#2973 = ORIENTED_EDGE ( 'NONE', *, *, #3491, .F. ) ;
#2974 = FACE_OUTER_BOUND ( 'NONE', #901, .T. ) ;
#2975 = DIRECTION ( 'NONE',  ( 0.9658855493432024764, 0.000000000000000000, 0.2589693139543370881 ) ) ;
#2976 = EDGE_LOOP ( 'NONE', ( #3369, #3478, #3528, #1967, #57, #1679, #2423, #3365, #3012, #766, #404, #2444 ) ) ;
#2977 = VECTOR ( 'NONE', #2215, 1000.000000000000000 ) ;
#2978 = AXIS2_PLACEMENT_3D ( 'NONE', #827, #3560, #2650 ) ;
#2979 = DIRECTION ( 'NONE',  ( -0.7931070766835159880, 0.000000000000000000, -0.6090822316522849222 ) ) ;
#2980 = ORIENTED_EDGE ( 'NONE', *, *, #2938, .F. ) ;
#2981 = EDGE_LOOP ( 'NONE', ( #2194, #2566, #534, #309 ) ) ;
#2982 =( LENGTH_UNIT ( ) NAMED_UNIT ( * ) SI_UNIT ( .MILLI., .METRE. ) );
#2983 = VECTOR ( 'NONE', #80, 1000.000000000000000 ) ;
#2984 = VECTOR ( 'NONE', #2407, 1000.000000000000000 ) ;
#2985 = CARTESIAN_POINT ( 'NONE',  ( -2.592999999999999972, -0.3939999999999999614, 0.1379999999999999838 ) ) ;
#2986 = CARTESIAN_POINT ( 'NONE',  ( -2.422999999999999599, 1.663999999999999924, 0.1590000000000000024 ) ) ;
#2987 = DIRECTION ( 'NONE',  ( 0.000000000000000000, -1.000000000000000000, 0.000000000000000000 ) ) ;
#2988 = AXIS2_PLACEMENT_3D ( 'NONE', #1974, #1424, #2328 ) ;
#2989 = DIRECTION ( 'NONE',  ( -0.7931070766835158770, 0.000000000000000000, 0.6090822316522849222 ) ) ;
#2990 = EDGE_CURVE ( 'NONE', #2718, #1893, #3211, .T. ) ;
#2991 = CARTESIAN_POINT ( 'NONE',  ( -2.505443753163833165, 0.8760000000000000009, 0.1586962719835399438 ) ) ;
#2992 = DIRECTION ( 'NONE',  ( 1.000000000000000000, 0.000000000000000000, 0.000000000000000000 ) ) ;
#2993 = EDGE_CURVE ( 'NONE', #3237, #3063, #783, .T. ) ;
#2994 = ORIENTED_EDGE ( 'NONE', *, *, #2502, .T. ) ;
#2995 = ORIENTED_EDGE ( 'NONE', *, *, #1537, .F. ) ;
#2996 = FACE_OUTER_BOUND ( 'NONE', #1641, .T. ) ;
#2997 = EDGE_CURVE ( 'NONE', #2771, #3141, #1021, .T. ) ;
#2998 = ORIENTED_EDGE ( 'NONE', *, *, #3638, .T. ) ;
#2999 = CARTESIAN_POINT ( 'NONE',  ( -2.500000000000000000, 0.8760000000000000009, 0.1789999999999999925 ) ) ;
#3000 = VERTEX_POINT ( 'NONE', #3418 ) ;
#3001 = ORIENTED_EDGE ( 'NONE', *, *, #886, .T. ) ;
#3002 = CARTESIAN_POINT ( 'NONE',  ( 2.422999999999999599, 0.8760000000000000009, 0.3180000000000000049 ) ) ;
#3003 = AXIS2_PLACEMENT_3D ( 'NONE', #3529, #841, #2643 ) ;
#3004 = FACE_OUTER_BOUND ( 'NONE', #3440, .T. ) ;
#3005 = DIRECTION ( 'NONE',  ( 0.000000000000000000, 1.000000000000000000, 0.000000000000000000 ) ) ;
#3006 = FACE_OUTER_BOUND ( 'NONE', #3393, .T. ) ;
#3007 = CARTESIAN_POINT ( 'NONE',  ( 2.593421871689254754, 0.5546666666666666412, 0.1381150559152513890 ) ) ;
#3008 = AXIS2_PLACEMENT_3D ( 'NONE', #1426, #3769, #2585 ) ;
#3009 = CARTESIAN_POINT ( 'NONE',  ( -2.669999999999999929, -1.663999999999999924, 0.1590000000000000024 ) ) ;
#3010 = DIRECTION ( 'NONE',  ( 0.9658855493432024764, 0.000000000000000000, 0.2589693139543370881 ) ) ;
#3011 =( GEOMETRIC_REPRESENTATION_CONTEXT ( 3 ) GLOBAL_UNCERTAINTY_ASSIGNED_CONTEXT ( ( #1243 ) ) GLOBAL_UNIT_ASSIGNED_CONTEXT ( ( #2863, #2005, #2623 ) ) REPRESENTATION_CONTEXT ( 'NONE', 'WORKASPACE' ) );
#3012 = ORIENTED_EDGE ( 'NONE', *, *, #1736, .T. ) ;
#3013 = VERTEX_POINT ( 'NONE', #1331 ) ;
#3014 = ADVANCED_FACE ( 'NONE', ( #297 ), #1739, .T. ) ;
#3015 =( NAMED_UNIT ( * ) PLANE_ANGLE_UNIT ( ) SI_UNIT ( $, .RADIAN. ) );
#3016 = CARTESIAN_POINT ( 'NONE',  ( 2.500000000000000000, 1.663999999999999924, 0.1789999999999999925 ) ) ;
#3017 = EDGE_LOOP ( 'NONE', ( #3795, #1368, #2499, #2092 ) ) ;
#3018 = EDGE_CURVE ( 'NONE', #599, #1493, #3575, .T. ) ;
#3019 = EDGE_CURVE ( 'NONE', #322, #38, #2039, .T. ) ;
#3020 = CARTESIAN_POINT ( 'NONE',  ( 2.669999999999999929, -0.5546666666666666412, 0.0002499999999999789717 ) ) ;
#3021 = ORIENTED_EDGE ( 'NONE', *, *, #2312, .F. ) ;
#3022 = ORIENTED_EDGE ( 'NONE', *, *, #1942, .T. ) ;
#3023 =( NAMED_UNIT ( * ) SI_UNIT ( $, .STERADIAN. ) SOLID_ANGLE_UNIT ( ) );
#3024 = B_SPLINE_CURVE_WITH_KNOTS ( 'NONE', 3,
 ( #2735, #3286, #3007, #1783 ),
 .UNSPECIFIED., .F., .F.,
 ( 4, 4 ),
 ( 0.000000000000000000, 1.000000000000000000 ),
 .UNSPECIFIED. ) ;
#3025 = CARTESIAN_POINT ( 'NONE',  ( -1.994000000000000217, -0.8760000000000000009, 0.2380000000000000171 ) ) ;
#3026 = DIRECTION ( 'NONE',  ( -0.7931070766835158770, 0.000000000000000000, 0.6090822316522849222 ) ) ;
#3027 = DIRECTION ( 'NONE',  ( 0.7931070766835158770, 0.000000000000000000, 0.6090822316522849222 ) ) ;
#3028 = DIRECTION ( 'NONE',  ( 0.2589693139543370881, 0.000000000000000000, 0.9658855493432024764 ) ) ;
#3029 = AXIS2_PLACEMENT_3D ( 'NONE', #619, #3052, #1237 ) ;
#3030 = FACE_OUTER_BOUND ( 'NONE', #830, .T. ) ;
#3031 = LINE ( 'NONE', #2739, #854 ) ;
#3032 = VERTEX_POINT ( 'NONE', #1760 ) ;
#3033 = CARTESIAN_POINT ( 'NONE',  ( 1.994000000000000217, -0.8760000000000000009, 0.2380000000000000171 ) ) ;
#3034 = VECTOR ( 'NONE', #217, 1000.000000000000000 ) ;
#3035 = ADVANCED_FACE ( 'NONE', ( #3809 ), #1483, .T. ) ;
#3036 = FACE_OUTER_BOUND ( 'NONE', #136, .T. ) ;
#3037 = ORIENTED_EDGE ( 'NONE', *, *, #185, .F. ) ;
#3038 = EDGE_CURVE ( 'NONE', #1981, #2416, #2006, .T. ) ;
#3039 = DIRECTION ( 'NONE',  ( 0.000000000000000000, 0.000000000000000000, 1.000000000000000000 ) ) ;
#3040 = ORIENTED_EDGE ( 'NONE', *, *, #1229, .F. ) ;
#3041 = ORIENTED_EDGE ( 'NONE', *, *, #3541, .F. ) ;
#3042 = CARTESIAN_POINT ( 'NONE',  ( -2.669999999999999929, 1.824666666666666437, 0.0002499999999999789717 ) ) ;
#3043 = EDGE_CURVE ( 'NONE', #3098, #38, #1011, .T. ) ;
#3044 = VECTOR ( 'NONE', #1277, 1000.000000000000000 ) ;
#3045 = VECTOR ( 'NONE', #1780, 1000.000000000000000 ) ;
#3046 = CARTESIAN_POINT ( 'NONE',  ( 2.669999999999999929, -0.3939999999999999614, 0.1590000000000000024 ) ) ;
#3047 = CARTESIAN_POINT ( 'NONE',  ( -2.422999999999999599, -0.3939999999999999614, 0.3180000000000000049 ) ) ;
#3048 = LINE ( 'NONE', #1500, #356 ) ;
#3049 = VECTOR ( 'NONE', #816, 1000.000000000000000 ) ;
#3050 = CARTESIAN_POINT ( 'NONE',  ( 2.505443753163833165, 0.3939999999999999614, 0.1586962719835399438 ) ) ;
#3051 = AXIS2_PLACEMENT_3D ( 'NONE', #3661, #2746, #1891 ) ;
#3052 = DIRECTION ( 'NONE',  ( 0.000000000000000000, -1.000000000000000000, 0.000000000000000000 ) ) ;
#3053 = AXIS2_PLACEMENT_3D ( 'NONE', #3404, #1295, #415 ) ;
#3054 = CARTESIAN_POINT ( 'NONE',  ( 1.994000000000000217, -0.8760000000000000009, 0.3180000000000000049 ) ) ;
#3055 = ORIENTED_EDGE ( 'NONE', *, *, #3616, .F. ) ;
#3056 = CARTESIAN_POINT ( 'NONE',  ( 3.099000000000000199, -2.145999999999999908, 0.07900000000000000078 ) ) ;
#3057 = VECTOR ( 'NONE', #1111, 1000.000000000000000 ) ;
#3058 = CARTESIAN_POINT ( 'NONE',  ( -3.099000000000000199, 1.663999999999999924, 0.07900000000000000078 ) ) ;
#3059 = ORIENTED_EDGE ( 'NONE', *, *, #734, .F. ) ;
#3060 = AXIS2_PLACEMENT_3D ( 'NONE', #3536, #1723, #1124 ) ;
#3061 = DIRECTION ( 'NONE',  ( 0.000000000000000000, 1.000000000000000000, 0.000000000000000000 ) ) ;
#3062 = PLANE ( 'NONE',  #234 ) ;
#3063 = VERTEX_POINT ( 'NONE', #888 ) ;
#3064 = CARTESIAN_POINT ( 'NONE',  ( 2.516000000000000014, -0.8760000000000000009, 0.1179999999999999938 ) ) ;
#3065 = EDGE_CURVE ( 'NONE', #1531, #1959, #2701, .T. ) ;
#3066 = LINE ( 'NONE', #1538, #2983 ) ;
#3067 = ORIENTED_EDGE ( 'NONE', *, *, #509, .T. ) ;
#3068 = CARTESIAN_POINT ( 'NONE',  ( -1.994000000000000217, -1.663999999999999924, 0.2380000000000000171 ) ) ;
#3069 = DIRECTION ( 'NONE',  ( 0.000000000000000000, 1.000000000000000000, 0.000000000000000000 ) ) ;
#3070 = EDGE_CURVE ( 'NONE', #900, #884, #164, .T. ) ;
#3071 = LINE ( 'NONE', #2121, #518 ) ;
#3072 = FACE_OUTER_BOUND ( 'NONE', #2003, .T. ) ;
#3073 = VERTEX_POINT ( 'NONE', #2327 ) ;
#3074 = VECTOR ( 'NONE', #3172, 1000.000000000000000 ) ;
#3075 = FACE_OUTER_BOUND ( 'NONE', #170, .T. ) ;
#3076 = ORIENTED_EDGE ( 'NONE', *, *, #593, .T. ) ;
#3077 = DIRECTION ( 'NONE',  ( 0.000000000000000000, 1.000000000000000000, 0.000000000000000000 ) ) ;
#3078 = DIRECTION ( 'NONE',  ( -0.2589693139543370881, 0.000000000000000000, 0.9658855493432024764 ) ) ;
#3079 = EDGE_LOOP ( 'NONE', ( #2002, #3695, #2618, #2384 ) ) ;
#3080 = CARTESIAN_POINT ( 'NONE',  ( -2.422999999999999599, 0.8760000000000000009, 0.3180000000000000049 ) ) ;
#3081 = CARTESIAN_POINT ( 'NONE',  ( -2.669999999999999929, -1.663999999999999924, 0.1590000000000000024 ) ) ;
#3082 = ORIENTED_EDGE ( 'NONE', *, *, #2946, .T. ) ;
#3083 = EDGE_CURVE ( 'NONE', #2628, #3278, #291, .T. ) ;
#3084 = CARTESIAN_POINT ( 'NONE',  ( 2.669999999999999929, -1.985333333333333394, 0.0002499999999999789717 ) ) ;
#3085 = DIRECTION ( 'NONE',  ( 0.000000000000000000, -1.000000000000000000, 0.000000000000000000 ) ) ;
#3086 = CARTESIAN_POINT ( 'NONE',  ( -2.669999999999999929, -0.8760000000000000009, 0.000000000000000000 ) ) ;
#3087 = DIRECTION ( 'NONE',  ( 0.000000000000000000, -1.000000000000000000, 0.000000000000000000 ) ) ;
#3088 = ORIENTED_EDGE ( 'NONE', *, *, #2944, .T. ) ;
#3089 = EDGE_CURVE ( 'NONE', #1980, #1262, #2024, .T. ) ;
#3090 = SURFACE_SIDE_STYLE ('',( #1888 ) ) ;
#3091 = LINE ( 'NONE', #398, #2157 ) ;
#3092 = ORIENTED_EDGE ( 'NONE', *, *, #50, .T. ) ;
#3093 = CARTESIAN_POINT ( 'NONE',  ( -2.499825768919332170, 1.985333333333333394, 0.1789547451738525141 ) ) ;
#3094 = CARTESIAN_POINT ( 'NONE',  ( -2.422999999999999599, 0.8760000000000000009, 0.2380000000000000171 ) ) ;
#3095 = ORIENTED_EDGE ( 'NONE', *, *, #3689, .F. ) ;
#3096 = DIRECTION ( 'NONE',  ( 0.000000000000000000, 0.000000000000000000, 1.000000000000000000 ) ) ;
#3097 = LINE ( 'NONE', #2517, #99 ) ;
#3098 = VERTEX_POINT ( 'NONE', #550 ) ;
#3099 = FILL_AREA_STYLE ('',( #3747 ) ) ;
#3100 = LINE ( 'NONE', #1917, #1125 ) ;
#3101 = CIRCLE ( 'NONE', #3357, 0.07937499999999989009 ) ;
#3102 = CARTESIAN_POINT ( 'NONE',  ( -2.576339779398220120, -0.5546666666666666412, 0.2000910519956014544 ) ) ;
#3103 = CARTESIAN_POINT ( 'NONE',  ( 1.994000000000000217, 0.3939999999999999614, 0.3180000000000000049 ) ) ;
#3104 = ORIENTED_EDGE ( 'NONE', *, *, #2864, .T. ) ;
#3105 = VECTOR ( 'NONE', #3280, 1000.000000000000000 ) ;
#3106 = DIRECTION ( 'NONE',  ( 1.000000000000000000, 0.000000000000000000, 0.000000000000000000 ) ) ;
#3107 = VECTOR ( 'NONE', #3570, 1000.000000000000000 ) ;
#3108 = EDGE_CURVE ( 'NONE', #456, #3152, #600, .T. ) ;
#3109 = DIRECTION ( 'NONE',  ( -0.000000000000000000, 1.000000000000000000, 0.000000000000000000 ) ) ;
#3110 = CARTESIAN_POINT ( 'NONE',  ( 2.669999999999999929, -1.663999999999999924, 0.07900000000000000078 ) ) ;
#3111 = VERTEX_POINT ( 'NONE', #2347 ) ;
#3112 = CIRCLE ( 'NONE', #475, 0.07937499999999989009 ) ;
#3113 = EDGE_CURVE ( 'NONE', #38, #3170, #3493, .T. ) ;
#3114 = CYLINDRICAL_SURFACE ( 'NONE', #3359, 0.1587500000000000022 ) ;
#3115 = CARTESIAN_POINT ( 'NONE',  ( 2.669999999999999929, 0.7153333333333334876, 0.0002499999999999789717 ) ) ;
#3116 = LINE ( 'NONE', #743, #2736 ) ;
#3117 = VERTEX_POINT ( 'NONE', #3192 ) ;
#3118 = CARTESIAN_POINT ( 'NONE',  ( 1.994000000000000217, -0.3939999999999999614, 0.3180000000000000049 ) ) ;
#3119 = LINE ( 'NONE', #3727, #1188 ) ;
#3120 = CARTESIAN_POINT ( 'NONE',  ( 3.099000000000000199, 1.663999999999999924, 0.000000000000000000 ) ) ;
#3121 = CARTESIAN_POINT ( 'NONE',  ( -2.505443753163833165, -1.663999999999999924, 0.1586962719835399438 ) ) ;
#3122 = ORIENTED_EDGE ( 'NONE', *, *, #2709, .F. ) ;
#3123 = PRESENTATION_STYLE_ASSIGNMENT (( #767 ) ) ;
#3124 = DIRECTION ( 'NONE',  ( 1.000000000000000000, 0.000000000000000000, 0.000000000000000000 ) ) ;
#3125 = PLANE ( 'NONE',  #285 ) ;
#3126 = PRESENTATION_LAYER_ASSIGNMENT (  '', '', ( #1986 ) ) ;
#3127 = EDGE_CURVE ( 'NONE', #1071, #2940, #3881, .T. ) ;
#3128 = ORIENTED_EDGE ( 'NONE', *, *, #2482, .T. ) ;
#3129 = VECTOR ( 'NONE', #3847, 1000.000000000000000 ) ;
#3130 =( NAMED_UNIT ( * ) PLANE_ANGLE_UNIT ( ) SI_UNIT ( $, .RADIAN. ) );
#3131 = EDGE_CURVE ( 'NONE', #2403, #521, #2057, .T. ) ;
#3132 = PLANE ( 'NONE',  #1909 ) ;
#3133 = B_SPLINE_CURVE_WITH_KNOTS ( 'NONE', 3,
 ( #141, #394, #1640, #3439 ),
 .UNSPECIFIED., .F., .F.,
 ( 4, 4 ),
 ( 0.000000000000000000, 1.000000000000000000 ),
 .UNSPECIFIED. ) ;
#3134 = EDGE_CURVE ( 'NONE', #2718, #2250, #2686, .T. ) ;
#3135 = LINE ( 'NONE', #1131, #1964 ) ;
#3136 = ORIENTED_EDGE ( 'NONE', *, *, #423, .F. ) ;
#3137 = CARTESIAN_POINT ( 'NONE',  ( 2.510887506327666774, -2.145999999999999908, 0.1383925439670798951 ) ) ;
#3138 = LINE ( 'NONE', #152, #2126 ) ;
#3139 = LINE ( 'NONE', #175, #3212 ) ;
#3140 = DIRECTION ( 'NONE',  ( 0.000000000000000000, -1.000000000000000000, 0.000000000000000000 ) ) ;
#3141 = VERTEX_POINT ( 'NONE', #2668 ) ;
#3142 = CARTESIAN_POINT ( 'NONE',  ( 2.669999999999999929, 2.145999999999999908, 0.1590000000000000024 ) ) ;
#3143 = CARTESIAN_POINT ( 'NONE',  ( -2.576000000000000068, -0.8760000000000000009, 0.2000000000000000111 ) ) ;
#3144 = FACE_OUTER_BOUND ( 'NONE', #142, .T. ) ;
#3145 = EDGE_LOOP ( 'NONE', ( #3682, #3314, #3250, #2683 ) ) ;
#3146 = DIRECTION ( 'NONE',  ( 0.000000000000000000, 1.000000000000000000, 0.000000000000000000 ) ) ;
#3147 = LINE ( 'NONE', #2096, #1527 ) ;
#3148 = EDGE_LOOP ( 'NONE', ( #923, #1028, #2303, #2980 ) ) ;
#3149 = ADVANCED_FACE ( 'NONE', ( #3866 ), #1179, .T. ) ;
#3150 = CARTESIAN_POINT ( 'NONE',  ( 2.669999999999999929, 0.8760000000000000009, 0.1590000000000000024 ) ) ;
#3151 = ORIENTED_EDGE ( 'NONE', *, *, #3577, .T. ) ;
#3152 = VERTEX_POINT ( 'NONE', #2097 ) ;
#3153 = DIRECTION ( 'NONE',  ( -0.2589693139543370881, 0.000000000000000000, 0.9658855493432024764 ) ) ;
#3154 = LINE ( 'NONE', #1952, #94 ) ;
#3155 = FACE_OUTER_BOUND ( 'NONE', #3873, .T. ) ;
#3156 = ORIENTED_EDGE ( 'NONE', *, *, #3376, .F. ) ;
#3157 =( LENGTH_UNIT ( ) NAMED_UNIT ( * ) SI_UNIT ( .MILLI., .METRE. ) );
#3158 = AXIS2_PLACEMENT_3D ( 'NONE', #2241, #753, #1371 ) ;
#3159 = CARTESIAN_POINT ( 'NONE',  ( 2.669999999999999929, 2.145999999999999908, 0.07900000000000000078 ) ) ;
#3160 = STYLED_ITEM ( 'NONE', ( #389 ), #773 ) ;
#3161 = DIRECTION ( 'NONE',  ( 1.000000000000000000, 0.000000000000000000, 0.000000000000000000 ) ) ;
#3162 = VERTEX_POINT ( 'NONE', #615 ) ;
#3163 = ORIENTED_EDGE ( 'NONE', *, *, #1813, .F. ) ;
#3164 = ORIENTED_EDGE ( 'NONE', *, *, #1064, .F. ) ;
#3165 = VECTOR ( 'NONE', #962, 1000.000000000000000 ) ;
#3166 = CARTESIAN_POINT ( 'NONE',  ( 2.422999999999999599, 1.985333333333333394, 0.3177499999999999769 ) ) ;
#3167 = B_SPLINE_CURVE_WITH_KNOTS ( 'NONE', 3,
 ( #729, #1383, #432, #2582 ),
 .UNSPECIFIED., .F., .F.,
 ( 4, 4 ),
 ( 0.000000000000000000, 1.000000000000000000 ),
 .UNSPECIFIED. ) ;
#3168 = CARTESIAN_POINT ( 'NONE',  ( 3.099000000000000199, 1.663999999999999924, 0.07900000000000000078 ) ) ;
#3169 = EDGE_LOOP ( 'NONE', ( #2852, #1600 ) ) ;
#3170 = VERTEX_POINT ( 'NONE', #317 ) ;
#3171 = EDGE_CURVE ( 'NONE', #2250, #3834, #1801, .T. ) ;
#3172 = DIRECTION ( 'NONE',  ( -0.2589693139543370881, 0.000000000000000000, 0.9658855493432024764 ) ) ;
#3173 = FACE_OUTER_BOUND ( 'NONE', #1767, .T. ) ;
#3174 = CARTESIAN_POINT ( 'NONE',  ( -1.994000000000000217, 1.663999999999999924, 0.2380000000000000171 ) ) ;
#3175 = ORIENTED_EDGE ( 'NONE', *, *, #1991, .F. ) ;
#3176 = DIRECTION ( 'NONE',  ( -1.000000000000000000, 0.000000000000000000, 0.000000000000000000 ) ) ;
#3177 = B_SPLINE_CURVE_WITH_KNOTS ( 'NONE', 3,
 ( #478, #2459, #1062, #3662 ),
 .UNSPECIFIED., .F., .F.,
 ( 4, 4 ),
 ( 0.000000000000000000, 1.000000000000000000 ),
 .UNSPECIFIED. ) ;
#3178 = ADVANCED_FACE ( 'NONE', ( #3593 ), #8, .F. ) ;
#3179 = PLANE ( 'NONE',  #2538 ) ;
#3180 = PLANE ( 'NONE',  #718 ) ;
#3181 = EDGE_LOOP ( 'NONE', ( #1946, #344, #893, #2966 ) ) ;
#3182 = ORIENTED_EDGE ( 'NONE', *, *, #2496, .T. ) ;
#3183 = VERTEX_POINT ( 'NONE', #1198 ) ;
#3184 = CARTESIAN_POINT ( 'NONE',  ( -1.994000000000000217, -1.663999999999999924, 0.2380000000000000171 ) ) ;
#3185 = PLANE ( 'NONE',  #2600 ) ;
#3186 = AXIS2_PLACEMENT_3D ( 'NONE', #3734, #2330, #1696 ) ;
#3187 = LINE ( 'NONE', #3802, #2796 ) ;
#3188 = ORIENTED_EDGE ( 'NONE', *, *, #3829, .F. ) ;
#3189 = ORIENTED_EDGE ( 'NONE', *, *, #374, .T. ) ;
#3190 = DIRECTION ( 'NONE',  ( 0.000000000000000000, 0.000000000000000000, -1.000000000000000000 ) ) ;
#3191 = EDGE_CURVE ( 'NONE', #690, #3411, #2371, .T. ) ;
#3192 = CARTESIAN_POINT ( 'NONE',  ( -2.669999999999999929, 2.145999999999999908, 0.000000000000000000 ) ) ;
#3193 = DIRECTION ( 'NONE',  ( 0.000000000000000000, 0.000000000000000000, -1.000000000000000000 ) ) ;
#3194 = ORIENTED_EDGE ( 'NONE', *, *, #3191, .F. ) ;
#3195 = CARTESIAN_POINT ( 'NONE',  ( 2.505443753163833165, 1.663999999999999924, 0.1586962719835399438 ) ) ;
#3196 = EDGE_CURVE ( 'NONE', #1337, #3457, #3569, .T. ) ;
#3197 = EDGE_CURVE ( 'NONE', #1228, #1262, #2087, .T. ) ;
#3198 = DIRECTION ( 'NONE',  ( 1.000000000000000000, 0.000000000000000000, 0.000000000000000000 ) ) ;
#3199 = CARTESIAN_POINT ( 'NONE',  ( -2.576000000000000068, 2.145999999999999908, 0.2000000000000000111 ) ) ;
#3200 = CARTESIAN_POINT ( 'NONE',  ( 2.581549486438380558, 0.8760000000000000009, 0.1793019154460393227 ) ) ;
#3201 = EDGE_CURVE ( 'NONE', #859, #1990, #3854, .T. ) ;
#3202 = ORIENTED_EDGE ( 'NONE', *, *, #3533, .F. ) ;
#3203 = ORIENTED_EDGE ( 'NONE', *, *, #665, .T. ) ;
#3204 = CARTESIAN_POINT ( 'NONE',  ( -2.669999999999999929, 1.663999999999999924, 0.07900000000000000078 ) ) ;
#3205 = ADVANCED_BREP_SHAPE_REPRESENTATION ( 'LT1963AES8#PBF', ( #773, #875, #882, #3454, #3382, #3389, #3465, #2076, #2169, #896, #1003 ), #689 ) ;
#3206 =( NAMED_UNIT ( * ) PLANE_ANGLE_UNIT ( ) SI_UNIT ( $, .RADIAN. ) );
#3207 = CARTESIAN_POINT ( 'NONE',  ( 2.422999999999999599, 0.7153333333333334876, 0.2383749999999999758 ) ) ;
#3208 = ORIENTED_EDGE ( 'NONE', *, *, #2545, .T. ) ;
#3209 = ORIENTED_EDGE ( 'NONE', *, *, #2594, .T. ) ;
#3210 = SURFACE_STYLE_FILL_AREA ( #1735 ) ;
#3211 = B_SPLINE_CURVE_WITH_KNOTS ( 'NONE', 3,
 ( #155, #3470, #3455, #3766 ),
 .UNSPECIFIED., .F., .F.,
 ( 4, 4 ),
 ( 0.000000000000000000, 1.000000000000000000 ),
 .UNSPECIFIED. ) ;
#3212 = VECTOR ( 'NONE', #2236, 1000.000000000000000 ) ;
#3213 = DIRECTION ( 'NONE',  ( 0.000000000000000000, -1.000000000000000000, 0.000000000000000000 ) ) ;
#3214 = B_SPLINE_CURVE_WITH_KNOTS ( 'NONE', 3,
 ( #2, #3235, #3587, #1795 ),
 .UNSPECIFIED., .F., .F.,
 ( 4, 4 ),
 ( 0.000000000000000000, 1.000000000000000000 ),
 .UNSPECIFIED. ) ;
#3215 = CARTESIAN_POINT ( 'NONE',  ( 2.669999999999999929, 1.663999999999999924, 0.000000000000000000 ) ) ;
#3216 = DIRECTION ( 'NONE',  ( 0.000000000000000000, -1.000000000000000000, 0.000000000000000000 ) ) ;
#3217 = ORIENTED_EDGE ( 'NONE', *, *, #659, .T. ) ;
#3218 = CARTESIAN_POINT ( 'NONE',  ( 2.669999999999999929, -0.3939999999999999614, 0.07900000000000000078 ) ) ;
#3219 = DIRECTION ( 'NONE',  ( -1.000000000000000000, 0.000000000000000000, 0.000000000000000000 ) ) ;
#3220 = CARTESIAN_POINT ( 'NONE',  ( 2.576000000000000068, -0.3939999999999999614, 0.2000000000000000111 ) ) ;
#3221 = DIRECTION ( 'NONE',  ( 0.000000000000000000, 0.000000000000000000, 1.000000000000000000 ) ) ;
#3222 = ORIENTED_EDGE ( 'NONE', *, *, #2244, .F. ) ;
#3223 = VERTEX_POINT ( 'NONE', #1167 ) ;
#3224 = EDGE_CURVE ( 'NONE', #1873, #3757, #1453, .T. ) ;
#3225 = CARTESIAN_POINT ( 'NONE',  ( -2.587098972876761493, 0.3939999999999999614, 0.1586038308920786621 ) ) ;
#3226 = VECTOR ( 'NONE', #2798, 1000.000000000000000 ) ;
#3227 = PRESENTATION_LAYER_ASSIGNMENT (  '', '', ( #3160 ) ) ;
#3228 = DIRECTION ( 'NONE',  ( 0.7931070766835159880, 0.000000000000000000, -0.6090822316522849222 ) ) ;
#3229 = VECTOR ( 'NONE', #3334, 1000.000000000000000 ) ;
#3230 = ORIENTED_EDGE ( 'NONE', *, *, #1560, .T. ) ;
#3231 = EDGE_CURVE ( 'NONE', #3063, #445, #2837, .T. ) ;
#3232 = AXIS2_PLACEMENT_3D ( 'NONE', #2263, #759, #1944 ) ;
#3233 =( GEOMETRIC_REPRESENTATION_CONTEXT ( 3 ) GLOBAL_UNCERTAINTY_ASSIGNED_CONTEXT ( ( #1130 ) ) GLOBAL_UNIT_ASSIGNED_CONTEXT ( ( #774, #3130, #1067 ) ) REPRESENTATION_CONTEXT ( 'NONE', 'WORKASPACE' ) );
#3234 = EDGE_CURVE ( 'NONE', #1470, #2200, #2056, .T. ) ;
#3235 = CARTESIAN_POINT ( 'NONE',  ( 2.499825768919332170, -0.5546666666666666412, 0.1789547451738525141 ) ) ;
#3236 = AXIS2_PLACEMENT_3D ( 'NONE', #2298, #3851, #262 ) ;
#3237 = VERTEX_POINT ( 'NONE', #1105 ) ;
#3238 = ORIENTED_EDGE ( 'NONE', *, *, #1467, .T. ) ;
#3239 = CARTESIAN_POINT ( 'NONE',  ( -3.099000000000000199, -0.8760000000000000009, 0.07900000000000000078 ) ) ;
#3240 = APPLICATION_PROTOCOL_DEFINITION ( 'draft international standard', 'automotive_design', 1998, #863 ) ;
#3241 = AXIS2_PLACEMENT_3D ( 'NONE', #65, #1802, #3027 ) ;
#3242 = DIRECTION ( 'NONE',  ( 0.7931070766835158770, 0.000000000000000000, 0.6090822316522849222 ) ) ;
#3243 = DIRECTION ( 'NONE',  ( -0.7931070766835159880, 0.000000000000000000, -0.6090822316522849222 ) ) ;
#3244 = ORIENTED_EDGE ( 'NONE', *, *, #3830, .T. ) ;
#3245 = CARTESIAN_POINT ( 'NONE',  ( -2.516000000000000014, -0.3939999999999999614, 0.1179999999999999938 ) ) ;
#3246 = CLOSED_SHELL ( 'NONE', ( #3014, #625, #713, #3378, #516, #834, #3591, #2129, #1705, #760, #2501, #2454, #306, #569 ) ) ;
#3247 = FACE_OUTER_BOUND ( 'NONE', #587, .T. ) ;
#3248 = FACE_OUTER_BOUND ( 'NONE', #1452, .T. ) ;
#3249 = FACE_OUTER_BOUND ( 'NONE', #2941, .T. ) ;
#3250 = ORIENTED_EDGE ( 'NONE', *, *, #3197, .F. ) ;
#3251 = ORIENTED_EDGE ( 'NONE', *, *, #1422, .T. ) ;
#3252 = CARTESIAN_POINT ( 'NONE',  ( -2.669999999999999929, 0.8760000000000000009, 0.07900000000000000078 ) ) ;
#3253 = ADVANCED_FACE ( 'NONE', ( #2320 ), #3522, .T. ) ;
#3254 = CARTESIAN_POINT ( 'NONE',  ( 2.422999999999999599, -2.145999999999999908, 0.2380000000000000171 ) ) ;
#3255 = VERTEX_POINT ( 'NONE', #3836 ) ;
#3256 = COLOUR_RGB ( '',0.7215686274509803821, 0.7215686274509803821, 0.7215686274509803821 ) ;
#3257 = EDGE_CURVE ( 'NONE', #408, #639, #2338, .T. ) ;
#3258 = DIRECTION ( 'NONE',  ( -1.000000000000000000, 0.000000000000000000, 0.000000000000000000 ) ) ;
#3259 = VERTEX_POINT ( 'NONE', #2301 ) ;
#3260 = ORIENTED_EDGE ( 'NONE', *, *, #2997, .F. ) ;
#3261 = CARTESIAN_POINT ( 'NONE',  ( 2.669999999999999929, 0.3939999999999999614, 0.000000000000000000 ) ) ;
#3262 = AXIS2_PLACEMENT_3D ( 'NONE', #3480, #2017, #223 ) ;
#3263 = ADVANCED_FACE ( 'NONE', ( #2047 ), #3564, .T. ) ;
#3264 = AXIS2_PLACEMENT_3D ( 'NONE', #1838, #10, #1501 ) ;
#3265 = CARTESIAN_POINT ( 'NONE',  ( -1.994000000000000217, 2.501999999999999780, 1.752999999999999892 ) ) ;
#3266 = CARTESIAN_POINT ( 'NONE',  ( 2.422999999999999599, -0.3939999999999999614, 0.1590000000000000024 ) ) ;
#3267 = ORIENTED_EDGE ( 'NONE', *, *, #1351, .T. ) ;
#3268 = LINE ( 'NONE', #1158, #751 ) ;
#3269 = CARTESIAN_POINT ( 'NONE',  ( -2.516000000000000014, 1.663999999999999924, 0.1179999999999999938 ) ) ;
#3270 = DIRECTION ( 'NONE',  ( 0.000000000000000000, 1.000000000000000000, 0.000000000000000000 ) ) ;
#3271 = CARTESIAN_POINT ( 'NONE',  ( 1.994000000000000217, -0.3939999999999999614, 0.3180000000000000049 ) ) ;
#3272 = ORIENTED_EDGE ( 'NONE', *, *, #3635, .T. ) ;
#3273 = ORIENTED_EDGE ( 'NONE', *, *, #1584, .F. ) ;
#3274 = DIRECTION ( 'NONE',  ( 0.000000000000000000, -1.000000000000000000, 0.000000000000000000 ) ) ;
#3275 = CARTESIAN_POINT ( 'NONE',  ( 2.422999999999999599, 1.663999999999999924, 0.3180000000000000049 ) ) ;
#3276 = ORIENTED_EDGE ( 'NONE', *, *, #274, .T. ) ;
#3277 = CYLINDRICAL_SURFACE ( 'NONE', #529, 0.1587500000000000022 ) ;
#3278 = VERTEX_POINT ( 'NONE', #1982 ) ;
#3279 = VERTEX_POINT ( 'NONE', #874 ) ;
#3280 = DIRECTION ( 'NONE',  ( 1.000000000000000000, 0.000000000000000000, 0.000000000000000000 ) ) ;
#3281 = ADVANCED_FACE ( 'NONE', ( #2974 ), #1688, .T. ) ;
#3282 = EDGE_CURVE ( 'NONE', #3862, #739, #2124, .T. ) ;
#3283 = DIRECTION ( 'NONE',  ( -0.9658855493432024764, 0.000000000000000000, 0.2589693139543370881 ) ) ;
#3284 = CARTESIAN_POINT ( 'NONE',  ( 2.669999999999999929, 1.985333333333333394, 0.0002499999999999789717 ) ) ;
#3285 = FACE_OUTER_BOUND ( 'NONE', #700, .T. ) ;
#3286 = CARTESIAN_POINT ( 'NONE',  ( 2.593421871689254754, 0.7153333333333334876, 0.1381150559152513890 ) ) ;
#3287 = LINE ( 'NONE', #2951, #3034 ) ;
#3288 = CARTESIAN_POINT ( 'NONE',  ( 2.592999999999999972, 1.663999999999999924, 0.1379999999999999838 ) ) ;
#3289 = ORIENTED_EDGE ( 'NONE', *, *, #2413, .F. ) ;
#3290 = EDGE_LOOP ( 'NONE', ( #3293, #812, #3156, #303 ) ) ;
#3291 = DIRECTION ( 'NONE',  ( 0.000000000000000000, 0.000000000000000000, 1.000000000000000000 ) ) ;
#3292 = CARTESIAN_POINT ( 'NONE',  ( 2.499825768919332170, 1.985333333333333394, 0.1789547451738525141 ) ) ;
#3293 = ORIENTED_EDGE ( 'NONE', *, *, #1629, .F. ) ;
#3294 = VECTOR ( 'NONE', #988, 1000.000000000000000 ) ;
#3295 = LINE ( 'NONE', #1456, #3107 ) ;
#3296 = ORIENTED_EDGE ( 'NONE', *, *, #2292, .T. ) ;
#3297 = ORIENTED_EDGE ( 'NONE', *, *, #1377, .F. ) ;
#3298 = AXIS2_PLACEMENT_3D ( 'NONE', #3551, #2562, #3783 ) ;
#3299 = CARTESIAN_POINT ( 'NONE',  ( -2.592999999999999972, -1.663999999999999924, 0.1379999999999999838 ) ) ;
#3300 = VECTOR ( 'NONE', #3506, 1000.000000000000000 ) ;
#3301 = CIRCLE ( 'NONE', #1595, 0.1587499999999997802 ) ;
#3302 = DIRECTION ( 'NONE',  ( -0.7931070766835159880, 0.000000000000000000, -0.6090822316522849222 ) ) ;
#3303 = EDGE_CURVE ( 'NONE', #32, #3328, #2816, .T. ) ;
#3304 = CARTESIAN_POINT ( 'NONE',  ( 2.669999999999999929, -0.8760000000000000009, 0.000000000000000000 ) ) ;
#3305 = DIRECTION ( 'NONE',  ( 0.000000000000000000, -1.000000000000000000, 0.000000000000000000 ) ) ;
#3306 = CARTESIAN_POINT ( 'NONE',  ( 3.099000000000000199, 2.145999999999999908, 0.000000000000000000 ) ) ;
#3307 = CARTESIAN_POINT ( 'NONE',  ( 2.422999999999999599, 0.7153333333333334876, 0.3177499999999999769 ) ) ;
#3308 = CARTESIAN_POINT ( 'NONE',  ( 2.581549486438380558, -1.663999999999999924, 0.1793019154460393227 ) ) ;
#3309 = VERTEX_POINT ( 'NONE', #2067 ) ;
#3310 = ORIENTED_EDGE ( 'NONE', *, *, #1212, .T. ) ;
#3311 = EDGE_CURVE ( 'NONE', #1451, #331, #2269, .T. ) ;
#3312 = CARTESIAN_POINT ( 'NONE',  ( 3.099000000000000199, 0.8760000000000000009, 0.07900000000000000078 ) ) ;
#3313 = DIRECTION ( 'NONE',  ( 0.000000000000000000, 0.000000000000000000, -1.000000000000000000 ) ) ;
#3314 = ORIENTED_EDGE ( 'NONE', *, *, #954, .F. ) ;
#3315 = DIRECTION ( 'NONE',  ( -1.000000000000000000, 0.000000000000000000, 0.000000000000000000 ) ) ;
#3316 = VERTEX_POINT ( 'NONE', #3204 ) ;
#3317 = ORIENTED_EDGE ( 'NONE', *, *, #1899, .T. ) ;
#3318 = DIRECTION ( 'NONE',  ( 1.000000000000000000, 0.000000000000000000, 0.000000000000000000 ) ) ;
#3319 = AXIS2_PLACEMENT_3D ( 'NONE', #505, #2964, #1461 ) ;
#3320 = DIRECTION ( 'NONE',  ( 0.000000000000000000, -1.000000000000000000, 0.000000000000000000 ) ) ;
#3321 = PLANE ( 'NONE',  #2662 ) ;
#3322 = DIRECTION ( 'NONE',  ( 0.000000000000000000, 0.000000000000000000, -1.000000000000000000 ) ) ;
#3323 = AXIS2_PLACEMENT_3D ( 'NONE', #2809, #119, #138 ) ;
#3324 = ADVANCED_FACE ( 'NONE', ( #1473 ), #3798, .F. ) ;
#3325 = DIRECTION ( 'NONE',  ( -0.9658855493432024764, 0.000000000000000000, 0.2589693139543370881 ) ) ;
#3326 = CARTESIAN_POINT ( 'NONE',  ( 2.500000000000000000, -2.145999999999999908, 0.1789999999999999925 ) ) ;
#3327 = PRODUCT_DEFINITION_FORMATION_WITH_SPECIFIED_SOURCE ( 'ANY', '', #2363, .NOT_KNOWN. ) ;
#3328 = VERTEX_POINT ( 'NONE', #2715 ) ;
#3329 = EDGE_CURVE ( 'NONE', #1832, #1203, #341, .T. ) ;
#3330 = EDGE_CURVE ( 'NONE', #123, #2488, #2109, .T. ) ;
#3331 = FACE_OUTER_BOUND ( 'NONE', #2173, .T. ) ;
#3332 = ORIENTED_EDGE ( 'NONE', *, *, #2894, .F. ) ;
#3333 = B_SPLINE_CURVE_WITH_KNOTS ( 'NONE', 3,
 ( #3780, #3451, #3466, #836 ),
 .UNSPECIFIED., .F., .F.,
 ( 4, 4 ),
 ( 0.000000000000000000, 1.000000000000000000 ),
 .UNSPECIFIED. ) ;
#3334 = DIRECTION ( 'NONE',  ( 0.000000000000000000, 0.000000000000000000, -1.000000000000000000 ) ) ;
#3335 = ORIENTED_EDGE ( 'NONE', *, *, #3134, .F. ) ;
#3336 = ORIENTED_EDGE ( 'NONE', *, *, #3521, .T. ) ;
#3337 = CARTESIAN_POINT ( 'NONE',  ( -2.576000000000000068, 1.663999999999999924, 0.2000000000000000111 ) ) ;
#3338 = DIRECTION ( 'NONE',  ( 0.000000000000000000, -1.000000000000000000, 0.000000000000000000 ) ) ;
#3339 = LINE ( 'NONE', #2078, #3732 ) ;
#3340 = CARTESIAN_POINT ( 'NONE',  ( -2.500000000000000000, -1.663999999999999924, 0.1789999999999999925 ) ) ;
#3341 = CARTESIAN_POINT ( 'NONE',  ( -2.422999999999999599, -2.145999999999999908, 0.2380000000000000171 ) ) ;
#3342 = CARTESIAN_POINT ( 'NONE',  ( -2.516000000000000014, 1.663999999999999924, 0.1179999999999999938 ) ) ;
#3343 = DIRECTION ( 'NONE',  ( 0.000000000000000000, 0.000000000000000000, -1.000000000000000000 ) ) ;
#3344 = ORIENTED_EDGE ( 'NONE', *, *, #1447, .T. ) ;
#3345 = FILL_AREA_STYLE_COLOUR ( '', #2621 ) ;
#3346 = LINE ( 'NONE', #3110, #3226 ) ;
#3347 = EDGE_CURVE ( 'NONE', #552, #702, #1187, .T. ) ;
#3348 = ORIENTED_EDGE ( 'NONE', *, *, #509, .F. ) ;
#3349 = DIRECTION ( 'NONE',  ( 0.2589693139543370881, 0.000000000000000000, 0.9658855493432024764 ) ) ;
#3350 = VERTEX_POINT ( 'NONE', #33 ) ;
#3351 = ORIENTED_EDGE ( 'NONE', *, *, #3311, .F. ) ;
#3352 = EDGE_CURVE ( 'NONE', #859, #444, #1547, .T. ) ;
#3353 = AXIS2_PLACEMENT_3D ( 'NONE', #1666, #145, #809 ) ;
#3354 = CARTESIAN_POINT ( 'NONE',  ( 2.516000000000000014, 0.8760000000000000009, 0.1179999999999999938 ) ) ;
#3355 = ORIENTED_EDGE ( 'NONE', *, *, #3447, .T. ) ;
#3356 = B_SPLINE_CURVE_WITH_KNOTS ( 'NONE', 3,
 ( #1024, #474, #2220, #3422 ),
 .UNSPECIFIED., .F., .F.,
 ( 4, 4 ),
 ( 0.000000000000000000, 1.000000000000000000 ),
 .UNSPECIFIED. ) ;
#3357 = AXIS2_PLACEMENT_3D ( 'NONE', #1622, #2198, #2523 ) ;
#3358 = CARTESIAN_POINT ( 'NONE',  ( -2.592999999999999972, -1.663999999999999924, 0.1379999999999999838 ) ) ;
#3359 = AXIS2_PLACEMENT_3D ( 'NONE', #1301, #3061, #3039 ) ;
#3360 = VECTOR ( 'NONE', #3684, 1000.000000000000000 ) ;
#3361 = FACE_OUTER_BOUND ( 'NONE', #1733, .T. ) ;
#3362 = DIRECTION ( 'NONE',  ( -0.7931070766835159880, 0.000000000000000000, -0.6090822316522849222 ) ) ;
#3363 = CIRCLE ( 'NONE', #2038, 0.1587499999999997802 ) ;
#3364 = DIRECTION ( 'NONE',  ( 0.000000000000000000, 0.000000000000000000, 1.000000000000000000 ) ) ;
#3365 = ORIENTED_EDGE ( 'NONE', *, *, #2314, .T. ) ;
#3366 = CARTESIAN_POINT ( 'NONE',  ( 1.994000000000000217, 0.3939999999999999614, 0.2380000000000000171 ) ) ;
#3367 = VECTOR ( 'NONE', #172, 1000.000000000000000 ) ;
#3368 = CARTESIAN_POINT ( 'NONE',  ( -2.669999999999999929, 1.824666666666666437, 0.07962499999999998745 ) ) ;
#3369 = ORIENTED_EDGE ( 'NONE', *, *, #2197, .T. ) ;
#3370 = EDGE_CURVE ( 'NONE', #1110, #951, #658, .T. ) ;
#3371 = CARTESIAN_POINT ( 'NONE',  ( -2.592999999999999972, -2.145999999999999908, 0.1379999999999999838 ) ) ;
#3372 = DIRECTION ( 'NONE',  ( 0.000000000000000000, 0.000000000000000000, -1.000000000000000000 ) ) ;
#3373 = VERTEX_POINT ( 'NONE', #3056 ) ;
#3374 = FACE_OUTER_BOUND ( 'NONE', #580, .T. ) ;
#3375 = B_SPLINE_CURVE_WITH_KNOTS ( 'NONE', 3,
 ( #3094, #111, #384, #91 ),
 .UNSPECIFIED., .F., .F.,
 ( 4, 4 ),
 ( 0.000000000000000000, 1.000000000000000000 ),
 .UNSPECIFIED. ) ;
#3376 = EDGE_CURVE ( 'NONE', #1985, #1981, #2379, .T. ) ;
#3377 = LINE ( 'NONE', #3721, #410 ) ;
#3378 = ADVANCED_FACE ( 'NONE', ( #914 ), #934, .F. ) ;
#3379 = ORIENTED_EDGE ( 'NONE', *, *, #497, .T. ) ;
#3380 =( NAMED_UNIT ( * ) PLANE_ANGLE_UNIT ( ) SI_UNIT ( $, .RADIAN. ) );
#3381 = CARTESIAN_POINT ( 'NONE',  ( -1.994000000000000217, 0.3939999999999999614, 0.2380000000000000171 ) ) ;
#3382 = MANIFOLD_SOLID_BREP ( 'Imported5', #3743 ) ;
#3383 = VECTOR ( 'NONE', #1145, 1000.000000000000000 ) ;
#3384 = LINE ( 'NONE', #694, #2900 ) ;
#3385 = DIRECTION ( 'NONE',  ( 0.000000000000000000, -1.000000000000000000, 0.000000000000000000 ) ) ;
#3386 = ORIENTED_EDGE ( 'NONE', *, *, #544, .F. ) ;
#3387 = AXIS2_PLACEMENT_3D ( 'NONE', #1405, #553, #2608 ) ;
#3388 = FILL_AREA_STYLE ('',( #2182 ) ) ;
#3389 = MANIFOLD_SOLID_BREP ( 'Imported6', #1232 ) ;
#3390 = LINE ( 'NONE', #55, #3044 ) ;
#3391 = ORIENTED_EDGE ( 'NONE', *, *, #3808, .F. ) ;
#3392 = CARTESIAN_POINT ( 'NONE',  ( 1.994000000000000217, 2.145999999999999908, 0.2380000000000000171 ) ) ;
#3393 = EDGE_LOOP ( 'NONE', ( #2723, #277, #3676, #422 ) ) ;
#3394 = VERTEX_POINT ( 'NONE', #362 ) ;
#3395 = CARTESIAN_POINT ( 'NONE',  ( -2.422999999999999599, 0.8760000000000000009, 0.3180000000000000049 ) ) ;
#3396 = CARTESIAN_POINT ( 'NONE',  ( -2.422999999999999599, -0.8760000000000000009, 0.2380000000000000171 ) ) ;
#3397 = VERTEX_POINT ( 'NONE', #3442 ) ;
#3398 = DIRECTION ( 'NONE',  ( 0.9658855493432024764, 0.000000000000000000, -0.2589693139543370881 ) ) ;
#3399 = ADVANCED_FACE ( 'NONE', ( #1642 ), #15, .T. ) ;
#3400 = DIRECTION ( 'NONE',  ( 1.000000000000000000, 0.000000000000000000, 0.000000000000000000 ) ) ;
#3401 = EDGE_CURVE ( 'NONE', #630, #3397, #418, .T. ) ;
#3402 = B_SPLINE_CURVE_WITH_KNOTS ( 'NONE', 3,
 ( #709, #2485, #100, #3748 ),
 .UNSPECIFIED., .F., .F.,
 ( 4, 4 ),
 ( 0.000000000000000000, 1.000000000000000000 ),
 .UNSPECIFIED. ) ;
#3403 = LINE ( 'NONE', #1973, #1327 ) ;
#3404 = CARTESIAN_POINT ( 'NONE',  ( 2.422999999999999599, 0.3939999999999999614, 0.1590000000000000024 ) ) ;
#3405 = ORIENTED_EDGE ( 'NONE', *, *, #1314, .T. ) ;
#3406 = EDGE_CURVE ( 'NONE', #3789, #3237, #2813, .T. ) ;
#3407 = DIRECTION ( 'NONE',  ( 0.000000000000000000, 1.000000000000000000, 0.000000000000000000 ) ) ;
#3408 = CARTESIAN_POINT ( 'NONE',  ( 2.422999999999999599, -0.3939999999999999614, 0.2380000000000000171 ) ) ;
#3409 = ORIENTED_EDGE ( 'NONE', *, *, #250, .T. ) ;
#3410 = LINE ( 'NONE', #1612, #1530 ) ;
#3411 = VERTEX_POINT ( 'NONE', #697 ) ;
#3412 = CARTESIAN_POINT ( 'NONE',  ( 2.516593682343122307, -1.824666666666666437, 0.1181580582861557344 ) ) ;
#3413 = CARTESIAN_POINT ( 'NONE',  ( -2.593421871689254754, 0.5546666666666666412, 0.1381150559152513890 ) ) ;
#3414 = ORIENTED_EDGE ( 'NONE', *, *, #2962, .T. ) ;
#3415 = CARTESIAN_POINT ( 'NONE',  ( 2.505443753163833165, -2.145999999999999908, 0.1586962719835399438 ) ) ;
#3416 = CARTESIAN_POINT ( 'NONE',  ( 1.994000000000000217, -2.145999999999999908, 0.2380000000000000171 ) ) ;
#3417 = EDGE_CURVE ( 'NONE', #3111, #489, #3869, .T. ) ;
#3418 = CARTESIAN_POINT ( 'NONE',  ( -1.994000000000000217, 0.8760000000000000009, 0.3180000000000000049 ) ) ;
#3419 = DIRECTION ( 'NONE',  ( 0.9658855493432024764, 0.000000000000000000, 0.2589693139543370881 ) ) ;
#3420 = VERTEX_POINT ( 'NONE', #1316 ) ;
#3421 = AXIS2_PLACEMENT_3D ( 'NONE', #2305, #670, #649 ) ;
#3422 = CARTESIAN_POINT ( 'NONE',  ( -2.500000000000000000, 0.8760000000000000009, 0.1789999999999999925 ) ) ;
#3423 = VECTOR ( 'NONE', #3349, 1000.000000000000000 ) ;
#3424 = EDGE_CURVE ( 'NONE', #3757, #1997, #3716, .T. ) ;
#3425 = CARTESIAN_POINT ( 'NONE',  ( -2.576000000000000068, -2.145999999999999908, 0.2000000000000000111 ) ) ;
#3426 = CIRCLE ( 'NONE', #224, 0.07937499999999990397 ) ;
#3427 = FACE_OUTER_BOUND ( 'NONE', #2892, .T. ) ;
#3428 = EDGE_CURVE ( 'NONE', #3098, #428, #2492, .T. ) ;
#3429 = ORIENTED_EDGE ( 'NONE', *, *, #2573, .T. ) ;
#3430 = CIRCLE ( 'NONE', #2742, 0.07937499999999990397 ) ;
#3431 = CARTESIAN_POINT ( 'NONE',  ( -1.994000000000000217, 1.663999999999999924, 0.2380000000000000171 ) ) ;
#3432 = FACE_OUTER_BOUND ( 'NONE', #2759, .T. ) ;
#3433 = CIRCLE ( 'NONE', #2546, 0.1587499999999997802 ) ;
#3434 = CARTESIAN_POINT ( 'NONE',  ( -2.576339779398220120, -1.824666666666666437, 0.2000910519956014544 ) ) ;
#3435 = ORIENTED_EDGE ( 'NONE', *, *, #3441, .T. ) ;
#3436 = CARTESIAN_POINT ( 'NONE',  ( 2.576000000000000068, 2.145999999999999908, 0.2000000000000000111 ) ) ;
#3437 = CYLINDRICAL_SURFACE ( 'NONE', #2762, 0.1587500000000000022 ) ;
#3438 = DIRECTION ( 'NONE',  ( 0.000000000000000000, 0.000000000000000000, -1.000000000000000000 ) ) ;
#3439 = CARTESIAN_POINT ( 'NONE',  ( 2.576000000000000068, 0.8760000000000000009, 0.2000000000000000111 ) ) ;
#3440 = EDGE_LOOP ( 'NONE', ( #2514, #190, #2525, #97 ) ) ;
#3441 = EDGE_CURVE ( 'NONE', #1419, #1690, #3458, .T. ) ;
#3442 = CARTESIAN_POINT ( 'NONE',  ( 3.099000000000000199, -2.145999999999999908, 0.000000000000000000 ) ) ;
#3443 = FACE_OUTER_BOUND ( 'NONE', #281, .T. ) ;
#3444 = CARTESIAN_POINT ( 'NONE',  ( 3.099000000000000199, -1.663999999999999924, 0.07900000000000000078 ) ) ;
#3445 = MECHANICAL_DESIGN_GEOMETRIC_PRESENTATION_REPRESENTATION (  '', ( #1986 ), #686 ) ;
#3446 = ORIENTED_EDGE ( 'NONE', *, *, #804, .T. ) ;
#3447 = EDGE_CURVE ( 'NONE', #1071, #1887, #3356, .T. ) ;
#3448 = COLOUR_RGB ( '',0.7215686274509803821, 0.7215686274509803821, 0.7215686274509803821 ) ;
#3449 = FILL_AREA_STYLE_COLOUR ( '', #3859 ) ;
#3450 = CARTESIAN_POINT ( 'NONE',  ( 3.099000000000000199, -1.663999999999999924, 0.07900000000000000078 ) ) ;
#3451 = CARTESIAN_POINT ( 'NONE',  ( 2.422999999999999599, -0.7153333333333334876, 0.2383749999999999758 ) ) ;
#3452 = ORIENTED_EDGE ( 'NONE', *, *, #3774, .F. ) ;
#3453 = EDGE_LOOP ( 'NONE', ( #2337, #1054, #3645, #1815 ) ) ;
#3454 = MANIFOLD_SOLID_BREP ( 'Imported4', #2048 ) ;
#3455 = CARTESIAN_POINT ( 'NONE',  ( 2.516593682343122307, -0.5546666666666666412, 0.1181580582861557344 ) ) ;
#3456 = LINE ( 'NONE', #3694, #2671 ) ;
#3457 = VERTEX_POINT ( 'NONE', #1625 ) ;
#3458 = LINE ( 'NONE', #452, #806 ) ;
#3459 = PLANE ( 'NONE',  #466 ) ;
#3460 = DIRECTION ( 'NONE',  ( -0.9658855493432024764, 0.000000000000000000, 0.2589693139543370881 ) ) ;
#3461 = CARTESIAN_POINT ( 'NONE',  ( -2.669999999999999929, 2.145999999999999908, 0.1590000000000000024 ) ) ;
#3462 = ORIENTED_EDGE ( 'NONE', *, *, #468, .T. ) ;
#3463 = EDGE_CURVE ( 'NONE', #1829, #2311, #1476, .T. ) ;
#3464 = FILL_AREA_STYLE ('',( #3449 ) ) ;
#3465 = MANIFOLD_SOLID_BREP ( 'Imported7', #54 ) ;
#3466 = CARTESIAN_POINT ( 'NONE',  ( 2.422999999999999599, -0.5546666666666666412, 0.2383749999999999758 ) ) ;
#3467 = ORIENTED_EDGE ( 'NONE', *, *, #2431, .T. ) ;
#3468 = ORIENTED_EDGE ( 'NONE', *, *, #326, .T. ) ;
#3469 = EDGE_CURVE ( 'NONE', #951, #1191, #1431, .T. ) ;
#3470 = CARTESIAN_POINT ( 'NONE',  ( 2.516593682343122307, -0.7153333333333334876, 0.1181580582861557344 ) ) ;
#3471 = CARTESIAN_POINT ( 'NONE',  ( -2.510887506327666774, -0.3939999999999999614, 0.1383925439670798951 ) ) ;
#3472 = ORIENTED_EDGE ( 'NONE', *, *, #421, .F. ) ;
#3473 = DIRECTION ( 'NONE',  ( 0.000000000000000000, 0.000000000000000000, 1.000000000000000000 ) ) ;
#3474 = PLANE ( 'NONE',  #2158 ) ;
#3475 = DIRECTION ( 'NONE',  ( 0.000000000000000000, -1.000000000000000000, 0.000000000000000000 ) ) ;
#3476 = ORIENTED_EDGE ( 'NONE', *, *, #3201, .F. ) ;
#3477 = EDGE_LOOP ( 'NONE', ( #2973, #778, #3853, #1709 ) ) ;
#3478 = ORIENTED_EDGE ( 'NONE', *, *, #3616, .T. ) ;
#3479 = VECTOR ( 'NONE', #2365, 1000.000000000000000 ) ;
#3480 = CARTESIAN_POINT ( 'NONE',  ( -2.669999999999999929, -2.145999999999999908, 0.1590000000000000024 ) ) ;
#3481 = AXIS2_PLACEMENT_3D ( 'NONE', #3628, #1177, #2386 ) ;
#3482 = SURFACE_STYLE_FILL_AREA ( #3464 ) ;
#3483 = AXIS2_PLACEMENT_3D ( 'NONE', #3698, #1045, #1026 ) ;
#3484 = CIRCLE ( 'NONE', #730, 0.09969499999999990869 ) ;
#3485 = ADVANCED_FACE ( 'NONE', ( #1992 ), #214, .T. ) ;
#3486 = B_SPLINE_CURVE_WITH_KNOTS ( 'NONE', 3,
 ( #3143, #1665, #1923, #454 ),
 .UNSPECIFIED., .F., .F.,
 ( 4, 4 ),
 ( 0.000000000000000000, 1.000000000000000000 ),
 .UNSPECIFIED. ) ;
#3487 = DIRECTION ( 'NONE',  ( -0.7931070766835159880, 0.000000000000000000, 0.6090822316522849222 ) ) ;
#3488 = ORIENTED_EDGE ( 'NONE', *, *, #486, .F. ) ;
#3489 = ORIENTED_EDGE ( 'NONE', *, *, #2825, .F. ) ;
#3490 = FILL_AREA_STYLE ('',( #1152 ) ) ;
#3491 = EDGE_CURVE ( 'NONE', #1086, #3237, #3268, .T. ) ;
#3492 = ADVANCED_FACE ( 'NONE', ( #1680 ), #2885, .T. ) ;
#3493 = LINE ( 'NONE', #3215, #628 ) ;
#3494 = CARTESIAN_POINT ( 'NONE',  ( 3.099000000000000199, 0.3939999999999999614, 0.000000000000000000 ) ) ;
#3495 = ORIENTED_EDGE ( 'NONE', *, *, #829, .F. ) ;
#3496 = FACE_OUTER_BOUND ( 'NONE', #2932, .T. ) ;
#3497 = CARTESIAN_POINT ( 'NONE',  ( -1.994000000000000217, -0.8760000000000000009, 0.3180000000000000049 ) ) ;
#3498 = DIRECTION ( 'NONE',  ( -0.7931070766835159880, 0.000000000000000000, 0.6090822316522849222 ) ) ;
#3499 = ORIENTED_EDGE ( 'NONE', *, *, #3753, .T. ) ;
#3500 = ORIENTED_EDGE ( 'NONE', *, *, #3417, .T. ) ;
#3501 = B_SPLINE_CURVE_WITH_KNOTS ( 'NONE', 3,
 ( #3199, #2392, #1409, #2631 ),
 .UNSPECIFIED., .F., .F.,
 ( 4, 4 ),
 ( 0.000000000000000000, 1.000000000000000000 ),
 .UNSPECIFIED. ) ;
#3502 = DIRECTION ( 'NONE',  ( 0.7931070766835159880, 0.000000000000000000, -0.6090822316522849222 ) ) ;
#3503 = AXIS2_PLACEMENT_3D ( 'NONE', #515, #1703, #895 ) ;
#3504 = DIRECTION ( 'NONE',  ( 0.000000000000000000, 0.000000000000000000, 1.000000000000000000 ) ) ;
#3505 = MECHANICAL_DESIGN_GEOMETRIC_PRESENTATION_REPRESENTATION (  '', ( #2495 ), #811 ) ;
#3506 = DIRECTION ( 'NONE',  ( 0.000000000000000000, -1.000000000000000000, 0.000000000000000000 ) ) ;
#3507 = VERTEX_POINT ( 'NONE', #197 ) ;
#3508 = ORIENTED_EDGE ( 'NONE', *, *, #3070, .F. ) ;
#3509 = B_SPLINE_CURVE_WITH_KNOTS ( 'NONE', 3,
 ( #2651, #3200, #2588, #242 ),
 .UNSPECIFIED., .F., .F.,
 ( 4, 4 ),
 ( 0.000000000000000000, 1.000000000000000000 ),
 .UNSPECIFIED. ) ;
#3510 = CARTESIAN_POINT ( 'NONE',  ( 1.994000000000000217, -0.8760000000000000009, 0.2380000000000000171 ) ) ;
#3511 = EDGE_CURVE ( 'NONE', #3073, #322, #406, .T. ) ;
#3512 = CARTESIAN_POINT ( 'NONE',  ( 2.669999999999999929, 1.663999999999999924, 0.07900000000000000078 ) ) ;
#3513 = CARTESIAN_POINT ( 'NONE',  ( 2.422999999999999599, -0.3939999999999999614, 0.3180000000000000049 ) ) ;
#3514 = VERTEX_POINT ( 'NONE', #1120 ) ;
#3515 = LINE ( 'NONE', #824, #3129 ) ;
#3516 = CYLINDRICAL_SURFACE ( 'NONE', #3726, 0.1587500000000000022 ) ;
#3517 = PLANE ( 'NONE',  #2978 ) ;
#3518 = CARTESIAN_POINT ( 'NONE',  ( 2.576000000000000068, -0.3939999999999999614, 0.2000000000000000111 ) ) ;
#3519 = VERTEX_POINT ( 'NONE', #3245 ) ;
#3520 = VERTEX_POINT ( 'NONE', #1386 ) ;
#3521 = EDGE_CURVE ( 'NONE', #213, #2015, #2647, .T. ) ;
#3522 = PLANE ( 'NONE',  #2875 ) ;
#3523 = DIRECTION ( 'NONE',  ( 0.000000000000000000, -1.000000000000000000, 0.000000000000000000 ) ) ;
#3524 = UNCERTAINTY_MEASURE_WITH_UNIT (LENGTH_MEASURE( 1.000000000000000082E-05 ), #2489, 'distance_accuracy_value', 'NONE');
#3525 = CIRCLE ( 'NONE', #3595, 0.1587499999999997802 ) ;
#3526 = FACE_OUTER_BOUND ( 'NONE', #2510, .T. ) ;
#3527 = ORIENTED_EDGE ( 'NONE', *, *, #1727, .T. ) ;
#3528 = ORIENTED_EDGE ( 'NONE', *, *, #929, .T. ) ;
#3529 = CARTESIAN_POINT ( 'NONE',  ( -2.422999999999999599, -0.3939999999999999614, 0.1590000000000000024 ) ) ;
#3530 = CARTESIAN_POINT ( 'NONE',  ( -2.576339779398220120, 0.5546666666666666412, 0.2000910519956014544 ) ) ;
#3531 = VERTEX_POINT ( 'NONE', #3532 ) ;
#3532 = CARTESIAN_POINT ( 'NONE',  ( 2.592999999999999972, 0.3939999999999999614, 0.1379999999999999838 ) ) ;
#3533 = EDGE_CURVE ( 'NONE', #1172, #150, #3515, .T. ) ;
#3534 = CARTESIAN_POINT ( 'NONE',  ( -2.669999999999999929, -0.3939999999999999614, 0.000000000000000000 ) ) ;
#3535 = CARTESIAN_POINT ( 'NONE',  ( -2.576000000000000068, 1.663999999999999924, 0.2000000000000000111 ) ) ;
#3536 = CARTESIAN_POINT ( 'NONE',  ( -2.422999999999999599, 2.145999999999999908, 0.1590000000000000024 ) ) ;
#3537 = ORIENTED_EDGE ( 'NONE', *, *, #2213, .T. ) ;
#3538 = VERTEX_POINT ( 'NONE', #2351 ) ;
#3539 = DIRECTION ( 'NONE',  ( 0.7931070766835159880, 0.000000000000000000, 0.6090822316522849222 ) ) ;
#3540 = VECTOR ( 'NONE', #937, 1000.000000000000000 ) ;
#3541 = EDGE_CURVE ( 'NONE', #3255, #3746, #3758, .T. ) ;
#3542 = ADVANCED_FACE ( 'NONE', ( #2629 ), #2009, .T. ) ;
#3543 = FACE_OUTER_BOUND ( 'NONE', #1464, .T. ) ;
#3544 = VECTOR ( 'NONE', #2878, 1000.000000000000000 ) ;
#3545 = EDGE_LOOP ( 'NONE', ( #2149, #1534, #2860, #993 ) ) ;
#3546 = VECTOR ( 'NONE', #2461, 1000.000000000000000 ) ;
#3547 = CARTESIAN_POINT ( 'NONE',  ( -2.669999999999999929, 1.663999999999999924, 0.1590000000000000024 ) ) ;
#3548 = AXIS2_PLACEMENT_3D ( 'NONE', #1403, #1094, #2294 ) ;
#3549 = ORIENTED_EDGE ( 'NONE', *, *, #1862, .T. ) ;
#3550 = EDGE_LOOP ( 'NONE', ( #2084, #1741, #717, #1594 ) ) ;
#3551 = CARTESIAN_POINT ( 'NONE',  ( -2.669999999999999929, -0.3939999999999999614, 0.1590000000000000024 ) ) ;
#3552 = B_SPLINE_CURVE_WITH_KNOTS ( 'NONE', 3,
 ( #1785, #2991, #11, #1201 ),
 .UNSPECIFIED., .F., .F.,
 ( 4, 4 ),
 ( 0.000000000000000000, 1.000000000000000000 ),
 .UNSPECIFIED. ) ;
#3553 = AXIS2_PLACEMENT_3D ( 'NONE', #1253, #2987, #298 ) ;
#3554 = DIRECTION ( 'NONE',  ( 0.000000000000000000, 0.000000000000000000, -1.000000000000000000 ) ) ;
#3555 = LINE ( 'NONE', #3867, #352 ) ;
#3556 = ORIENTED_EDGE ( 'NONE', *, *, #2800, .T. ) ;
#3557 = CARTESIAN_POINT ( 'NONE',  ( -2.669999999999999929, 0.3939999999999999614, 0.1590000000000000024 ) ) ;
#3558 = CLOSED_SHELL ( 'NONE', ( #3542, #3035, #3824, #3324, #1083, #2576, #72, #1168, #1305, #3610, #135, #1664, #68, #1591 ) ) ;
#3559 = DIRECTION ( 'NONE',  ( 0.7931070766835159880, 0.000000000000000000, -0.6090822316522849222 ) ) ;
#3560 = DIRECTION ( 'NONE',  ( -1.000000000000000000, 0.000000000000000000, 0.000000000000000000 ) ) ;
#3561 = CARTESIAN_POINT ( 'NONE',  ( 2.422999999999999599, 1.663999999999999924, 0.1590000000000000024 ) ) ;
#3562 = ORIENTED_EDGE ( 'NONE', *, *, #755, .F. ) ;
#3563 = ORIENTED_EDGE ( 'NONE', *, *, #3127, .T. ) ;
#3564 = PLANE ( 'NONE',  #1121 ) ;
#3565 = DIRECTION ( 'NONE',  ( 0.000000000000000000, -1.000000000000000000, 0.000000000000000000 ) ) ;
#3566 = EDGE_CURVE ( 'NONE', #1086, #13, #528, .T. ) ;
#3567 = ORIENTED_EDGE ( 'NONE', *, *, #2146, .T. ) ;
#3568 = PRODUCT_RELATED_PRODUCT_CATEGORY ( 'part', '', ( #2363 ) ) ;
#3569 = CIRCLE ( 'NONE', #3262, 0.07937499999999989009 ) ;
#3570 = DIRECTION ( 'NONE',  ( 0.000000000000000000, 1.000000000000000000, 0.000000000000000000 ) ) ;
#3571 = ORIENTED_EDGE ( 'NONE', *, *, #2380, .F. ) ;
#3572 = ORIENTED_EDGE ( 'NONE', *, *, #3469, .T. ) ;
#3573 = CARTESIAN_POINT ( 'NONE',  ( -3.099000000000000199, -0.8760000000000000009, 0.07900000000000000078 ) ) ;
#3574 = CARTESIAN_POINT ( 'NONE',  ( -3.099000000000000199, -0.3939999999999999614, 0.07900000000000000078 ) ) ;
#3575 = LINE ( 'NONE', #2626, #601 ) ;
#3576 = CARTESIAN_POINT ( 'NONE',  ( -2.422999999999999599, -1.663999999999999924, 0.2380000000000000171 ) ) ;
#3577 = EDGE_CURVE ( 'NONE', #2148, #1184, #2927, .T. ) ;
#3578 = CARTESIAN_POINT ( 'NONE',  ( 2.576000000000000068, 1.663999999999999924, 0.2000000000000000111 ) ) ;
#3579 = CARTESIAN_POINT ( 'NONE',  ( -2.592999999999999972, 1.663999999999999924, 0.1379999999999999838 ) ) ;
#3580 = PLANE ( 'NONE',  #1728 ) ;
#3581 = ORIENTED_EDGE ( 'NONE', *, *, #2679, .F. ) ;
#3582 = ORIENTED_EDGE ( 'NONE', *, *, #1280, .T. ) ;
#3583 = DIRECTION ( 'NONE',  ( 0.000000000000000000, -1.000000000000000000, 0.000000000000000000 ) ) ;
#3584 = CARTESIAN_POINT ( 'NONE',  ( 2.500000000000000000, 2.145999999999999908, 0.1789999999999999925 ) ) ;
#3585 = ORIENTED_EDGE ( 'NONE', *, *, #2128, .F. ) ;
#3586 = ADVANCED_FACE ( 'NONE', ( #1663 ), #2869, .T. ) ;
#3587 = CARTESIAN_POINT ( 'NONE',  ( 2.499825768919332170, -0.7153333333333334876, 0.1789547451738525141 ) ) ;
#3588 = ORIENTED_EDGE ( 'NONE', *, *, #2679, .T. ) ;
#3589 = ORIENTED_EDGE ( 'NONE', *, *, #2990, .F. ) ;
#3590 = CARTESIAN_POINT ( 'NONE',  ( 2.669999999999999929, 1.663999999999999924, 0.1590000000000000024 ) ) ;
#3591 = ADVANCED_FACE ( 'NONE', ( #787 ), #1976, .T. ) ;
#3592 = CARTESIAN_POINT ( 'NONE',  ( -2.592999999999999972, -2.145999999999999908, 0.1379999999999999838 ) ) ;
#3593 = FACE_OUTER_BOUND ( 'NONE', #494, .T. ) ;
#3594 = FACE_OUTER_BOUND ( 'NONE', #2441, .T. ) ;
#3595 = AXIS2_PLACEMENT_3D ( 'NONE', #3654, #2159, #3362 ) ;
#3596 = CARTESIAN_POINT ( 'NONE',  ( -2.422999999999999599, 0.8760000000000000009, 0.3180000000000000049 ) ) ;
#3597 = CARTESIAN_POINT ( 'NONE',  ( -2.581549486438380558, 1.663999999999999924, 0.1793019154460393227 ) ) ;
#3598 = CARTESIAN_POINT ( 'NONE',  ( 2.422999999999999599, 2.145999999999999908, 0.2380000000000000171 ) ) ;
#3599 = ORIENTED_EDGE ( 'NONE', *, *, #41, .T. ) ;
#3600 = EDGE_LOOP ( 'NONE', ( #866, #3163, #2972, #2336 ) ) ;
#3601 = DIRECTION ( 'NONE',  ( 0.000000000000000000, 1.000000000000000000, 0.000000000000000000 ) ) ;
#3602 = FACE_OUTER_BOUND ( 'NONE', #989, .T. ) ;
#3603 = VECTOR ( 'NONE', #1924, 1000.000000000000000 ) ;
#3604 = VERTEX_POINT ( 'NONE', #636 ) ;
#3605 = CARTESIAN_POINT ( 'NONE',  ( 2.422999999999999599, -0.8760000000000000009, 0.1590000000000000024 ) ) ;
#3606 = ORIENTED_EDGE ( 'NONE', *, *, #3660, .F. ) ;
#3607 = EDGE_LOOP ( 'NONE', ( #3773, #2107, #1504, #1635 ) ) ;
#3608 = VECTOR ( 'NONE', #613, 1000.000000000000000 ) ;
#3609 = CARTESIAN_POINT ( 'NONE',  ( 2.669999999999999929, -1.824666666666666437, 0.07962499999999998745 ) ) ;
#3610 = ADVANCED_FACE ( 'NONE', ( #1465 ), #1542, .T. ) ;
#3611 = VECTOR ( 'NONE', #3258, 1000.000000000000000 ) ;
#3612 = AXIS2_PLACEMENT_3D ( 'NONE', #1147, #897, #2680 ) ;
#3613 = CARTESIAN_POINT ( 'NONE',  ( -2.422999999999999599, -0.8760000000000000009, 0.3180000000000000049 ) ) ;
#3614 = CARTESIAN_POINT ( 'NONE',  ( 2.592999999999999972, -0.8760000000000000009, 0.1379999999999999838 ) ) ;
#3615 = EDGE_CURVE ( 'NONE', #1996, #1079, #315, .T. ) ;
#3616 = EDGE_CURVE ( 'NONE', #2362, #3846, #3868, .T. ) ;
#3617 = DIRECTION ( 'NONE',  ( -0.9658855493432024764, 0.000000000000000000, -0.2589693139543370881 ) ) ;
#3618 = EDGE_CURVE ( 'NONE', #1299, #3098, #2449, .T. ) ;
#3619 = DIRECTION ( 'NONE',  ( 0.000000000000000000, 0.000000000000000000, -1.000000000000000000 ) ) ;
#3620 = DIRECTION ( 'NONE',  ( -0.7931070766835159880, 0.000000000000000000, -0.6090822316522849222 ) ) ;
#3621 = EDGE_LOOP ( 'NONE', ( #2684, #3021, #1143, #3663 ) ) ;
#3622 = SURFACE_STYLE_FILL_AREA ( #1241 ) ;
#3623 = CARTESIAN_POINT ( 'NONE',  ( -2.422999999999999599, 2.145999999999999908, 0.3180000000000000049 ) ) ;
#3624 = VERTEX_POINT ( 'NONE', #3578 ) ;
#3625 = DIRECTION ( 'NONE',  ( -0.7931070766835159880, 0.000000000000000000, 0.6090822316522849222 ) ) ;
#3626 = ORIENTED_EDGE ( 'NONE', *, *, #2128, .T. ) ;
#3627 = ORIENTED_EDGE ( 'NONE', *, *, #2197, .F. ) ;
#3628 = CARTESIAN_POINT ( 'NONE',  ( 2.422999999999999599, -0.8760000000000000009, 0.1590000000000000024 ) ) ;
#3629 = CARTESIAN_POINT ( 'NONE',  ( -2.422999999999999599, 2.145999999999999908, 0.2380000000000000171 ) ) ;
#3630 = AXIS2_PLACEMENT_3D ( 'NONE', #752, #1276, #3106 ) ;
#3631 = DIRECTION ( 'NONE',  ( 0.000000000000000000, -1.000000000000000000, 0.000000000000000000 ) ) ;
#3632 = LINE ( 'NONE', #964, #1782 ) ;
#3633 = CARTESIAN_POINT ( 'NONE',  ( -2.422999999999999599, 0.8760000000000000009, 0.2380000000000000171 ) ) ;
#3634 = AXIS2_PLACEMENT_3D ( 'NONE', #3218, #2567, #2060 ) ;
#3635 = EDGE_CURVE ( 'NONE', #3604, #2046, #908, .T. ) ;
#3636 = CARTESIAN_POINT ( 'NONE',  ( 2.593421871689254754, -0.5546666666666666412, 0.1381150559152513890 ) ) ;
#3637 = LINE ( 'NONE', #1806, #2110 ) ;
#3638 = EDGE_CURVE ( 'NONE', #639, #3538, #397, .T. ) ;
#3639 = ORIENTED_EDGE ( 'NONE', *, *, #3680, .F. ) ;
#3640 =( NAMED_UNIT ( * ) PLANE_ANGLE_UNIT ( ) SI_UNIT ( $, .RADIAN. ) );
#3641 = PLANE ( 'NONE',  #2725 ) ;
#3642 = EDGE_CURVE ( 'NONE', #2403, #2329, #1803, .T. ) ;
#3643 = ORIENTED_EDGE ( 'NONE', *, *, #1633, .T. ) ;
#3644 = CARTESIAN_POINT ( 'NONE',  ( -2.592999999999999972, -0.3939999999999999614, 0.1379999999999999838 ) ) ;
#3645 = ORIENTED_EDGE ( 'NONE', *, *, #1194, .T. ) ;
#3646 = VERTEX_POINT ( 'NONE', #3633 ) ;
#3647 = CARTESIAN_POINT ( 'NONE',  ( 2.422999999999999599, -0.5546666666666666412, 0.3177499999999999769 ) ) ;
#3648 = CARTESIAN_POINT ( 'NONE',  ( 3.099000000000000199, -0.3939999999999999614, 0.07900000000000000078 ) ) ;
#3649 = B_SPLINE_CURVE_WITH_KNOTS ( 'NONE', 3,
 ( #1155, #3845, #3471, #1761 ),
 .UNSPECIFIED., .F., .F.,
 ( 4, 4 ),
 ( 0.000000000000000000, 1.000000000000000000 ),
 .UNSPECIFIED. ) ;
#3650 = CARTESIAN_POINT ( 'NONE',  ( 2.592999999999999972, -1.663999999999999924, 0.1379999999999999838 ) ) ;
#3651 = CARTESIAN_POINT ( 'NONE',  ( 2.669999999999999929, -2.145999999999999908, 0.000000000000000000 ) ) ;
#3652 = CARTESIAN_POINT ( 'NONE',  ( 2.510887506327666774, 0.3939999999999999614, 0.1383925439670798951 ) ) ;
#3653 = VECTOR ( 'NONE', #279, 1000.000000000000000 ) ;
#3654 = CARTESIAN_POINT ( 'NONE',  ( -2.422999999999999599, -2.145999999999999908, 0.1590000000000000024 ) ) ;
#3655 = PLANE ( 'NONE',  #1791 ) ;
#3656 = ORIENTED_EDGE ( 'NONE', *, *, #2526, .F. ) ;
#3657 = ADVANCED_FACE ( 'NONE', ( #2081 ), #337, .T. ) ;
#3658 = CARTESIAN_POINT ( 'NONE',  ( 1.994000000000000217, -2.145999999999999908, 0.2380000000000000171 ) ) ;
#3659 = ORIENTED_EDGE ( 'NONE', *, *, #1491, .F. ) ;
#3660 = EDGE_CURVE ( 'NONE', #1497, #3531, #3024, .T. ) ;
#3661 = CARTESIAN_POINT ( 'NONE',  ( -2.669999999999999929, -0.3939999999999999614, 0.1590000000000000024 ) ) ;
#3662 = CARTESIAN_POINT ( 'NONE',  ( 2.592999999999999972, 2.145999999999999908, 0.1379999999999999838 ) ) ;
#3663 = ORIENTED_EDGE ( 'NONE', *, *, #3778, .F. ) ;
#3664 = PLANE ( 'NONE',  #1652 ) ;
#3665 = AXIS2_PLACEMENT_3D ( 'NONE', #2041, #3219, #826 ) ;
#3666 = CIRCLE ( 'NONE', #2794, 0.07937499999999989009 ) ;
#3667 = CARTESIAN_POINT ( 'NONE',  ( 1.994000000000000217, -0.8760000000000000009, 0.2380000000000000171 ) ) ;
#3668 = ORIENTED_EDGE ( 'NONE', *, *, #2527, .T. ) ;
#3669 = CARTESIAN_POINT ( 'NONE',  ( -1.994000000000000217, 0.8760000000000000009, 0.2380000000000000171 ) ) ;
#3670 = VECTOR ( 'NONE', #2483, 1000.000000000000000 ) ;
#3671 = AXIS2_PLACEMENT_3D ( 'NONE', #1877, #386, #168 ) ;
#3672 = DIRECTION ( 'NONE',  ( -0.9658855493432024764, 0.000000000000000000, -0.2589693139543370881 ) ) ;
#3673 = DIRECTION ( 'NONE',  ( -1.000000000000000000, 0.000000000000000000, 0.000000000000000000 ) ) ;
#3674 = CIRCLE ( 'NONE', #2988, 0.07937499999999990397 ) ;
#3675 = CARTESIAN_POINT ( 'NONE',  ( 2.500000000000000000, -0.3939999999999999614, 0.1789999999999999925 ) ) ;
#3676 = ORIENTED_EDGE ( 'NONE', *, *, #1882, .F. ) ;
#3677 = CARTESIAN_POINT ( 'NONE',  ( 2.422999999999999599, -1.985333333333333394, 0.3177499999999999769 ) ) ;
#3678 = LINE ( 'NONE', #1529, #1779 ) ;
#3679 = ORIENTED_EDGE ( 'NONE', *, *, #3417, .F. ) ;
#3680 = EDGE_CURVE ( 'NONE', #221, #2251, #1308, .T. ) ;
#3681 = DIRECTION ( 'NONE',  ( 0.000000000000000000, 0.000000000000000000, -1.000000000000000000 ) ) ;
#3682 = ORIENTED_EDGE ( 'NONE', *, *, #3347, .T. ) ;
#3683 = ORIENTED_EDGE ( 'NONE', *, *, #1211, .T. ) ;
#3684 = DIRECTION ( 'NONE',  ( 1.000000000000000000, 0.000000000000000000, 0.000000000000000000 ) ) ;
#3685 = EDGE_CURVE ( 'NONE', #1686, #3531, #1556, .T. ) ;
#3686 = CARTESIAN_POINT ( 'NONE',  ( 2.422999999999999599, 2.145999999999999908, 0.2380000000000000171 ) ) ;
#3687 = ORIENTED_EDGE ( 'NONE', *, *, #2283, .F. ) ;
#3689 = EDGE_CURVE ( 'NONE', #1788, #1363, #2933, .T. ) ;
#3688 = CARTESIAN_POINT ( 'NONE',  ( -3.099000000000000199, -0.3939999999999999614, 0.07900000000000000078 ) ) ;
#3690 = EDGE_CURVE ( 'NONE', #3775, #586, #1250, .T. ) ;
#3691 = CARTESIAN_POINT ( 'NONE',  ( -3.099000000000000199, -1.663999999999999924, 0.000000000000000000 ) ) ;
#3692 = AXIS2_PLACEMENT_3D ( 'NONE', #1693, #2372, #2902 ) ;
#3693 = CARTESIAN_POINT ( 'NONE',  ( 2.592999999999999972, -0.8760000000000000009, 0.1379999999999999838 ) ) ;
#3694 = CARTESIAN_POINT ( 'NONE',  ( -1.994000000000000217, -1.663999999999999924, 0.3180000000000000049 ) ) ;
#3695 = ORIENTED_EDGE ( 'NONE', *, *, #1590, .F. ) ;
#3696 = AXIS2_PLACEMENT_3D ( 'NONE', #357, #965, #28 ) ;
#3697 = CARTESIAN_POINT ( 'NONE',  ( 2.422999999999999599, -2.145999999999999908, 0.3180000000000000049 ) ) ;
#3698 = CARTESIAN_POINT ( 'NONE',  ( -2.422999999999999599, -0.3939999999999999614, 0.1590000000000000024 ) ) ;
#3699 = DIRECTION ( 'NONE',  ( 1.000000000000000000, 0.000000000000000000, 0.000000000000000000 ) ) ;
#3700 = B_SPLINE_CURVE_WITH_KNOTS ( 'NONE', 3,
 ( #2570, #2907, #2376, #3872 ),
 .UNSPECIFIED., .F., .F.,
 ( 4, 4 ),
 ( 0.000000000000000000, 1.000000000000000000 ),
 .UNSPECIFIED. ) ;
#3701 = ORIENTED_EDGE ( 'NONE', *, *, #1598, .T. ) ;
#3702 = CARTESIAN_POINT ( 'NONE',  ( -2.592999999999999972, -0.8760000000000000009, 0.1379999999999999838 ) ) ;
#3703 = EDGE_LOOP ( 'NONE', ( #39, #3276, #1087, #1392 ) ) ;
#3704 = VERTEX_POINT ( 'NONE', #2156 ) ;
#3705 = DIRECTION ( 'NONE',  ( 0.000000000000000000, 0.000000000000000000, 1.000000000000000000 ) ) ;
#3706 = ADVANCED_FACE ( 'NONE', ( #2391 ), #575, .T. ) ;
#3707 = CARTESIAN_POINT ( 'NONE',  ( -2.422999999999999599, -0.5546666666666666412, 0.2383749999999999758 ) ) ;
#3708 = ORIENTED_EDGE ( 'NONE', *, *, #903, .F. ) ;
#3709 = DIRECTION ( 'NONE',  ( 0.7931070766835159880, 0.000000000000000000, 0.6090822316522849222 ) ) ;
#3710 = EDGE_CURVE ( 'NONE', #3852, #1053, #1097, .T. ) ;
#3711 = DIRECTION ( 'NONE',  ( 0.7931070766835159880, 0.000000000000000000, -0.6090822316522849222 ) ) ;
#3712 = EDGE_CURVE ( 'NONE', #3255, #2272, #1847, .T. ) ;
#3713 = CARTESIAN_POINT ( 'NONE',  ( -1.994000000000000217, 0.8760000000000000009, 0.2380000000000000171 ) ) ;
#3714 = CARTESIAN_POINT ( 'NONE',  ( 2.592999999999999972, -1.663999999999999924, 0.1379999999999999838 ) ) ;
#3715 = ORIENTED_EDGE ( 'NONE', *, *, #3690, .F. ) ;
#3716 = LINE ( 'NONE', #987, #246 ) ;
#3717 = DIRECTION ( 'NONE',  ( 1.000000000000000000, 0.000000000000000000, 0.000000000000000000 ) ) ;
#3718 = CARTESIAN_POINT ( 'NONE',  ( -2.576000000000000068, -0.8760000000000000009, 0.2000000000000000111 ) ) ;
#3719 = VERTEX_POINT ( 'NONE', #2102 ) ;
#3720 = CARTESIAN_POINT ( 'NONE',  ( -1.994000000000000217, -0.3939999999999999614, 0.2380000000000000171 ) ) ;
#3721 = CARTESIAN_POINT ( 'NONE',  ( -1.994000000000000217, -2.145999999999999908, 0.3180000000000000049 ) ) ;
#3722 = ORIENTED_EDGE ( 'NONE', *, *, #1234, .F. ) ;
#3723 = EDGE_CURVE ( 'NONE', #1390, #1172, #1898, .T. ) ;
#3724 =( NAMED_UNIT ( * ) SI_UNIT ( $, .STERADIAN. ) SOLID_ANGLE_UNIT ( ) );
#3725 = VECTOR ( 'NONE', #2258, 1000.000000000000000 ) ;
#3726 = AXIS2_PLACEMENT_3D ( 'NONE', #554, #1448, #2929 ) ;
#3727 = CARTESIAN_POINT ( 'NONE',  ( -3.099000000000000199, 0.3939999999999999614, 0.000000000000000000 ) ) ;
#3728 = EDGE_CURVE ( 'NONE', #1511, #2777, #3402, .T. ) ;
#3729 = CARTESIAN_POINT ( 'NONE',  ( 2.516000000000000014, 0.3939999999999999614, 0.1179999999999999938 ) ) ;
#3730 = CARTESIAN_POINT ( 'NONE',  ( -1.994000000000000217, -1.663999999999999924, 0.2380000000000000171 ) ) ;
#3731 = ORIENTED_EDGE ( 'NONE', *, *, #133, .T. ) ;
#3732 = VECTOR ( 'NONE', #652, 1000.000000000000000 ) ;
#3733 = EDGE_CURVE ( 'NONE', #13, #3255, #3119, .T. ) ;
#3734 = CARTESIAN_POINT ( 'NONE',  ( 2.422999999999999599, 0.8760000000000000009, 0.1590000000000000024 ) ) ;
#3735 = MECHANICAL_DESIGN_GEOMETRIC_PRESENTATION_REPRESENTATION (  '', ( #40 ), #2411 ) ;
#3736 = CIRCLE ( 'NONE', #293, 0.07937499999999989009 ) ;
#3737 = DIRECTION ( 'NONE',  ( -1.000000000000000000, 0.000000000000000000, 0.000000000000000000 ) ) ;
#3738 = LINE ( 'NONE', #1061, #3725 ) ;
#3739 = ORIENTED_EDGE ( 'NONE', *, *, #3131, .T. ) ;
#3740 = STYLED_ITEM ( 'NONE', ( #2620 ), #882 ) ;
#3741 = CARTESIAN_POINT ( 'NONE',  ( -2.669999999999999929, 2.145999999999999908, 0.000000000000000000 ) ) ;
#3742 = CARTESIAN_POINT ( 'NONE',  ( 1.994000000000000217, 0.8760000000000000009, 0.3180000000000000049 ) ) ;
#3743 = CLOSED_SHELL ( 'NONE', ( #2622, #995, #857, #2018, #1282, #2625, #541, #447, #1255, #1089, #1173, #2291, #3149, #3586 ) ) ;
#3744 = CYLINDRICAL_SURFACE ( 'NONE', #1283, 0.1587500000000000022 ) ;
#3745 = ORIENTED_EDGE ( 'NONE', *, *, #877, .T. ) ;
#3746 = VERTEX_POINT ( 'NONE', #1328 ) ;
#3747 = FILL_AREA_STYLE_COLOUR ( '', #1524 ) ;
#3748 = CARTESIAN_POINT ( 'NONE',  ( 2.669999999999999929, -0.3939999999999999614, 0.07900000000000000078 ) ) ;
#3749 = CARTESIAN_POINT ( 'NONE',  ( -2.422999999999999599, 0.8760000000000000009, 0.1590000000000000024 ) ) ;
#3750 = CARTESIAN_POINT ( 'NONE',  ( 2.422999999999999599, 0.3939999999999999614, 0.1590000000000000024 ) ) ;
#3751 = ORIENTED_EDGE ( 'NONE', *, *, #1616, .T. ) ;
#3752 = SURFACE_STYLE_FILL_AREA ( #1355 ) ;
#3753 = EDGE_CURVE ( 'NONE', #2416, #1684, #2212, .T. ) ;
#3754 = FACE_OUTER_BOUND ( 'NONE', #1915, .T. ) ;
#3755 = CARTESIAN_POINT ( 'NONE',  ( 3.099000000000000199, 0.8760000000000000009, 0.07900000000000000078 ) ) ;
#3756 = AXIS2_PLACEMENT_3D ( 'NONE', #504, #3213, #1951 ) ;
#3757 = VERTEX_POINT ( 'NONE', #3691 ) ;
#3758 = CIRCLE ( 'NONE', #371, 0.1587499999999997802 ) ;
#3759 = EDGE_CURVE ( 'NONE', #537, #3162, #2249, .T. ) ;
#3760 = DIRECTION ( 'NONE',  ( 0.000000000000000000, -1.000000000000000000, 0.000000000000000000 ) ) ;
#3761 = CARTESIAN_POINT ( 'NONE',  ( -2.422999999999999599, 0.3939999999999999614, 0.1590000000000000024 ) ) ;
#3762 = DIRECTION ( 'NONE',  ( 0.000000000000000000, 0.000000000000000000, 1.000000000000000000 ) ) ;
#3763 = ORIENTED_EDGE ( 'NONE', *, *, #3759, .F. ) ;
#3764 = ORIENTED_EDGE ( 'NONE', *, *, #1275, .F. ) ;
#3765 = SURFACE_SIDE_STYLE ('',( #3210 ) ) ;
#3766 = CARTESIAN_POINT ( 'NONE',  ( 2.516000000000000014, -0.3939999999999999614, 0.1179999999999999938 ) ) ;
#3767 = CARTESIAN_POINT ( 'NONE',  ( -2.510887506327666774, -1.663999999999999924, 0.1383925439670798951 ) ) ;
#3768 = ORIENTED_EDGE ( 'NONE', *, *, #2285, .T. ) ;
#3769 = DIRECTION ( 'NONE',  ( 1.000000000000000000, 0.000000000000000000, 0.000000000000000000 ) ) ;
#3770 = LINE ( 'NONE', #2814, #2658 ) ;
#3771 = CARTESIAN_POINT ( 'NONE',  ( 3.099000000000000199, 0.8760000000000000009, 0.000000000000000000 ) ) ;
#3772 = ORIENTED_EDGE ( 'NONE', *, *, #2779, .T. ) ;
#3773 = ORIENTED_EDGE ( 'NONE', *, *, #2264, .T. ) ;
#3774 = EDGE_CURVE ( 'NONE', #3111, #3152, #998, .T. ) ;
#3775 = VERTEX_POINT ( 'NONE', #2773 ) ;
#3776 = CARTESIAN_POINT ( 'NONE',  ( 2.422999999999999599, 1.824666666666666437, 0.3177499999999999769 ) ) ;
#3777 = ADVANCED_FACE ( 'NONE', ( #726 ), #2520, .T. ) ;
#3778 = EDGE_CURVE ( 'NONE', #219, #521, #2196, .T. ) ;
#3779 = B_SPLINE_CURVE_WITH_KNOTS ( 'NONE', 3,
 ( #3371, #1263, #1830, #90 ),
 .UNSPECIFIED., .F., .F.,
 ( 4, 4 ),
 ( 0.000000000000000000, 1.000000000000000000 ),
 .UNSPECIFIED. ) ;
#3780 = CARTESIAN_POINT ( 'NONE',  ( 2.422999999999999599, -0.8760000000000000009, 0.2380000000000000171 ) ) ;
#3781 = ORIENTED_EDGE ( 'NONE', *, *, #2502, .F. ) ;
#3782 = VERTEX_POINT ( 'NONE', #448 ) ;
#3783 = DIRECTION ( 'NONE',  ( 0.000000000000000000, 0.000000000000000000, -1.000000000000000000 ) ) ;
#3784 =( NAMED_UNIT ( * ) SI_UNIT ( $, .STERADIAN. ) SOLID_ANGLE_UNIT ( ) );
#3785 = B_SPLINE_CURVE_WITH_KNOTS ( 'NONE', 3,
 ( #1233, #616, #2689, #2753 ),
 .UNSPECIFIED., .F., .F.,
 ( 4, 4 ),
 ( 0.000000000000000000, 1.000000000000000000 ),
 .UNSPECIFIED. ) ;
#3786 = CARTESIAN_POINT ( 'NONE',  ( -1.278000000000000025, 1.905000000000000027, 1.755000000000000115 ) ) ;
#3787 = VECTOR ( 'NONE', #3475, 1000.000000000000000 ) ;
#3788 = PLANE ( 'NONE',  #3548 ) ;
#3789 = VERTEX_POINT ( 'NONE', #2826 ) ;
#3790 = CARTESIAN_POINT ( 'NONE',  ( -3.099000000000000199, 2.145999999999999908, 0.000000000000000000 ) ) ;
#3791 = AXIS2_PLACEMENT_3D ( 'NONE', #1357, #2553, #1957 ) ;
#3792 = LINE ( 'NONE', #1100, #1589 ) ;
#3793 = FACE_OUTER_BOUND ( 'NONE', #1794, .T. ) ;
#3794 = CARTESIAN_POINT ( 'NONE',  ( 2.576339779398220120, -0.5546666666666666412, 0.2000910519956014544 ) ) ;
#3795 = ORIENTED_EDGE ( 'NONE', *, *, #1972, .F. ) ;
#3796 = EDGE_LOOP ( 'NONE', ( #3764, #1796, #3351, #1574 ) ) ;
#3797 = AXIS2_PLACEMENT_3D ( 'NONE', #3813, #2315, #2648 ) ;
#3798 = CYLINDRICAL_SURFACE ( 'NONE', #3503, 0.07937499999999998723 ) ;
#3799 = STYLED_ITEM ( 'NONE', ( #2685 ), #896 ) ;
#3800 = DIRECTION ( 'NONE',  ( 0.000000000000000000, 0.000000000000000000, -1.000000000000000000 ) ) ;
#3801 = EDGE_CURVE ( 'NONE', #2319, #2817, #3100, .T. ) ;
#3802 = CARTESIAN_POINT ( 'NONE',  ( -1.994000000000000217, 2.145999999999999908, 0.2380000000000000171 ) ) ;
#3803 = ADVANCED_FACE ( 'NONE', ( #1270 ), #1602, .T. ) ;
#3804 = VERTEX_POINT ( 'NONE', #2507 ) ;
#3805 = ORIENTED_EDGE ( 'NONE', *, *, #1884, .T. ) ;
#3806 = CARTESIAN_POINT ( 'NONE',  ( 3.099000000000000199, -0.8760000000000000009, 0.07900000000000000078 ) ) ;
#3807 = SURFACE_STYLE_FILL_AREA ( #2603 ) ;
#3808 = EDGE_CURVE ( 'NONE', #327, #2793, #1618, .T. ) ;
#3809 = FACE_OUTER_BOUND ( 'NONE', #1013, .T. ) ;
#3810 = PLANE ( 'NONE',  #1350 ) ;
#3811 = ORIENTED_EDGE ( 'NONE', *, *, #1922, .F. ) ;
#3812 = DIRECTION ( 'NONE',  ( 0.000000000000000000, 1.000000000000000000, 0.000000000000000000 ) ) ;
#3813 = CARTESIAN_POINT ( 'NONE',  ( -1.278000000000000025, 1.905000000000000027, 1.755000000000000115 ) ) ;
#3814 = CARTESIAN_POINT ( 'NONE',  ( -1.994000000000000217, -0.3939999999999999614, 0.2380000000000000171 ) ) ;
#3815 = FACE_OUTER_BOUND ( 'NONE', #566, .T. ) ;
#3816 = ORIENTED_EDGE ( 'NONE', *, *, #1194, .F. ) ;
#3817 = ORIENTED_EDGE ( 'NONE', *, *, #424, .F. ) ;
#3818 = CARTESIAN_POINT ( 'NONE',  ( -2.422999999999999599, -0.8760000000000000009, 0.3180000000000000049 ) ) ;
#3819 = CARTESIAN_POINT ( 'NONE',  ( -1.994000000000000217, -0.3939999999999999614, 0.2380000000000000171 ) ) ;
#3820 = VECTOR ( 'NONE', #1138, 1000.000000000000000 ) ;
#3821 = CARTESIAN_POINT ( 'NONE',  ( -2.516000000000000014, -2.145999999999999908, 0.1179999999999999938 ) ) ;
#3822 = ORIENTED_EDGE ( 'NONE', *, *, #1236, .T. ) ;
#3823 = ORIENTED_EDGE ( 'NONE', *, *, #2213, .F. ) ;
#3824 = ADVANCED_FACE ( 'NONE', ( #1866 ), #3437, .T. ) ;
#3825 = DIRECTION ( 'NONE',  ( 0.000000000000000000, 0.000000000000000000, 1.000000000000000000 ) ) ;
#3826 = DIRECTION ( 'NONE',  ( -0.2589693139543370881, 0.000000000000000000, 0.9658855493432024764 ) ) ;
#3827 = CARTESIAN_POINT ( 'NONE',  ( 3.099000000000000199, -0.3939999999999999614, 0.000000000000000000 ) ) ;
#3828 = ORIENTED_EDGE ( 'NONE', *, *, #1025, .T. ) ;
#3829 = EDGE_CURVE ( 'NONE', #3309, #3000, #1934, .T. ) ;
#3830 = EDGE_CURVE ( 'NONE', #3457, #3420, #3138, .T. ) ;
#3831 = CARTESIAN_POINT ( 'NONE',  ( 2.576000000000000068, -0.8760000000000000009, 0.2000000000000000111 ) ) ;
#3832 = CARTESIAN_POINT ( 'NONE',  ( -2.422999999999999599, -0.8760000000000000009, 0.1590000000000000024 ) ) ;
#3833 = CARTESIAN_POINT ( 'NONE',  ( 2.592999999999999972, -0.8760000000000000009, 0.1379999999999999838 ) ) ;
#3834 = VERTEX_POINT ( 'NONE', #2544 ) ;
#3835 = ORIENTED_EDGE ( 'NONE', *, *, #1685, .F. ) ;
#3836 = CARTESIAN_POINT ( 'NONE',  ( -2.669999999999999929, 0.3939999999999999614, 0.000000000000000000 ) ) ;
#3837 = CARTESIAN_POINT ( 'NONE',  ( -2.669999999999999929, 2.145999999999999908, 0.07900000000000000078 ) ) ;
#3838 = ORIENTED_EDGE ( 'NONE', *, *, #929, .F. ) ;
#3839 = CIRCLE ( 'NONE', #27, 0.07937499999999990397 ) ;
#3840 = CARTESIAN_POINT ( 'NONE',  ( -2.669999999999999929, -0.8760000000000000009, 0.07900000000000000078 ) ) ;
#3841 = EDGE_LOOP ( 'NONE', ( #1672, #231, #2897, #2295 ) ) ;
#3842 = ORIENTED_EDGE ( 'NONE', *, *, #1275, .T. ) ;
#3843 = ADVANCED_FACE ( 'NONE', ( #3361 ), #676, .T. ) ;
#3844 = DIRECTION ( 'NONE',  ( 0.000000000000000000, 0.000000000000000000, -1.000000000000000000 ) ) ;
#3845 = CARTESIAN_POINT ( 'NONE',  ( -2.505443753163833165, -0.3939999999999999614, 0.1586962719835399438 ) ) ;
#3846 = VERTEX_POINT ( 'NONE', #2178 ) ;
#3847 = DIRECTION ( 'NONE',  ( 0.000000000000000000, 0.000000000000000000, 1.000000000000000000 ) ) ;
#3848 = ADVANCED_FACE ( 'NONE', ( #692 ), #2923, .F. ) ;
#3849 = LINE ( 'NONE', #2950, #2726 ) ;
#3850 = CARTESIAN_POINT ( 'NONE',  ( -1.377694999999999892, 1.905000000000000027, 1.755000000000000115 ) ) ;
#3851 = DIRECTION ( 'NONE',  ( 0.000000000000000000, 0.000000000000000000, 1.000000000000000000 ) ) ;
#3852 = VERTEX_POINT ( 'NONE', #2881 ) ;
#3853 = ORIENTED_EDGE ( 'NONE', *, *, #3231, .F. ) ;
#3854 = LINE ( 'NONE', #1769, #1872 ) ;
#3855 = CIRCLE ( 'NONE', #3421, 0.09969499999999990869 ) ;
#3856 = CARTESIAN_POINT ( 'NONE',  ( -1.994000000000000217, 2.501999999999999780, 0.000000000000000000 ) ) ;
#3857 = EDGE_LOOP ( 'NONE', ( #1063, #3194, #2799, #1206 ) ) ;
#3858 = VECTOR ( 'NONE', #2207, 1000.000000000000000 ) ;
#3859 = COLOUR_RGB ( '',0.7215686274509803821, 0.7215686274509803821, 0.7215686274509803821 ) ;
#3860 = CYLINDRICAL_SURFACE ( 'NONE', #664, 0.07937500000000000111 ) ;
#3861 = VECTOR ( 'NONE', #2255, 1000.000000000000000 ) ;
#3862 = VERTEX_POINT ( 'NONE', #2901 ) ;
#3863 = ORIENTED_EDGE ( 'NONE', *, *, #3257, .T. ) ;
#3864 = LINE ( 'NONE', #3299, #3608 ) ;
#3865 = DIRECTION ( 'NONE',  ( 0.000000000000000000, 0.000000000000000000, -1.000000000000000000 ) ) ;
#3866 = FACE_OUTER_BOUND ( 'NONE', #3145, .T. ) ;
#3867 = CARTESIAN_POINT ( 'NONE',  ( -1.994000000000000217, 0.3939999999999999614, 0.2380000000000000171 ) ) ;
#3868 = LINE ( 'NONE', #947, #6 ) ;
#3869 = B_SPLINE_CURVE_WITH_KNOTS ( 'NONE', 3,
 ( #1334, #2847, #2550, #125 ),
 .UNSPECIFIED., .F., .F.,
 ( 4, 4 ),
 ( 0.000000000000000000, 1.000000000000000000 ),
 .UNSPECIFIED. ) ;
#3870 = APPLICATION_CONTEXT ( 'automotive_design' ) ;
#3871 = DIRECTION ( 'NONE',  ( 0.000000000000000000, 1.000000000000000000, 0.000000000000000000 ) ) ;
#3872 = CARTESIAN_POINT ( 'NONE',  ( -2.592999999999999972, 2.145999999999999908, 0.1379999999999999838 ) ) ;
#3873 = EDGE_LOOP ( 'NONE', ( #2325, #2400, #3835, #1175 ) ) ;
#3874 = ORIENTED_EDGE ( 'NONE', *, *, #1107, .F. ) ;
#3875 = ADVANCED_FACE ( 'NONE', ( #2581 ), #1090, .T. ) ;
#3876 = CARTESIAN_POINT ( 'NONE',  ( 2.669999999999999929, 0.3939999999999999614, 0.07900000000000000078 ) ) ;
#3877 = UNCERTAINTY_MEASURE_WITH_UNIT (LENGTH_MEASURE( 1.000000000000000082E-05 ), #173, 'distance_accuracy_value', 'NONE');
#3878 = B_SPLINE_CURVE_WITH_KNOTS ( 'NONE', 3,
 ( #2486, #3636, #1565, #3693 ),
 .UNSPECIFIED., .F., .F.,
 ( 4, 4 ),
 ( 0.000000000000000000, 1.000000000000000000 ),
 .UNSPECIFIED. ) ;
#3879 = ORIENTED_EDGE ( 'NONE', *, *, #2387, .T. ) ;
#3880 = EDGE_CURVE ( 'NONE', #3804, #1451, #484, .T. ) ;
#3881 = CIRCLE ( 'NONE', #369, 0.07937499999999990397 ) ;
ENDSEC;
END-ISO-10303-21;
